credit_id,created_month,date_dpd_31,risk_score,risk_rank_pct,risk_segment
2069593,202606,2026-06-15,0.5944242,0.00011816140848398913,Top 10% - High Risk
2603520,202606,2026-06-15,0.53285295,0.00023632281696797826,Top 10% - High Risk
2063776,202606,2026-06-15,0.5322968,0.0003544842254519674,Top 10% - High Risk
2035267,202606,2026-06-15,0.5308331,0.0004726456339359565,Top 10% - High Risk
2113290,202606,2026-06-15,0.5292337,0.0005908070424199456,Top 10% - High Risk
2212208,202606,2026-06-15,0.5287933,0.0007089684509039348,Top 10% - High Risk
2151454,202606,2026-06-15,0.52740747,0.0008271298593879239,Top 10% - High Risk
2057841,202606,2026-06-15,0.5258258,0.0010634526763559022,Top 10% - High Risk
2274332,202606,2026-06-15,0.5258258,0.000945291267871913,Top 10% - High Risk
2252795,202606,2026-06-15,0.5258258,0.0012997754933238804,Top 10% - High Risk
2030852,202606,2026-06-15,0.5258258,0.0011816140848398913,Top 10% - High Risk
2041406,202606,2026-06-15,0.5253851,0.0016542597187758478,Top 10% - High Risk
2152024,202606,2026-06-15,0.5253851,0.001772421127259837,Top 10% - High Risk
2074639,202606,2026-06-15,0.5253851,0.0014179369018078695,Top 10% - High Risk
2366066,202606,2026-06-15,0.5253851,0.0015360983102918587,Top 10% - High Risk
2169666,202606,2026-06-15,0.5238921,0.0021269053527118043,Top 10% - High Risk
2031754,202606,2026-06-15,0.5238921,0.002008743944227815,Top 10% - High Risk
2240003,202606,2026-06-15,0.5238921,0.001890582535743826,Top 10% - High Risk
2112089,202606,2026-06-15,0.52280116,0.0023632281696797826,Top 10% - High Risk
2165361,202606,2026-06-15,0.52280116,0.0022450667611957935,Top 10% - High Risk
2057323,202606,2026-06-15,0.5212212,0.002599550986647761,Top 10% - High Risk
2098149,202606,2026-06-15,0.5212212,0.0024813895781637717,Top 10% - High Risk
2161923,202606,2026-06-15,0.5209827,0.00271771239513175,Top 10% - High Risk
2098777,202606,2026-06-15,0.51980543,0.002835873803615739,Top 10% - High Risk
2283195,202606,2026-06-15,0.5146379,0.0029540352120997282,Top 10% - High Risk
2149569,202606,2026-06-15,0.513487,0.0030721966205837174,Top 10% - High Risk
2304275,202606,2026-06-15,0.51270086,0.0031903580290677065,Top 10% - High Risk
2224307,202606,2026-06-15,0.51060444,0.0033085194375516956,Top 10% - High Risk
2058975,202606,2026-06-15,0.5101628,0.003544842254519674,Top 10% - High Risk
2173530,202606,2026-06-15,0.5101628,0.0034266808460356847,Top 10% - High Risk
2229355,202606,2026-06-15,0.509922,0.003781165071487652,Top 10% - High Risk
2015678,202606,2026-06-15,0.509922,0.003663003663003663,Top 10% - High Risk
2071384,202606,2026-06-15,0.5086955,0.0038993264799716413,Top 10% - High Risk
2250130,202606,2026-06-15,0.5065047,0.0041356492969396195,Top 10% - High Risk
2084517,202606,2026-06-15,0.5065047,0.00401748788845563,Top 10% - High Risk
2225359,202606,2026-06-15,0.5065047,0.004253810705423609,Top 10% - High Risk
2280406,202606,2026-06-15,0.50558424,0.004371972113907598,Top 10% - High Risk
2255091,202606,2026-06-15,0.5020091,0.004490133522391587,Top 10% - High Risk
2128730,202606,2026-06-15,0.50051254,0.004608294930875576,Top 10% - High Risk
2124380,202606,2026-06-15,0.49441892,0.004726456339359565,Top 10% - High Risk
2226868,202606,2026-06-15,0.49441892,0.004844617747843554,Top 10% - High Risk
2049912,202606,2026-06-15,0.49319884,0.004962779156327543,Top 10% - High Risk
2145208,202606,2026-06-15,0.49257377,0.0050809405648115325,Top 10% - High Risk
2136971,202606,2026-06-15,0.4923544,0.005199101973295522,Top 10% - High Risk
2256024,202606,2026-06-15,0.4921098,0.005317263381779511,Top 10% - High Risk
2212407,202606,2026-06-15,0.49130002,0.0054354247902635,Top 10% - High Risk
2049547,202606,2026-06-15,0.4905295,0.005553586198747489,Top 10% - High Risk
2267973,202606,2026-06-15,0.49008965,0.005671747607231478,Top 10% - High Risk
2240760,202606,2026-06-15,0.48945644,0.005789909015715467,Top 10% - High Risk
2284662,202606,2026-06-15,0.48841694,0.0059080704241994565,Top 10% - High Risk
2117426,202606,2026-06-15,0.4879537,0.006026231832683446,Top 10% - High Risk
2157097,202606,2026-06-15,0.4869257,0.006262554649651424,Top 10% - High Risk
2002690,202606,2026-06-15,0.4869257,0.006144393241167435,Top 10% - High Risk
2174343,202606,2026-06-15,0.48692128,0.006498877466619402,Top 10% - High Risk
2141706,202606,2026-06-15,0.48692128,0.006380716058135413,Top 10% - High Risk
2228365,202606,2026-06-15,0.48641247,0.006617038875103391,Top 10% - High Risk
2033663,202606,2026-06-15,0.4860213,0.00673520028358738,Top 10% - High Risk
2020907,202606,2026-06-15,0.48597088,0.0068533616920713695,Top 10% - High Risk
2607531,202606,2026-06-15,0.48563543,0.006971523100555359,Top 10% - High Risk
2145725,202606,2026-06-15,0.48441988,0.007089684509039348,Top 10% - High Risk
2090541,202606,2026-06-15,0.4837505,0.007207845917523337,Top 10% - High Risk
2227431,202606,2026-06-15,0.4834188,0.007326007326007326,Top 10% - High Risk
2154857,202606,2026-06-15,0.4833591,0.007444168734491315,Top 10% - High Risk
2049960,202606,2026-06-15,0.4829345,0.007562330142975304,Top 10% - High Risk
2004680,202606,2026-06-15,0.4826739,0.007680491551459293,Top 10% - High Risk
2177906,202606,2026-06-15,0.48249313,0.0077986529599432825,Top 10% - High Risk
2117130,202606,2026-06-15,0.48166853,0.007916814368427273,Top 10% - High Risk
2168809,202606,2026-06-15,0.48090032,0.00803497577691126,Top 10% - High Risk
2194230,202606,2026-06-15,0.48057237,0.008389460002363229,Top 10% - High Risk
2006466,202606,2026-06-15,0.48057237,0.008271298593879239,Top 10% - High Risk
2294336,202606,2026-06-15,0.48057237,0.00815313718539525,Top 10% - High Risk
2080398,202606,2026-06-15,0.48027676,0.008507621410847217,Top 10% - High Risk
2140800,202606,2026-06-15,0.48027676,0.008625782819331207,Top 10% - High Risk
2268402,202606,2026-06-15,0.48006567,0.008743944227815196,Top 10% - High Risk
2069687,202606,2026-06-15,0.4799868,0.008862105636299186,Top 10% - High Risk
2298797,202606,2026-06-15,0.47969803,0.008980267044783174,Top 10% - High Risk
2270447,202606,2026-06-15,0.47969472,0.009098428453267164,Top 10% - High Risk
2149529,202606,2026-06-15,0.47962454,0.009334751270235142,Top 10% - High Risk
2317244,202606,2026-06-15,0.47962454,0.009216589861751152,Top 10% - High Risk
2221218,202606,2026-06-15,0.479589,0.00945291267871913,Top 10% - High Risk
2453634,202603,2026-03-18,0.47889295,0.00957107408720312,Top 10% - High Risk
2373493,202606,2026-06-15,0.4782008,0.009689235495687109,Top 10% - High Risk
2185827,202606,2026-06-15,0.47815445,0.009807396904171099,Top 10% - High Risk
2214730,202606,2026-06-15,0.47815445,0.009925558312655087,Top 10% - High Risk
2218332,202606,2026-06-15,0.4779511,0.010043719721139077,Top 10% - High Risk
2045250,202606,2026-06-15,0.47691774,0.010161881129623065,Top 10% - High Risk
2168098,202606,2026-06-15,0.47665384,0.010280042538107055,Top 10% - High Risk
2184356,202606,2026-06-15,0.47621295,0.010516365355075033,Top 10% - High Risk
2427984,202606,2026-06-15,0.47621295,0.010398203946591043,Top 10% - High Risk
2041207,202606,2026-06-15,0.47505412,0.010634526763559022,Top 10% - High Risk
2056190,202606,2026-06-15,0.47474378,0.010752688172043012,Top 10% - High Risk
2108276,202606,2026-06-15,0.4745182,0.01098901098901099,Top 10% - High Risk
2075650,202606,2026-06-15,0.4745182,0.010870849580527,Top 10% - High Risk
2146316,202606,2026-06-15,0.4734313,0.011107172397494978,Top 10% - High Risk
2018620,202606,2026-06-15,0.4726966,0.011225333805978968,Top 10% - High Risk
2024178,202606,2026-06-15,0.4726966,0.011343495214462956,Top 10% - High Risk
2066617,202606,2026-06-15,0.47242847,0.011461656622946946,Top 10% - High Risk
2130783,202606,2026-06-15,0.47210217,0.011579818031430935,Top 10% - High Risk
2102217,202606,2026-06-15,0.47181296,0.011697979439914925,Top 10% - High Risk
2232666,202603,2026-03-18,0.4711237,0.011816140848398913,Top 10% - High Risk
2251659,202606,2026-06-15,0.4709374,0.011934302256882903,Top 10% - High Risk
2082631,202606,2026-06-15,0.47085312,0.012052463665366891,Top 10% - High Risk
2217404,202606,2026-06-15,0.47075164,0.012170625073850881,Top 10% - High Risk
2156709,202606,2026-06-15,0.4704564,0.01228878648233487,Top 10% - High Risk
2040158,202606,2026-06-15,0.469353,0.01240694789081886,Top 10% - High Risk
2212149,202606,2026-06-15,0.46920907,0.012525109299302848,Top 10% - High Risk
2255797,202606,2026-06-15,0.4691415,0.012643270707786838,Top 10% - High Risk
2252645,202606,2026-06-15,0.46886143,0.012761432116270826,Top 10% - High Risk
2004048,202606,2026-06-15,0.46886143,0.012879593524754816,Top 10% - High Risk
2192075,202606,2026-06-15,0.4688443,0.012997754933238804,Top 10% - High Risk
2247000,202606,2026-06-15,0.46840695,0.013115916341722794,Top 10% - High Risk
2189308,202606,2026-06-15,0.46743858,0.013234077750206782,Top 10% - High Risk
2113985,202606,2026-06-15,0.46732214,0.013352239158690772,Top 10% - High Risk
2095391,202606,2026-06-15,0.46731433,0.01347040056717476,Top 10% - High Risk
2077470,202606,2026-06-15,0.4671129,0.013706723384142739,Top 10% - High Risk
2019320,202606,2026-06-15,0.4671129,0.01358856197565875,Top 10% - High Risk
2136576,202606,2026-06-15,0.4670502,0.013824884792626729,Top 10% - High Risk
2090494,202606,2026-06-15,0.46637547,0.013943046201110717,Top 10% - High Risk
2389656,202606,2026-06-15,0.46619207,0.014297530426562685,Top 10% - High Risk
2057355,202606,2026-06-15,0.46619207,0.014061207609594707,Top 10% - High Risk
2090443,202606,2026-06-15,0.46619207,0.014179369018078695,Top 10% - High Risk
2221539,202606,2026-06-15,0.46602157,0.014533853243530664,Top 10% - High Risk
2230300,202606,2026-06-15,0.46602157,0.014652014652014652,Top 10% - High Risk
2307868,202602,2026-02-15,0.46602157,0.014415691835046674,Top 10% - High Risk
2370458,202606,2026-06-15,0.46593398,0.014770176060498642,Top 10% - High Risk
2171726,202606,2026-06-15,0.4659281,0.01488833746898263,Top 10% - High Risk
2217885,202606,2026-06-15,0.465196,0.01500649887746662,Top 10% - High Risk
2002362,202606,2026-06-15,0.4645285,0.015124660285950609,Top 10% - High Risk
2305074,202606,2026-06-15,0.46430922,0.015242821694434599,Top 10% - High Risk
2234871,202606,2026-06-15,0.46394444,0.015360983102918587,Top 10% - High Risk
2259418,202606,2026-06-15,0.46394444,0.015597305919886565,Top 10% - High Risk
2116231,202604,2026-04-15,0.46394444,0.015715467328370553,Top 10% - High Risk
2377455,202606,2026-06-15,0.46394444,0.015479144511402577,Top 10% - High Risk
2309263,202606,2026-06-15,0.46394444,0.015833628736854545,Top 10% - High Risk
2269175,202606,2026-06-15,0.46385214,0.015951790145338533,Top 10% - High Risk
2182187,202606,2026-06-15,0.46364835,0.01606995155382252,Top 10% - High Risk
2056001,202606,2026-06-15,0.46363866,0.01618811296230651,Top 10% - High Risk
2232486,202606,2026-06-15,0.46363005,0.0163062743707905,Top 10% - High Risk
2104470,202606,2026-06-15,0.46353656,0.01642443577927449,Top 10% - High Risk
2086444,202606,2026-06-15,0.46334964,0.016542597187758478,Top 10% - High Risk
2258120,202606,2026-06-15,0.462931,0.016660758596242466,Top 10% - High Risk
2129488,202606,2026-06-15,0.46273273,0.016778920004726458,Top 10% - High Risk
2055001,202606,2026-06-15,0.46229103,0.016897081413210446,Top 10% - High Risk
2244600,202606,2026-06-15,0.4622219,0.017015242821694435,Top 10% - High Risk
2115987,202606,2026-06-15,0.46207854,0.017133404230178423,Top 10% - High Risk
2214461,202606,2026-06-15,0.46155205,0.017251565638662415,Top 10% - High Risk
2025911,202606,2026-06-15,0.46132997,0.017369727047146403,Top 10% - High Risk
2268855,202606,2026-06-15,0.46120614,0.01748788845563039,Top 10% - High Risk
2182328,202606,2026-06-15,0.4608164,0.01760604986411438,Top 10% - High Risk
2066800,202606,2026-06-15,0.46044147,0.01784237268108236,Top 10% - High Risk
2155402,202606,2026-06-15,0.46044147,0.01772421127259837,Top 10% - High Risk
2177418,202606,2026-06-15,0.46044147,0.017960534089566348,Top 10% - High Risk
2216401,202606,2026-06-15,0.4603517,0.018078695498050336,Top 10% - High Risk
2010337,202606,2026-06-15,0.46032524,0.018196856906534328,Top 10% - High Risk
2133232,202606,2026-06-15,0.46032524,0.018315018315018316,Top 10% - High Risk
2138119,202606,2026-06-15,0.45998695,0.018433179723502304,Top 10% - High Risk
2479956,202606,2026-06-15,0.45956796,0.018551341131986292,Top 10% - High Risk
2188301,202606,2026-06-15,0.45956796,0.018787663948954272,Top 10% - High Risk
2099969,202606,2026-06-15,0.45956796,0.018669502540470284,Top 10% - High Risk
2022279,202606,2026-06-15,0.45905375,0.01890582535743826,Top 10% - High Risk
2461458,202606,2026-06-15,0.45895085,0.01902398676592225,Top 10% - High Risk
2123828,202606,2026-06-15,0.4588935,0.01926030958289023,Top 10% - High Risk
2502778,202606,2026-06-15,0.4588935,0.01914214817440624,Top 10% - High Risk
2247968,202606,2026-06-15,0.45882222,0.019378470991374217,Top 10% - High Risk
2062301,202606,2026-06-15,0.45858568,0.019496632399858205,Top 10% - High Risk
2155934,202606,2026-06-15,0.45854363,0.019614793808342197,Top 10% - High Risk
2281862,202606,2026-06-15,0.45810336,0.019732955216826185,Top 10% - High Risk
2303904,202606,2026-06-15,0.4579651,0.019851116625310174,Top 10% - High Risk
2080194,202606,2026-06-15,0.45787776,0.019969278033794162,Top 10% - High Risk
2366687,202606,2026-06-15,0.45772555,0.020087439442278154,Top 10% - High Risk
2271764,202606,2026-06-15,0.45772555,0.020205600850762142,Top 10% - High Risk
2064631,202606,2026-06-15,0.457698,0.02032376225924613,Top 10% - High Risk
2098683,202606,2026-06-15,0.4575679,0.02044192366773012,Top 10% - High Risk
2278888,202606,2026-06-15,0.45739666,0.02056008507621411,Top 10% - High Risk
2350348,202606,2026-06-15,0.45730016,0.0206782464846981,Top 10% - High Risk
2258090,202606,2026-06-15,0.45685583,0.020796407893182087,Top 10% - High Risk
2150348,202606,2026-06-15,0.45682266,0.020914569301666075,Top 10% - High Risk
2190793,202606,2026-06-15,0.4564829,0.021032730710150067,Top 10% - High Risk
2076830,202606,2026-06-15,0.4563014,0.021150892118634055,Top 10% - High Risk
2587134,202606,2026-06-15,0.45629263,0.021741699161054,Top 10% - High Risk
2604823,202606,2026-06-15,0.45629263,0.021505376344086023,Top 10% - High Risk
2080872,202606,2026-06-15,0.45629263,0.02162353775257001,Top 10% - High Risk
2419156,202606,2026-06-15,0.45629263,0.021269053527118043,Top 10% - High Risk
2600959,202606,2026-06-15,0.45629263,0.02138721493560203,Top 10% - High Risk
2064580,202606,2026-06-15,0.45601404,0.021859860569537988,Top 10% - High Risk
2610295,202606,2026-06-15,0.4559852,0.02197802197802198,Top 10% - High Risk
2149458,202606,2026-06-15,0.4559852,0.022096183386505968,Top 10% - High Risk
2498865,202606,2026-06-15,0.4559852,0.022450667611957936,Top 10% - High Risk
2606618,202606,2026-06-15,0.4559852,0.022332506203473945,Top 10% - High Risk
2253593,202606,2026-06-15,0.4559852,0.022214344794989956,Top 10% - High Risk
2602011,202606,2026-06-15,0.4559852,0.022568829020441925,Top 10% - High Risk
2221510,202606,2026-06-15,0.45595896,0.022686990428925913,Top 10% - High Risk
2317416,202606,2026-06-15,0.45593503,0.0228051518374099,Top 10% - High Risk
2211479,202606,2026-06-15,0.455838,0.022923313245893893,Top 10% - High Risk
2126362,202606,2026-06-15,0.45546013,0.02304147465437788,Top 10% - High Risk
2090740,202512,2025-12-16,0.455416,0.02315963606286187,Top 10% - High Risk
2064488,202606,2026-06-15,0.455416,0.023277797471345858,Top 10% - High Risk
2398429,202606,2026-06-15,0.45534575,0.02339595887982985,Top 10% - High Risk
2060865,202606,2026-06-15,0.45482615,0.023514120288313838,Top 10% - High Risk
2285046,202606,2026-06-15,0.4547001,0.023632281696797826,Top 10% - High Risk
2399140,202606,2026-06-15,0.4547001,0.023750443105281814,Top 10% - High Risk
2609959,202606,2026-06-15,0.4543595,0.023986765922249794,Top 10% - High Risk
2589560,202606,2026-06-15,0.4543595,0.023868604513765806,Top 10% - High Risk
2121051,202606,2026-06-15,0.45426193,0.024104927330733782,Top 10% - High Risk
2412233,202606,2026-06-15,0.45426193,0.02422308873921777,Top 10% - High Risk
2023197,202606,2026-06-15,0.45419803,0.024341250147701762,Top 10% - High Risk
2242467,202606,2026-06-15,0.4539183,0.02445941155618575,Top 10% - High Risk
2080626,202606,2026-06-15,0.45387155,0.02457757296466974,Top 10% - High Risk
2131951,202606,2026-06-15,0.45387155,0.024695734373153727,Top 10% - High Risk
2548913,202606,2026-06-15,0.45378053,0.02481389578163772,Top 10% - High Risk
2248882,202606,2026-06-15,0.45370775,0.024932057190121707,Top 10% - High Risk
2569608,202606,2026-06-15,0.4534165,0.025050218598605695,Top 10% - High Risk
2115482,202606,2026-06-15,0.4532658,0.025168380007089684,Top 10% - High Risk
2560491,202606,2026-06-15,0.4530606,0.025286541415573675,Top 10% - High Risk
2588729,202606,2026-06-15,0.45288375,0.025404702824057664,Top 10% - High Risk
2097843,202606,2026-06-15,0.4527535,0.025522864232541652,Top 10% - High Risk
2061857,202606,2026-06-15,0.45262706,0.02564102564102564,Top 10% - High Risk
2504483,202606,2026-06-15,0.45262706,0.025759187049509632,Top 10% - High Risk
2552434,202606,2026-06-15,0.45245993,0.02599550986647761,Top 10% - High Risk
2471367,202606,2026-06-15,0.45245993,0.02587734845799362,Top 10% - High Risk
2196946,202606,2026-06-15,0.45245636,0.026113671274961597,Top 10% - High Risk
2395676,202606,2026-06-15,0.4523824,0.02623183268344559,Top 10% - High Risk
2202548,202606,2026-06-15,0.45214713,0.026349994091929577,Top 10% - High Risk
2272404,202606,2026-06-15,0.45163646,0.026468155500413565,Top 10% - High Risk
2107771,202606,2026-06-15,0.4514546,0.026704478317381545,Top 10% - High Risk
2244194,202606,2026-06-15,0.4514546,0.026586316908897553,Top 10% - High Risk
2282751,202606,2026-06-15,0.45136303,0.026822639725865533,Top 10% - High Risk
2330904,202606,2026-06-15,0.45131212,0.027413446768285478,Top 10% - High Risk
2222032,202606,2026-06-15,0.45131212,0.027767930993737446,Top 10% - High Risk
2105942,202606,2026-06-15,0.45131212,0.02694080113434952,Top 10% - High Risk
2322160,202606,2026-06-15,0.45131212,0.02729528535980149,Top 10% - High Risk
2061173,202606,2026-06-15,0.45131212,0.0271771239513175,Top 10% - High Risk
2564089,202606,2026-06-15,0.45131212,0.02705896254283351,Top 10% - High Risk
2307470,202606,2026-06-15,0.45131212,0.027649769585253458,Top 10% - High Risk
2234679,202606,2026-06-15,0.45131212,0.027531608176769466,Top 10% - High Risk
2263914,202606,2026-06-15,0.45125362,0.027886092402221434,Top 10% - High Risk
2488337,202606,2026-06-15,0.45124972,0.028122415219189414,Top 10% - High Risk
2493249,202606,2026-06-15,0.45124972,0.028004253810705423,Top 10% - High Risk
2560496,202606,2026-06-15,0.45100522,0.02859506085312537,Top 10% - High Risk
2608261,202606,2026-06-15,0.45100522,0.029422190712513292,Top 10% - High Risk
2076363,202606,2026-06-15,0.45100522,0.029540352120997284,Top 10% - High Risk
2607866,202606,2026-06-15,0.45100522,0.02847689944464138,Top 10% - High Risk
2609333,202606,2026-06-15,0.45100522,0.028240576627673403,Top 10% - High Risk
2366236,202606,2026-06-15,0.45100522,0.02835873803615739,Top 10% - High Risk
2537335,202606,2026-06-15,0.45100522,0.029304029304029304,Top 10% - High Risk
2527152,202606,2026-06-15,0.45100522,0.028949545078577336,Top 10% - High Risk
2434257,202606,2026-06-15,0.45100522,0.028831383670093347,Top 10% - High Risk
2474885,202606,2026-06-15,0.45100522,0.029185867895545316,Top 10% - High Risk
2536964,202606,2026-06-15,0.45100522,0.029658513529481272,Top 10% - High Risk
2483560,202606,2026-06-15,0.45100522,0.02871322226160936,Top 10% - High Risk
2401794,202606,2026-06-15,0.45100522,0.029067706487061327,Top 10% - High Risk
2386612,202606,2026-06-15,0.45087448,0.030485643388869197,Top 10% - High Risk
2493126,202606,2026-06-15,0.45087448,0.03001299775493324,Top 10% - High Risk
2386293,202606,2026-06-15,0.45087448,0.030367481980385205,Top 10% - High Risk
2423838,202606,2026-06-15,0.45087448,0.03119461183977313,Top 10% - High Risk
2535261,202606,2026-06-15,0.45087448,0.030721966205837174,Top 10% - High Risk
2601968,202606,2026-06-15,0.45087448,0.031076450431289142,Top 10% - High Risk
2560030,202606,2026-06-15,0.45087448,0.030249320571901217,Top 10% - High Risk
2159736,202606,2026-06-15,0.45087448,0.03131277324825712,Top 10% - High Risk
2558757,202606,2026-06-15,0.45087448,0.03013115916341723,Top 10% - High Risk
2302994,202606,2026-06-15,0.45087448,0.030840127614321162,Top 10% - High Risk
2605967,202606,2026-06-15,0.45087448,0.030958289022805154,Top 10% - High Risk
2565520,202606,2026-06-15,0.45087448,0.02989483634644925,Top 10% - High Risk
2352480,202606,2026-06-15,0.45087448,0.030603804797353185,Top 10% - High Risk
2535650,202606,2026-06-15,0.45087448,0.02977667493796526,Top 10% - High Risk
2293695,202606,2026-06-15,0.45086974,0.031549096065225095,Top 10% - High Risk
2511397,202606,2026-06-15,0.45086974,0.03143093465674111,Top 10% - High Risk
2344363,202606,2026-06-15,0.4507603,0.03178541888219308,Top 10% - High Risk
2345079,202606,2026-06-15,0.4507603,0.03190358029067707,Top 10% - High Risk
2423785,202606,2026-06-15,0.4507603,0.03166725747370909,Top 10% - High Risk
2449643,202606,2026-06-15,0.4505676,0.03296703296703297,Top 10% - High Risk
2606810,202606,2026-06-15,0.4505676,0.032021741699161055,Top 10% - High Risk
2035196,202606,2026-06-15,0.4505676,0.03225806451612903,Top 10% - High Risk
2559323,202606,2026-06-15,0.4505676,0.03273071015006499,Top 10% - High Risk
2555775,202606,2026-06-15,0.4505676,0.032612548741581,Top 10% - High Risk
2492405,202606,2026-06-15,0.4505676,0.03249438733309701,Top 10% - High Risk
2548893,202604,2026-04-15,0.4505676,0.03237622592461302,Top 10% - High Risk
2607305,202606,2026-06-15,0.4505676,0.03213990310764504,Top 10% - High Risk
2443178,202606,2026-06-15,0.4505676,0.03284887155854898,Top 10% - High Risk
2318754,202606,2026-06-15,0.45056257,0.033085194375516956,Top 10% - High Risk
2479345,202606,2026-06-15,0.45029762,0.033203355784000944,Top 10% - High Risk
2461279,202606,2026-06-15,0.45028684,0.03343967860096892,Top 10% - High Risk
2420536,202606,2026-06-15,0.45028684,0.03332151719248493,Top 10% - High Risk
2501662,202606,2026-06-15,0.45028684,0.033557840009452916,Top 10% - High Risk
2498313,202606,2026-06-15,0.4501807,0.03379416282642089,Top 10% - High Risk
2568906,202606,2026-06-15,0.4501807,0.033676001417936904,Top 10% - High Risk
2200682,202606,2026-06-15,0.4500363,0.03391232423490488,Top 10% - High Risk
2116231,202606,2026-06-15,0.449976,0.03403048564338887,Top 10% - High Risk
2059399,202606,2026-06-15,0.449976,0.034266808460356846,Top 10% - High Risk
2289178,202606,2026-06-15,0.449976,0.03414864705187286,Top 10% - High Risk
2142750,202606,2026-06-15,0.44986504,0.034384969868840834,Top 10% - High Risk
2272122,202606,2026-06-15,0.44973555,0.03450313127732483,Top 10% - High Risk
2314743,202606,2026-06-15,0.44952503,0.03462129268580882,Top 10% - High Risk
2503253,202606,2026-06-15,0.44949332,0.034739454094292806,Top 10% - High Risk
2369058,202606,2026-06-15,0.44942763,0.034857615502776794,Top 10% - High Risk
2194803,202606,2026-06-15,0.44923258,0.03497577691126078,Top 10% - High Risk
2153012,202606,2026-06-15,0.4491395,0.03509393831974477,Top 10% - High Risk
2160728,202606,2026-06-15,0.44894224,0.03533026113671275,Top 10% - High Risk
2496579,202606,2026-06-15,0.44894224,0.03521209972822876,Top 10% - High Risk
2478243,202606,2026-06-15,0.44892976,0.03544842254519674,Top 10% - High Risk
2323911,202606,2026-06-15,0.44892976,0.03556658395368073,Top 10% - High Risk
2525240,202606,2026-06-15,0.44880477,0.03568474536216472,Top 10% - High Risk
2345993,202606,2026-06-15,0.44880477,0.035921068179132695,Top 10% - High Risk
2532863,202606,2026-06-15,0.44880477,0.03580290677064871,Top 10% - High Risk
2008023,202606,2026-06-15,0.4486229,0.036039229587616683,Top 10% - High Risk
2283830,202606,2026-06-15,0.4486229,0.03615739099610067,Top 10% - High Risk
2055532,202606,2026-06-15,0.44858992,0.03627555240458466,Top 10% - High Risk
2258592,202606,2026-06-15,0.44858992,0.036393713813068655,Top 10% - High Risk
2516649,202606,2026-06-15,0.44856387,0.03663003663003663,Top 10% - High Risk
2279278,202606,2026-06-15,0.44856387,0.03674819803852062,Top 10% - High Risk
2176728,202606,2026-06-15,0.44856387,0.03686635944700461,Top 10% - High Risk
2424142,202606,2026-06-15,0.44856387,0.036511875221552643,Top 10% - High Risk
2367497,202606,2026-06-15,0.448505,0.036984520855488597,Top 10% - High Risk
2308829,202606,2026-06-15,0.448505,0.037102682263972585,Top 10% - High Risk
2231742,202606,2026-06-15,0.4484415,0.03722084367245657,Top 10% - High Risk
2267645,202606,2026-06-15,0.44840306,0.03733900508094057,Top 10% - High Risk
2586264,202606,2026-06-15,0.44836754,0.037457166489424557,Top 10% - High Risk
2264245,202606,2026-06-15,0.44832352,0.037575327897908545,Top 10% - High Risk
2466248,202606,2026-06-15,0.44831085,0.03769348930639253,Top 10% - High Risk
2298535,202606,2026-06-15,0.4482128,0.03792981212336051,Top 10% - High Risk
2024727,202606,2026-06-15,0.4482128,0.03781165071487652,Top 10% - High Risk
2071132,202606,2026-06-15,0.4481775,0.0380479735318445,Top 10% - High Risk
2202474,202601,2026-01-15,0.44810075,0.038166134940328486,Top 10% - High Risk
2172374,202606,2026-06-15,0.44808623,0.03840245775729647,Top 10% - High Risk
2375948,202606,2026-06-15,0.44808623,0.03828429634881248,Top 10% - High Risk
2601752,202606,2026-06-15,0.44787973,0.038638780574264446,Top 10% - High Risk
2564529,202606,2026-06-15,0.44787973,0.03852061916578046,Top 10% - High Risk
2232014,202603,2026-03-18,0.4478171,0.038756941982748434,Top 10% - High Risk
2540511,202606,2026-06-15,0.44777977,0.03887510339123242,Top 10% - High Risk
2035514,202606,2026-06-15,0.44777977,0.03899326479971641,Top 10% - High Risk
2274425,202606,2026-06-15,0.44777977,0.0391114262082004,Top 10% - High Risk
2298005,202606,2026-06-15,0.4477404,0.039229587616684394,Top 10% - High Risk
2268808,202606,2026-06-15,0.44772655,0.03934774902516838,Top 10% - High Risk
2304343,202606,2026-06-15,0.44765362,0.03946591043365237,Top 10% - High Risk
2398256,202606,2026-06-15,0.44760713,0.03958407184213636,Top 10% - High Risk
2183533,202606,2026-06-15,0.4474868,0.04005671747607231,Top 10% - High Risk
2451385,202606,2026-06-15,0.4474868,0.039820394659104336,Top 10% - High Risk
2429805,202606,2026-06-15,0.4474868,0.03970223325062035,Top 10% - High Risk
2211279,202606,2026-06-15,0.4474868,0.039938556067588324,Top 10% - High Risk
2173862,202606,2026-06-15,0.44746488,0.04017487888455631,Top 10% - High Risk
2522047,202606,2026-06-15,0.44732285,0.040293040293040296,Top 10% - High Risk
2304677,202606,2026-06-15,0.44730473,0.040411201701524284,Top 10% - High Risk
2490990,202606,2026-06-15,0.4472166,0.04076568592697625,Top 10% - High Risk
2457685,202606,2026-06-15,0.4472166,0.04052936311000827,Top 10% - High Risk
2615256,202606,2026-06-15,0.4472166,0.04064752451849226,Top 10% - High Risk
2536275,202606,2026-06-15,0.44706234,0.04088384733546024,Top 10% - High Risk
2239436,202606,2026-06-15,0.44706234,0.041002008743944225,Top 10% - High Risk
2163266,202606,2026-06-15,0.44704977,0.0413564929693962,Top 10% - High Risk
2160637,202606,2026-06-15,0.44704977,0.04112017015242822,Top 10% - High Risk
2440097,202606,2026-06-15,0.44704977,0.04123833156091221,Top 10% - High Risk
2412524,202606,2026-06-15,0.44702783,0.041474654377880185,Top 10% - High Risk
2563669,202606,2026-06-15,0.44702783,0.04159281578636417,Top 10% - High Risk
2278536,202606,2026-06-15,0.4469303,0.04171097719484816,Top 10% - High Risk
2548975,202606,2026-06-15,0.44691554,0.04182913860333215,Top 10% - High Risk
2280729,202606,2026-06-15,0.44690478,0.04206546142030013,Top 10% - High Risk
2125999,202606,2026-06-15,0.44690478,0.04194730001181614,Top 10% - High Risk
2530530,202606,2026-06-15,0.4467453,0.04218362282878412,Top 10% - High Risk
2600042,202606,2026-06-15,0.44672152,0.04230178423726811,Top 10% - High Risk
2581299,202606,2026-06-15,0.446665,0.0424199456457521,Top 10% - High Risk
2593582,202606,2026-06-15,0.44650903,0.042538107054236086,Top 10% - High Risk
2131009,202606,2026-06-15,0.44648355,0.043010752688172046,Top 10% - High Risk
2163549,202606,2026-06-15,0.44648355,0.04289259127968805,Top 10% - High Risk
2147484,202606,2026-06-15,0.44648355,0.04277442987120406,Top 10% - High Risk
2334945,202606,2026-06-15,0.44648355,0.042656268462720075,Top 10% - High Risk
2080401,202606,2026-06-15,0.44647738,0.043128914096656035,Top 10% - High Risk
2312243,202606,2026-06-15,0.44644117,0.04324707550514002,Top 10% - High Risk
2551793,202606,2026-06-15,0.44643897,0.04336523691362401,Top 10% - High Risk
2566131,202606,2026-06-15,0.44643897,0.043483398322108,Top 10% - High Risk
2386493,202606,2026-06-15,0.44630378,0.04360155973059199,Top 10% - High Risk
2159122,202606,2026-06-15,0.44627908,0.043719721139075976,Top 10% - High Risk
2071762,202606,2026-06-15,0.44627377,0.043837882547559964,Top 10% - High Risk
2146995,202606,2026-06-15,0.4460467,0.044192366773011936,Top 10% - High Risk
2181957,202606,2026-06-15,0.4460467,0.04395604395604396,Top 10% - High Risk
2184847,202606,2026-06-15,0.4460467,0.04407420536452795,Top 10% - High Risk
2128226,202606,2026-06-15,0.44593158,0.044310528181495924,Top 10% - High Risk
2184449,202603,2026-03-18,0.44592485,0.04442868958997991,Top 10% - High Risk
2128220,202606,2026-06-15,0.445873,0.0445468509984639,Top 10% - High Risk
2038696,202606,2026-06-15,0.4458563,0.04466501240694789,Top 10% - High Risk
2573981,202606,2026-06-15,0.44584233,0.04478317381543188,Top 10% - High Risk
2348078,202606,2026-06-15,0.44570503,0.04490133522391587,Top 10% - High Risk
2265551,202606,2026-06-15,0.44570503,0.04501949663239986,Top 10% - High Risk
2286066,202606,2026-06-15,0.4456403,0.04513765804088385,Top 10% - High Risk
2209590,202606,2026-06-15,0.4456403,0.04525581944936784,Top 10% - High Risk
2191663,202606,2026-06-15,0.44559327,0.045373980857851826,Top 10% - High Risk
2144638,202606,2026-06-15,0.44555405,0.045492142266335814,Top 10% - High Risk
2499940,202606,2026-06-15,0.44554958,0.04572846508330379,Top 10% - High Risk
2120275,202606,2026-06-15,0.44554958,0.0456103036748198,Top 10% - High Risk
2145324,202606,2026-06-15,0.44546792,0.045846626491787786,Top 10% - High Risk
2172483,202606,2026-06-15,0.44546118,0.045964787900271774,Top 10% - High Risk
2244966,202606,2026-06-15,0.44532895,0.04608294930875576,Top 10% - High Risk
2133324,202606,2026-06-15,0.44532895,0.04620111071723975,Top 10% - High Risk
2524411,202606,2026-06-15,0.44531816,0.04631927212572374,Top 10% - High Risk
2093394,202606,2026-06-15,0.44517297,0.04643743353420773,Top 10% - High Risk
2158020,202606,2026-06-15,0.44517297,0.046555594942691715,Top 10% - High Risk
2324450,202606,2026-06-15,0.44515663,0.0467919177596597,Top 10% - High Risk
2470497,202606,2026-06-15,0.44515663,0.0466737563511757,Top 10% - High Risk
2515485,202606,2026-06-15,0.44515124,0.04714640198511166,Top 10% - High Risk
2030021,202606,2026-06-15,0.44515124,0.047028240576627675,Top 10% - High Risk
2131739,202606,2026-06-15,0.44515124,0.04691007916814369,Top 10% - High Risk
2506037,202606,2026-06-15,0.44511297,0.04750088621056363,Top 10% - High Risk
2580659,202606,2026-06-15,0.44511297,0.04738272480207964,Top 10% - High Risk
2119563,202606,2026-06-15,0.44511297,0.04726456339359565,Top 10% - High Risk
2329989,202606,2026-06-15,0.44509882,0.047619047619047616,Top 10% - High Risk
2466521,202606,2026-06-15,0.44507462,0.04773720902753161,Top 10% - High Risk
2043345,202606,2026-06-15,0.44499728,0.0478553704360156,Top 10% - High Risk
2243387,202606,2026-06-15,0.44497174,0.04797353184449959,Top 10% - High Risk
2256691,202606,2026-06-15,0.44489235,0.048209854661467565,Top 10% - High Risk
2308092,202606,2026-06-15,0.44489235,0.048091693252983576,Top 10% - High Risk
2435608,202606,2026-06-15,0.44488153,0.04844617747843554,Top 10% - High Risk
2469939,202606,2026-06-15,0.44488153,0.04856433888691953,Top 10% - High Risk
2419386,202606,2026-06-15,0.44488153,0.04832801606995155,Top 10% - High Risk
2326893,202606,2026-06-15,0.44488153,0.048682500295403525,Top 10% - High Risk
2091129,202606,2026-06-15,0.44487545,0.04903698452085549,Top 10% - High Risk
2095893,202606,2026-06-15,0.44487545,0.049864114380243414,Top 10% - High Risk
2079237,202604,2026-04-15,0.44487545,0.04962779156327544,Top 10% - High Risk
2414446,202606,2026-06-15,0.44487545,0.05010043719721139,Top 10% - High Risk
2052705,202606,2026-06-15,0.44487545,0.04915514592933948,Top 10% - High Risk
2118415,202606,2026-06-15,0.44487545,0.0489188231123715,Top 10% - High Risk
2173346,202606,2026-06-15,0.44487545,0.049391468746307454,Top 10% - High Risk
2157087,202606,2026-06-15,0.44487545,0.04880066170388751,Top 10% - High Risk
2125851,202606,2026-06-15,0.44487545,0.04950963015479144,Top 10% - High Risk
2385051,202606,2026-06-15,0.44487545,0.049273307337823466,Top 10% - High Risk
2265282,202601,2026-01-15,0.44487545,0.0499822757887274,Top 10% - High Risk
2142651,202606,2026-06-15,0.44487545,0.049745952971759426,Top 10% - High Risk
2358435,202606,2026-06-15,0.4447147,0.05021859860569538,Top 10% - High Risk
2164249,202606,2026-06-15,0.4446212,0.05033676001417937,Top 10% - High Risk
2542251,202606,2026-06-15,0.44459087,0.050454921422663356,Top 10% - High Risk
2384560,202606,2026-06-15,0.44453523,0.05057308283114735,Top 10% - High Risk
2002139,202606,2026-06-15,0.44453442,0.05069124423963134,Top 10% - High Risk
2178913,202606,2026-06-15,0.44451568,0.05080940564811533,Top 10% - High Risk
2183391,202606,2026-06-15,0.44448584,0.050927567056599315,Top 10% - High Risk
2237412,202606,2026-06-15,0.44438002,0.051045728465083304,Top 10% - High Risk
2235308,202606,2026-06-15,0.44438002,0.05116388987356729,Top 10% - High Risk
2008992,202606,2026-06-15,0.4442661,0.05128205128205128,Top 10% - High Risk
2374663,202606,2026-06-15,0.44424635,0.05140021269053527,Top 10% - High Risk
2053194,202606,2026-06-15,0.44408798,0.051518374099019264,Top 10% - High Risk
2485596,202606,2026-06-15,0.4440205,0.05163653550750325,Top 10% - High Risk
2126695,202606,2026-06-15,0.4439769,0.05175469691598724,Top 10% - High Risk
2499973,202606,2026-06-15,0.4439694,0.05187285832447123,Top 10% - High Risk
2610941,202606,2026-06-15,0.4439282,0.05199101973295522,Top 10% - High Risk
2550974,202606,2026-06-15,0.44382977,0.052109181141439205,Top 10% - High Risk
2267039,202606,2026-06-15,0.44382977,0.05222734254992319,Top 10% - High Risk
2359507,202606,2026-06-15,0.44375962,0.05234550395840718,Top 10% - High Risk
2297000,202606,2026-06-15,0.44371596,0.05246366536689118,Top 10% - High Risk
2273221,202606,2026-06-15,0.44364578,0.052581826775375165,Top 10% - High Risk
2522756,202606,2026-06-15,0.4435988,0.05281814959234314,Top 10% - High Risk
2252149,202606,2026-06-15,0.4435988,0.05293631100082713,Top 10% - High Risk
2558114,202606,2026-06-15,0.4435988,0.05269998818385915,Top 10% - High Risk
2595569,202606,2026-06-15,0.4435257,0.05305447240931112,Top 10% - High Risk
2206140,202606,2026-06-15,0.44351953,0.053172633817795106,Top 10% - High Risk
2108249,202606,2026-06-15,0.44351953,0.053290795226279095,Top 10% - High Risk
2107545,202606,2026-06-15,0.44345072,0.05340895663476309,Top 10% - High Risk
2393503,202606,2026-06-15,0.44324854,0.05411792508566702,Top 10% - High Risk
2199843,202606,2026-06-15,0.44324854,0.053645279451731066,Top 10% - High Risk
2297932,202606,2026-06-15,0.44324854,0.053763440860215055,Top 10% - High Risk
2298215,202606,2026-06-15,0.44324854,0.05388160226869904,Top 10% - High Risk
2131534,202606,2026-06-15,0.44324854,0.05352711804324708,Top 10% - High Risk
2194812,202606,2026-06-15,0.44324854,0.05399976367718303,Top 10% - High Risk
2276852,202606,2026-06-15,0.44324675,0.05423608649415101,Top 10% - High Risk
2156079,202606,2026-06-15,0.4431892,0.054354247902635,Top 10% - High Risk
2185658,202606,2026-06-15,0.44316453,0.05447240931111899,Top 10% - High Risk
2159681,202606,2026-06-15,0.4431626,0.05459057071960298,Top 10% - High Risk
2306437,202606,2026-06-15,0.4431626,0.05470873212808697,Top 10% - High Risk
2093591,202606,2026-06-15,0.44314414,0.054826893536570956,Top 10% - High Risk
2207852,202606,2026-06-15,0.44313246,0.054945054945054944,Top 10% - High Risk
2239611,202606,2026-06-15,0.44306484,0.05506321635353893,Top 10% - High Risk
2199605,202606,2026-06-15,0.4429919,0.055299539170506916,Top 10% - High Risk
2564741,202606,2026-06-15,0.4429919,0.05518137776202292,Top 10% - High Risk
2476487,202606,2026-06-15,0.44282812,0.055417700578990904,Top 10% - High Risk
2515578,202606,2026-06-15,0.4428124,0.05565402339595888,Top 10% - High Risk
2229883,202606,2026-06-15,0.4428124,0.05553586198747489,Top 10% - High Risk
2313819,202606,2026-06-15,0.4428124,0.05577218480444287,Top 10% - High Risk
2321442,202606,2026-06-15,0.4428124,0.05589034621292686,Top 10% - High Risk
2025922,202606,2026-06-15,0.44274235,0.056008507621410845,Top 10% - High Risk
2307455,202606,2026-06-15,0.44257924,0.056126669029894834,Top 10% - High Risk
2298864,202606,2026-06-15,0.44256756,0.05624483043837883,Top 10% - High Risk
2228366,202606,2026-06-15,0.44253013,0.056481153255346805,Top 10% - High Risk
2543856,202606,2026-06-15,0.44253013,0.05636299184686282,Top 10% - High Risk
2320168,202606,2026-06-15,0.4425178,0.056599314663830794,Top 10% - High Risk
2134080,202606,2026-06-15,0.44231963,0.05671747607231478,Top 10% - High Risk
2353164,202606,2026-06-15,0.44224918,0.05683563748079877,Top 10% - High Risk
2316129,202606,2026-06-15,0.44217145,0.05695379888928276,Top 10% - High Risk
2388487,202606,2026-06-15,0.44195417,0.05707196029776675,Top 10% - High Risk
2222033,202606,2026-06-15,0.44195417,0.05754460593170271,Top 10% - High Risk
2142745,202606,2026-06-15,0.44195417,0.05778092874867068,Top 10% - High Risk
2481333,202606,2026-06-15,0.44195417,0.05789909015715467,Top 10% - High Risk
2444704,202606,2026-06-15,0.44195417,0.05719012170625074,Top 10% - High Risk
2463748,202606,2026-06-15,0.44195417,0.05742644452321872,Top 10% - High Risk
2272741,202606,2026-06-15,0.44195417,0.057662767340186695,Top 10% - High Risk
2256608,202606,2026-06-15,0.44195417,0.05730828311473473,Top 10% - High Risk
2267989,202606,2026-06-15,0.44190228,0.05801725156563866,Top 10% - High Risk
2173244,202606,2026-06-15,0.44189575,0.058135412974122655,Top 10% - High Risk
2146938,202606,2026-06-15,0.44187066,0.05860805860805861,Top 10% - High Risk
2182991,202606,2026-06-15,0.44187066,0.05848989719957462,Top 10% - High Risk
2138489,202606,2026-06-15,0.44187066,0.058726220016542596,Top 10% - High Risk
2189717,202606,2026-06-15,0.44187066,0.05825357438260664,Top 10% - High Risk
2272368,202606,2026-06-15,0.44187066,0.05837173579109063,Top 10% - High Risk
2022610,202606,2026-06-15,0.44173822,0.058844381425026585,Top 10% - High Risk
2517596,202606,2026-06-15,0.44171193,0.05896254283351057,Top 10% - High Risk
2233091,202606,2026-06-15,0.44169044,0.05908070424199457,Top 10% - High Risk
2338786,202606,2026-06-15,0.44156146,0.059198865650478556,Top 10% - High Risk
2229401,202606,2026-06-15,0.44155598,0.059317027058962545,Top 10% - High Risk
2234725,202606,2026-06-15,0.44151825,0.05943518846744653,Top 10% - High Risk
2154610,202606,2026-06-15,0.44151825,0.0597896726928985,Top 10% - High Risk
2519851,202606,2026-06-15,0.44151825,0.05967151128441451,Top 10% - High Risk
2445416,202606,2026-06-15,0.44151825,0.059907834101382486,Top 10% - High Risk
2267935,202606,2026-06-15,0.44151825,0.06014415691835047,Top 10% - High Risk
2024926,202606,2026-06-15,0.44151825,0.06002599550986648,Top 10% - High Risk
2369487,202606,2026-06-15,0.44151825,0.05955334987593052,Top 10% - High Risk
2359484,202606,2026-06-15,0.4415147,0.06026231832683446,Top 10% - High Risk
2607646,202606,2026-06-15,0.44138712,0.060380479735318446,Top 10% - High Risk
2283707,202606,2026-06-15,0.44131377,0.060498641143802434,Top 10% - High Risk
2487149,202606,2026-06-15,0.44123483,0.06061680255228642,Top 10% - High Risk
2266645,202606,2026-06-15,0.44119832,0.06073496396077041,Top 10% - High Risk
2136836,202606,2026-06-15,0.4411877,0.0608531253692544,Top 10% - High Risk
2317812,202606,2026-06-15,0.44117823,0.060971286777738394,Top 10% - High Risk
2118807,202606,2026-06-15,0.44117823,0.06108944818622238,Top 10% - High Risk
2572567,202606,2026-06-15,0.44112018,0.06120760959470637,Top 10% - High Risk
2144189,202606,2026-06-15,0.44087964,0.06132577100319036,Top 10% - High Risk
2328144,202606,2026-06-15,0.44087806,0.06144393241167435,Top 10% - High Risk
2131677,202606,2026-06-15,0.44076326,0.061562093820158335,Top 10% - High Risk
2137994,202606,2026-06-15,0.44070694,0.061680255228642324,Top 10% - High Risk
2154379,202606,2026-06-15,0.44069064,0.06179841663712631,Top 10% - High Risk
2253023,202606,2026-06-15,0.44066143,0.06191657804561031,Top 10% - High Risk
2455043,202606,2026-06-15,0.4405899,0.062034739454094295,Top 10% - High Risk
2508812,202606,2026-06-15,0.44057888,0.062152900862578284,Top 10% - High Risk
2520696,202606,2026-06-15,0.44055164,0.06238922367954626,Top 10% - High Risk
2246385,202606,2026-06-15,0.44055164,0.06250738508803025,Top 10% - High Risk
2496663,202606,2026-06-15,0.44055164,0.06227106227106227,Top 10% - High Risk
2199961,202606,2026-06-15,0.44038746,0.06262554649651424,Top 10% - High Risk
2302028,202606,2026-06-15,0.44033787,0.06274370790499822,Top 10% - High Risk
2191411,202606,2026-06-15,0.44025657,0.06286186931348221,Top 10% - High Risk
2125082,202606,2026-06-15,0.44018507,0.06309819213045019,Top 10% - High Risk
2180153,202606,2026-06-15,0.44018507,0.0629800307219662,Top 10% - High Risk
2430858,202606,2026-06-15,0.44018126,0.06321635353893418,Top 10% - High Risk
2097141,202606,2026-06-15,0.4401571,0.06333451494741818,Top 10% - High Risk
2441985,202606,2026-06-15,0.44013163,0.06345267635590217,Top 10% - High Risk
2175728,202606,2026-06-15,0.44013163,0.06357083776438616,Top 10% - High Risk
2431940,202606,2026-06-15,0.44012925,0.06368899917287014,Top 10% - High Risk
2075729,202606,2026-06-15,0.439955,0.06380716058135413,Top 10% - High Risk
2348368,202606,2026-06-15,0.4399181,0.06392532198983812,Top 10% - High Risk
2331787,202606,2026-06-15,0.43991137,0.06404348339832211,Top 10% - High Risk
2315799,202606,2026-06-15,0.43991137,0.0641616448068061,Top 10% - High Risk
2463566,202606,2026-06-15,0.43978018,0.06427980621529009,Top 10% - High Risk
2017368,202606,2026-06-15,0.43972817,0.06451612903225806,Top 10% - High Risk
2306297,202606,2026-06-15,0.43972817,0.06439796762377407,Top 10% - High Risk
2309262,202606,2026-06-15,0.43972817,0.06463429044074205,Top 10% - High Risk
2561600,202606,2026-06-15,0.43961275,0.06487061325771003,Top 10% - High Risk
2387915,202606,2026-06-15,0.43961275,0.06475245184922604,Top 10% - High Risk
2353162,202606,2026-06-15,0.4396005,0.06498877466619402,Top 10% - High Risk
2218678,202606,2026-06-15,0.43959865,0.065106936074678,Top 10% - High Risk
2443497,202606,2026-06-15,0.43957844,0.065225097483162,Top 10% - High Risk
2436311,202606,2026-06-15,0.43957838,0.065343258891646,Top 10% - High Risk
2480408,202606,2026-06-15,0.43950072,0.06546142030012998,Top 10% - High Risk
2352540,202606,2026-06-15,0.4394871,0.06557958170861397,Top 10% - High Risk
2307259,202606,2026-06-15,0.43944797,0.06569774311709796,Top 10% - High Risk
2059296,202606,2026-06-15,0.43944392,0.06581590452558195,Top 10% - High Risk
2083549,202606,2026-06-15,0.43940064,0.06593406593406594,Top 10% - High Risk
2101704,202606,2026-06-15,0.43932092,0.06605222734254992,Top 10% - High Risk
2202078,202606,2026-06-15,0.43929276,0.06617038875103391,Top 10% - High Risk
2355607,202606,2026-06-15,0.4391889,0.0662885501595179,Top 10% - High Risk
2502731,202606,2026-06-15,0.439143,0.06676119579345385,Top 10% - High Risk
2351829,202606,2026-06-15,0.439143,0.06664303438496987,Top 10% - High Risk
2175936,202606,2026-06-15,0.439143,0.06640671156800189,Top 10% - High Risk
2606531,202606,2026-06-15,0.439143,0.06652487297648588,Top 10% - High Risk
2128852,202606,2026-06-15,0.4389803,0.06687935720193784,Top 10% - High Risk
2101843,202606,2026-06-15,0.4389737,0.06711568001890583,Top 10% - High Risk
2602547,202606,2026-06-15,0.4389737,0.06699751861042183,Top 10% - High Risk
2052470,202606,2026-06-15,0.43896532,0.06723384142738982,Top 10% - High Risk
2169202,202606,2026-06-15,0.43896532,0.06735200283587381,Top 10% - High Risk
2491263,202606,2026-06-15,0.43893722,0.0674701642443578,Top 10% - High Risk
2168697,202606,2026-06-15,0.43884656,0.06758832565284179,Top 10% - High Risk
2268042,202606,2026-06-15,0.43878174,0.06770648706132577,Top 10% - High Risk
2078257,202606,2026-06-15,0.4387619,0.06782464846980976,Top 10% - High Risk
2211986,202606,2026-06-15,0.4387619,0.06817913269526173,Top 10% - High Risk
2273985,202606,2026-06-15,0.4387619,0.0684154555122297,Top 10% - High Risk
2228068,202606,2026-06-15,0.4387619,0.06865177832919768,Top 10% - High Risk
2485849,202606,2026-06-15,0.4387619,0.06829729410374571,Top 10% - High Risk
2503144,202606,2026-06-15,0.4387619,0.06806097128677774,Top 10% - High Risk
2409546,202606,2026-06-15,0.4387619,0.06794280987829375,Top 10% - High Risk
2048273,202606,2026-06-15,0.4387619,0.06853361692071369,Top 10% - High Risk
2319616,202606,2026-06-15,0.4387619,0.06876993973768167,Top 10% - High Risk
2355764,202606,2026-06-15,0.43873364,0.06888810114616566,Top 10% - High Risk
2077913,202606,2026-06-15,0.43872717,0.06900626255464966,Top 10% - High Risk
2516007,202606,2026-06-15,0.4387074,0.06912442396313365,Top 10% - High Risk
2198870,202606,2026-06-15,0.43870646,0.06924258537161763,Top 10% - High Risk
2490223,202606,2026-06-15,0.4386437,0.06936074678010162,Top 10% - High Risk
2558196,202606,2026-06-15,0.43863136,0.06947890818858561,Top 10% - High Risk
2091013,202606,2026-06-15,0.43862474,0.0695970695970696,Top 10% - High Risk
2094007,202606,2026-06-15,0.43862474,0.06971523100555359,Top 10% - High Risk
2555332,202606,2026-06-15,0.4385384,0.06983339241403758,Top 10% - High Risk
2104307,202606,2026-06-15,0.43852887,0.06995155382252156,Top 10% - High Risk
2322492,202606,2026-06-15,0.43841773,0.07006971523100555,Top 10% - High Risk
2280829,202606,2026-06-15,0.43841133,0.07018787663948954,Top 10% - High Risk
2326279,202606,2026-06-15,0.43835258,0.07030603804797353,Top 10% - High Risk
2100185,202606,2026-06-15,0.4383465,0.07042419945645752,Top 10% - High Risk
2490037,202606,2026-06-15,0.43832666,0.07077868368190948,Top 10% - High Risk
2249043,202606,2026-06-15,0.43832666,0.07089684509039348,Top 10% - High Risk
2464007,202606,2026-06-15,0.43832666,0.07101500649887747,Top 10% - High Risk
2127050,202606,2026-06-15,0.43832666,0.0705423608649415,Top 10% - High Risk
2482326,202606,2026-06-15,0.43832666,0.0706605222734255,Top 10% - High Risk
2121471,202606,2026-06-15,0.43823725,0.07113316790736146,Top 10% - High Risk
2243469,202606,2026-06-15,0.43821895,0.07125132931584545,Top 10% - High Risk
2305958,202606,2026-06-15,0.4381598,0.07136949072432944,Top 10% - High Risk
2039564,202606,2026-06-15,0.4381598,0.07148765213281343,Top 10% - High Risk
2146084,202604,2026-04-15,0.43814826,0.07160581354129741,Top 10% - High Risk
2220973,202606,2026-06-15,0.43814826,0.0717239749497814,Top 10% - High Risk
2042320,202606,2026-06-15,0.43814826,0.07184213635826539,Top 10% - High Risk
2589875,202606,2026-06-15,0.4381178,0.07196029776674938,Top 10% - High Risk
2491272,202606,2026-06-15,0.438058,0.07207845917523337,Top 10% - High Risk
2121513,202606,2026-06-15,0.43802088,0.07219662058371736,Top 10% - High Risk
2174287,202606,2026-06-15,0.43800703,0.07231478199220134,Top 10% - High Risk
2464081,202606,2026-06-15,0.43796292,0.07243294340068533,Top 10% - High Risk
2103258,202606,2026-06-15,0.437936,0.07278742762613731,Top 10% - High Risk
2062728,202606,2026-06-15,0.437936,0.07255110480916932,Top 10% - High Risk
2106130,202606,2026-06-15,0.437936,0.07266926621765331,Top 10% - High Risk
2464040,202606,2026-06-15,0.4377488,0.07302375044310529,Top 10% - High Risk
2290427,202606,2026-06-15,0.4377488,0.0729055890346213,Top 10% - High Risk
2543619,202606,2026-06-15,0.43771955,0.07314191185158928,Top 10% - High Risk
2234518,202606,2026-06-15,0.43771315,0.07326007326007326,Top 10% - High Risk
2053594,202606,2026-06-15,0.43768966,0.07361455748552523,Top 10% - High Risk
2029821,202606,2026-06-15,0.43768966,0.07337823466855725,Top 10% - High Risk
2415787,202606,2026-06-15,0.43768966,0.07349639607704124,Top 10% - High Risk
2328247,202606,2026-06-15,0.4375789,0.07408720311946118,Top 10% - High Risk
2607572,202606,2026-06-15,0.4375789,0.0738508803024932,Top 10% - High Risk
2572510,202606,2026-06-15,0.4375789,0.07373271889400922,Top 10% - High Risk
2581840,202606,2026-06-15,0.4375789,0.07396904171097719,Top 10% - High Risk
2596909,202606,2026-06-15,0.4375789,0.07420536452794517,Top 10% - High Risk
2338868,202606,2026-06-15,0.4375148,0.07432352593642916,Top 10% - High Risk
2216452,202606,2026-06-15,0.43743226,0.07455984875339713,Top 10% - High Risk
2157093,202512,2025-12-16,0.43743226,0.07444168734491315,Top 10% - High Risk
2217694,202606,2026-06-15,0.43739113,0.07467801016188114,Top 10% - High Risk
2129904,202606,2026-06-15,0.43735725,0.07491433297884911,Top 10% - High Risk
2280108,202606,2026-06-15,0.43735725,0.07479617157036512,Top 10% - High Risk
2157868,202606,2026-06-15,0.4373232,0.0750324943873331,Top 10% - High Risk
2311091,202606,2026-06-15,0.43730652,0.07515065579581709,Top 10% - High Risk
2500039,202606,2026-06-15,0.437243,0.07526881720430108,Top 10% - High Risk
2053996,202606,2026-06-15,0.43717417,0.07538697861278507,Top 10% - High Risk
2297577,202606,2026-06-15,0.43717417,0.07562330142975304,Top 10% - High Risk
2349546,202606,2026-06-15,0.43717417,0.07550514002126905,Top 10% - High Risk
2464230,202606,2026-06-15,0.43717128,0.07574146283823703,Top 10% - High Risk
2564474,202606,2026-06-15,0.43716055,0.07585962424672102,Top 10% - High Risk
2431444,202606,2026-06-15,0.43714392,0.07621410847217298,Top 10% - High Risk
2476121,202606,2026-06-15,0.43714392,0.07633226988065697,Top 10% - High Risk
2572858,202606,2026-06-15,0.43714392,0.076095947063689,Top 10% - High Risk
2059216,202606,2026-06-15,0.43714392,0.07645043128914096,Top 10% - High Risk
2588524,202606,2026-06-15,0.43714392,0.07597778565520501,Top 10% - High Risk
2185292,202606,2026-06-15,0.43699262,0.07656859269762496,Top 10% - High Risk
2521312,202606,2026-06-15,0.43699262,0.07668675410610895,Top 10% - High Risk
2323323,202606,2026-06-15,0.43697035,0.07680491551459294,Top 10% - High Risk
2420461,202606,2026-06-15,0.4368334,0.07692307692307693,Top 10% - High Risk
2617598,202606,2026-06-15,0.43682384,0.07704123833156092,Top 10% - High Risk
2208860,202606,2026-06-15,0.43681443,0.0771593997400449,Top 10% - High Risk
2290714,202606,2026-06-15,0.43675935,0.07727756114852889,Top 10% - High Risk
2394833,202606,2026-06-15,0.43674493,0.07751388396549687,Top 10% - High Risk
2166601,202606,2026-06-15,0.43674493,0.07739572255701288,Top 10% - High Risk
2106172,202606,2026-06-15,0.4367426,0.07763204537398086,Top 10% - High Risk
2224199,202606,2026-06-15,0.4367378,0.07775020678246485,Top 10% - High Risk
2412786,202606,2026-06-15,0.4367078,0.07786836819094883,Top 10% - High Risk
2456505,202606,2026-06-15,0.43670288,0.07798652959943282,Top 10% - High Risk
2135609,202606,2026-06-15,0.43653598,0.0782228524164008,Top 10% - High Risk
2364209,202606,2026-06-15,0.43653598,0.07810469100791681,Top 10% - High Risk
2264746,202606,2026-06-15,0.43646047,0.07834101382488479,Top 10% - High Risk
2164055,202606,2026-06-15,0.43622366,0.07845917523336879,Top 10% - High Risk
2518345,202605,2026-05-16,0.43613815,0.07857733664185278,Top 10% - High Risk
2502702,202606,2026-06-15,0.43610868,0.07869549805033677,Top 10% - High Risk
2331069,202606,2026-06-15,0.43610722,0.07893182086730474,Top 10% - High Risk
2286693,202606,2026-06-15,0.43610722,0.07881365945882075,Top 10% - High Risk
2528771,202606,2026-06-15,0.43609798,0.07904998227578873,Top 10% - High Risk
2285390,202606,2026-06-15,0.43605065,0.07916814368427272,Top 10% - High Risk
2607674,202606,2026-06-15,0.43604177,0.0792863050927567,Top 10% - High Risk
2446450,202606,2026-06-15,0.43593872,0.0794044665012407,Top 10% - High Risk
2522557,202606,2026-06-15,0.435802,0.07952262790972468,Top 10% - High Risk
2030362,202606,2026-06-15,0.43577355,0.07964078931820867,Top 10% - High Risk
2149573,202606,2026-06-15,0.4356263,0.07975895072669266,Top 10% - High Risk
2239141,202606,2026-06-15,0.43561348,0.07987711213517665,Top 10% - High Risk
2178563,202606,2026-06-15,0.43560526,0.07999527354366064,Top 10% - High Risk
2154969,202606,2026-06-15,0.43560526,0.08011343495214462,Top 10% - High Risk
2196538,202606,2026-06-15,0.4356052,0.08023159636062861,Top 10% - High Risk
2519495,202606,2026-06-15,0.43559167,0.08034975776911261,Top 10% - High Risk
2247688,202606,2026-06-15,0.43549463,0.08070424199456458,Top 10% - High Risk
2177880,202601,2026-01-15,0.43549463,0.08058608058608059,Top 10% - High Risk
2228844,202606,2026-06-15,0.43549463,0.08082240340304857,Top 10% - High Risk
2514752,202606,2026-06-15,0.43549463,0.0804679191775966,Top 10% - High Risk
2197596,202606,2026-06-15,0.43548363,0.08094056481153256,Top 10% - High Risk
2136928,202606,2026-06-15,0.43548015,0.08105872622001654,Top 10% - High Risk
2583745,202606,2026-06-15,0.435392,0.08141321044546851,Top 10% - High Risk
2316260,202606,2026-06-15,0.435392,0.08117688762850053,Top 10% - High Risk
2069607,202606,2026-06-15,0.435392,0.08129504903698452,Top 10% - High Risk
2318105,202606,2026-06-15,0.435339,0.08176769467092047,Top 10% - High Risk
2149283,202606,2026-06-15,0.435339,0.0815313718539525,Top 10% - High Risk
2190258,202606,2026-06-15,0.435339,0.08164953326243649,Top 10% - High Risk
2207231,202606,2026-06-15,0.435263,0.08200401748788845,Top 10% - High Risk
2609781,202606,2026-06-15,0.435263,0.08188585607940446,Top 10% - High Risk
2564335,202606,2026-06-15,0.4352089,0.08212217889637244,Top 10% - High Risk
2607086,202606,2026-06-15,0.4351707,0.0827129859387924,Top 10% - High Risk
2328884,202606,2026-06-15,0.4351707,0.0825948245303084,Top 10% - High Risk
2314390,202606,2026-06-15,0.4351707,0.08235850171334043,Top 10% - High Risk
2572163,202606,2026-06-15,0.4351707,0.08247666312182442,Top 10% - High Risk
2301945,202606,2026-06-15,0.4351707,0.08224034030485644,Top 10% - High Risk
2138412,202606,2026-06-15,0.43511996,0.08283114734727638,Top 10% - High Risk
2168180,202606,2026-06-15,0.43511996,0.08294930875576037,Top 10% - High Risk
2194822,202606,2026-06-15,0.43508196,0.08306747016424436,Top 10% - High Risk
2370787,202606,2026-06-15,0.4349575,0.08342195438969632,Top 10% - High Risk
2528776,202606,2026-06-15,0.4349575,0.08354011579818031,Top 10% - High Risk
2017256,202606,2026-06-15,0.4349575,0.08318563157272835,Top 10% - High Risk
2606631,202606,2026-06-15,0.4349575,0.08330379298121234,Top 10% - High Risk
2295599,202606,2026-06-15,0.4349575,0.0836582772066643,Top 10% - High Risk
2308642,202606,2026-06-15,0.43495065,0.08377643861514829,Top 10% - High Risk
2308335,202606,2026-06-15,0.43492803,0.08389460002363228,Top 10% - High Risk
2421102,202606,2026-06-15,0.43482837,0.08413092284060027,Top 10% - High Risk
2186887,202606,2026-06-15,0.43482837,0.08401276143211626,Top 10% - High Risk
2247273,202606,2026-06-15,0.43481764,0.08424908424908426,Top 10% - High Risk
2215230,202606,2026-06-15,0.4347594,0.08436724565756824,Top 10% - High Risk
2573680,202606,2026-06-15,0.43470323,0.08460356847453622,Top 10% - High Risk
2325031,202606,2026-06-15,0.43470323,0.08448540706605223,Top 10% - High Risk
2058227,202606,2026-06-15,0.43465766,0.08472172988302021,Top 10% - High Risk
2211303,202606,2026-06-15,0.43447793,0.0848398912915042,Top 10% - High Risk
2494253,202606,2026-06-15,0.43447793,0.08495805269998818,Top 10% - High Risk
2365050,202606,2026-06-15,0.43445194,0.08519437551695616,Top 10% - High Risk
2062020,202606,2026-06-15,0.43445194,0.08507621410847217,Top 10% - High Risk
2139255,202606,2026-06-15,0.43441772,0.08531253692544015,Top 10% - High Risk
2059066,202606,2026-06-15,0.4343508,0.08543069833392414,Top 10% - High Risk
2270493,202606,2026-06-15,0.43434152,0.08554885974240813,Top 10% - High Risk
2607474,202606,2026-06-15,0.4342251,0.08566702115089211,Top 10% - High Risk
2495491,202606,2026-06-15,0.43422154,0.0857851825593761,Top 10% - High Risk
2170089,202606,2026-06-15,0.43419126,0.08590334396786009,Top 10% - High Risk
2042512,202606,2026-06-15,0.4341751,0.08613966678482808,Top 10% - High Risk
2490762,202606,2026-06-15,0.4341751,0.08602150537634409,Top 10% - High Risk
2365750,202606,2026-06-15,0.4341672,0.08625782819331207,Top 10% - High Risk
2220247,202606,2026-06-15,0.4341518,0.08637598960179606,Top 10% - High Risk
2605501,202606,2026-06-15,0.4341242,0.08661231241876403,Top 10% - High Risk
2563284,202606,2026-06-15,0.4341242,0.08649415101028005,Top 10% - High Risk
2148927,202606,2026-06-15,0.43404365,0.08673047382724802,Top 10% - High Risk
2295204,202606,2026-06-15,0.43404365,0.08684863523573201,Top 10% - High Risk
2219092,202606,2026-06-15,0.43384728,0.086966796644216,Top 10% - High Risk
2175631,202606,2026-06-15,0.43384364,0.08708495805269999,Top 10% - High Risk
2067562,202606,2026-06-15,0.43383336,0.08720311946118398,Top 10% - High Risk
2007971,202606,2026-06-15,0.43380994,0.08732128086966796,Top 10% - High Risk
2301134,202606,2026-06-15,0.43379483,0.08743944227815195,Top 10% - High Risk
2488254,202606,2026-06-15,0.4335151,0.08755760368663594,Top 10% - High Risk
2604171,202606,2026-06-15,0.4334489,0.08767576509511993,Top 10% - High Risk
2155503,202606,2026-06-15,0.43342093,0.08779392650360392,Top 10% - High Risk
2427945,202606,2026-06-15,0.4333744,0.08791208791208792,Top 10% - High Risk
2571128,202606,2026-06-15,0.4333607,0.08803024932057191,Top 10% - High Risk
2124142,202606,2026-06-15,0.43325272,0.08826657213753988,Top 10% - High Risk
2187153,202606,2026-06-15,0.43325272,0.0881484107290559,Top 10% - High Risk
2440311,202606,2026-06-15,0.43320882,0.08838473354602387,Top 10% - High Risk
2100853,202606,2026-06-15,0.43320277,0.08850289495450786,Top 10% - High Risk
2379265,202606,2026-06-15,0.43320277,0.08862105636299185,Top 10% - High Risk
2121589,202606,2026-06-15,0.4331906,0.08873921777147584,Top 10% - High Risk
2185686,202606,2026-06-15,0.43318376,0.08885737917995983,Top 10% - High Risk
2149279,202606,2026-06-15,0.43314806,0.08897554058844381,Top 10% - High Risk
2338908,202606,2026-06-15,0.43314248,0.0890937019969278,Top 10% - High Risk
2488067,202606,2026-06-15,0.43304133,0.08933002481389578,Top 10% - High Risk
2387000,202606,2026-06-15,0.43304133,0.08921186340541179,Top 10% - High Risk
2437592,202606,2026-06-15,0.43291688,0.08956634763086375,Top 10% - High Risk
2100879,202606,2026-06-15,0.43291688,0.08944818622237977,Top 10% - High Risk
2277193,202606,2026-06-15,0.4328825,0.08968450903934774,Top 10% - High Risk
2269216,202606,2026-06-15,0.4328772,0.08980267044783175,Top 10% - High Risk
2215665,202606,2026-06-15,0.4328096,0.08992083185631573,Top 10% - High Risk
2031910,202606,2026-06-15,0.4328096,0.09003899326479972,Top 10% - High Risk
2230555,202606,2026-06-15,0.4327067,0.09015715467328371,Top 10% - High Risk
2060630,202606,2026-06-15,0.4327067,0.0902753160817677,Top 10% - High Risk
2403446,202606,2026-06-15,0.43262878,0.09039347749025169,Top 10% - High Risk
2507988,202602,2026-02-15,0.43253803,0.09062980030721966,Top 10% - High Risk
2467298,202606,2026-06-15,0.43253803,0.09051163889873567,Top 10% - High Risk
2497989,202606,2026-06-15,0.43253803,0.09074796171570365,Top 10% - High Risk
2405963,202606,2026-06-15,0.4325019,0.09086612312418764,Top 10% - High Risk
2204202,202606,2026-06-15,0.43249378,0.09098428453267163,Top 10% - High Risk
2311412,202601,2026-01-15,0.4324203,0.0912206073496396,Top 10% - High Risk
2231946,202606,2026-06-15,0.4324203,0.09110244594115562,Top 10% - High Risk
2319683,202606,2026-06-15,0.4324163,0.09145693016660758,Top 10% - High Risk
2367835,202606,2026-06-15,0.4324163,0.09157509157509157,Top 10% - High Risk
2001744,202601,2026-01-15,0.4324163,0.09133876875812359,Top 10% - High Risk
2433875,202606,2026-06-15,0.4323757,0.09169325298357557,Top 10% - High Risk
2266425,202606,2026-06-15,0.43236092,0.09228406002599551,Top 10% - High Risk
2332765,202602,2026-02-15,0.43236092,0.09192957580054355,Top 10% - High Risk
2383752,202606,2026-06-15,0.43236092,0.09216589861751152,Top 10% - High Risk
2322471,202606,2026-06-15,0.43236092,0.09204773720902754,Top 10% - High Risk
2170033,202606,2026-06-15,0.43236092,0.09181141439205956,Top 10% - High Risk
2530861,202606,2026-06-15,0.4323414,0.0924022214344795,Top 10% - High Risk
2148815,202606,2026-06-15,0.43233812,0.09252038284296349,Top 10% - High Risk
2124739,202606,2026-06-15,0.43230504,0.09275670565993147,Top 10% - High Risk
2217727,202606,2026-06-15,0.43230504,0.09263854425144748,Top 10% - High Risk
2317857,202606,2026-06-15,0.43228838,0.09287486706841545,Top 10% - High Risk
2036299,202606,2026-06-15,0.4322426,0.09299302847689944,Top 10% - High Risk
2263639,202606,2026-06-15,0.4322375,0.09311118988538343,Top 10% - High Risk
2136137,202606,2026-06-15,0.43223315,0.0934656741108354,Top 10% - High Risk
2046766,202606,2026-06-15,0.43223315,0.0933475127023514,Top 10% - High Risk
2585243,202606,2026-06-15,0.43223315,0.09322935129386742,Top 10% - High Risk
2185862,202606,2026-06-15,0.43201143,0.0935838355193194,Top 10% - High Risk
2250883,202606,2026-06-15,0.43199292,0.09370199692780339,Top 10% - High Risk
2152413,202605,2026-05-16,0.43198252,0.09382015833628737,Top 10% - High Risk
2250761,202606,2026-06-15,0.43195853,0.09393831974477136,Top 10% - High Risk
2052418,202606,2026-06-15,0.43192905,0.09441096537870731,Top 10% - High Risk
2594738,202606,2026-06-15,0.43192905,0.09405648115325535,Top 10% - High Risk
2594250,202606,2026-06-15,0.43192905,0.09417464256173934,Top 10% - High Risk
2448822,202606,2026-06-15,0.43192905,0.09429280397022333,Top 10% - High Risk
2507337,202606,2026-06-15,0.43190783,0.0945291267871913,Top 10% - High Risk
2264582,202606,2026-06-15,0.43187132,0.09476544960415928,Top 10% - High Risk
2551195,202606,2026-06-15,0.43187132,0.09464728819567529,Top 10% - High Risk
2036654,202606,2026-06-15,0.43180826,0.09488361101264327,Top 10% - High Risk
2223710,202606,2026-06-15,0.43180826,0.09500177242112726,Top 10% - High Risk
2577251,202606,2026-06-15,0.43179476,0.09511993382961124,Top 10% - High Risk
2610514,202606,2026-06-15,0.431755,0.09523809523809523,Top 10% - High Risk
2120661,202606,2026-06-15,0.43173948,0.09535625664657922,Top 10% - High Risk
2602587,202606,2026-06-15,0.43173948,0.09547441805506322,Top 10% - High Risk
2377411,202606,2026-06-15,0.43173075,0.09559257946354721,Top 10% - High Risk
2423329,202606,2026-06-15,0.43169922,0.0957107408720312,Top 10% - High Risk
2265996,202606,2026-06-15,0.43164828,0.09582890228051519,Top 10% - High Risk
2010694,202606,2026-06-15,0.43160352,0.09594706368899918,Top 10% - High Risk
2370488,202606,2026-06-15,0.4315933,0.09606522509748316,Top 10% - High Risk
2461590,202606,2026-06-15,0.43148363,0.09618338650596715,Top 10% - High Risk
2520481,202606,2026-06-15,0.43147415,0.09630154791445114,Top 10% - High Risk
2293972,202606,2026-06-15,0.43146127,0.09641970932293513,Top 10% - High Risk
2398521,202606,2026-06-15,0.43141586,0.09653787073141912,Top 10% - High Risk
2227961,202606,2026-06-15,0.43141586,0.0967741935483871,Top 10% - High Risk
2572633,202606,2026-06-15,0.43141586,0.0966560321399031,Top 10% - High Risk
2191304,202606,2026-06-15,0.43137878,0.09689235495687108,Top 10% - High Risk
2321032,202606,2026-06-15,0.43137464,0.09724683918232305,Top 10% - High Risk
2301589,202606,2026-06-15,0.43137464,0.09701051636535507,Top 10% - High Risk
2142834,202606,2026-06-15,0.43137464,0.09712867777383906,Top 10% - High Risk
2498594,202606,2026-06-15,0.43137464,0.09736500059080705,Top 10% - High Risk
2580126,202606,2026-06-15,0.43130586,0.09760132340777503,Top 10% - High Risk
2521678,202606,2026-06-15,0.43130586,0.09748316199929104,Top 10% - High Risk
2573821,202606,2026-06-15,0.43130067,0.09771948481625901,Top 10% - High Risk
2197401,202606,2026-06-15,0.4312777,0.097837646224743,Top 10% - High Risk
2255565,202606,2026-06-15,0.4312686,0.09795580763322699,Top 10% - High Risk
2294696,202606,2026-06-15,0.43124545,0.09807396904171098,Top 10% - High Risk
2362421,202606,2026-06-15,0.43124244,0.09831029185867896,Top 10% - High Risk
2090294,202606,2026-06-15,0.43124244,0.09819213045019497,Top 10% - High Risk
2184007,202606,2026-06-15,0.4311737,0.09866477608413092,Top 10% - High Risk
2168270,202606,2026-06-15,0.4311737,0.09854661467564693,Top 10% - High Risk
2577589,202606,2026-06-15,0.4311737,0.09842845326716294,Top 10% - High Risk
2290694,202606,2026-06-15,0.43113947,0.09878293749261491,Top 10% - High Risk
2032633,202606,2026-06-15,0.43113947,0.0989010989010989,Top 10% - High Risk
2299481,202606,2026-06-15,0.43110693,0.09901926030958288,Top 10% - High Risk
2199710,202601,2026-01-15,0.43108824,0.09913742171806687,Top 10% - High Risk
2089849,202606,2026-06-15,0.4310725,0.09925558312655088,Top 10% - High Risk
2104484,202606,2026-06-15,0.43098232,0.09949190594351885,Top 10% - High Risk
2508842,202606,2026-06-15,0.43098232,0.09937374453503486,Top 10% - High Risk
2322202,202606,2026-06-15,0.43098232,0.09961006735200284,Top 10% - High Risk
2302472,202606,2026-06-15,0.43094224,0.09972822876048683,Top 10% - High Risk
2526964,202606,2026-06-15,0.43085977,0.09984639016897082,Top 10% - High Risk
2254252,202606,2026-06-15,0.43081272,0.1000827129859388,10-20% - High-Medium Risk
2579305,202606,2026-06-15,0.43081272,0.0999645515774548,Top 10% - High Risk
2180610,202606,2026-06-15,0.43079975,0.10020087439442278,10-20% - High-Medium Risk
2268826,202606,2026-06-15,0.4307791,0.10031903580290677,10-20% - High-Medium Risk
2297350,202606,2026-06-15,0.43077353,0.10043719721139076,10-20% - High-Medium Risk
2135250,202606,2026-06-15,0.4307634,0.10055535861987475,10-20% - High-Medium Risk
2511912,202606,2026-06-15,0.430754,0.10067352002835873,10-20% - High-Medium Risk
2006836,202604,2026-04-15,0.4307318,0.10079168143684272,10-20% - High-Medium Risk
2060097,202606,2026-06-15,0.43070364,0.10090984284532671,10-20% - High-Medium Risk
2327262,202604,2026-04-15,0.43068242,0.1010280042538107,10-20% - High-Medium Risk
2577646,202606,2026-06-15,0.43067348,0.1011461656622947,10-20% - High-Medium Risk
2172972,202606,2026-06-15,0.43067095,0.10126432707077869,10-20% - High-Medium Risk
2123785,202606,2026-06-15,0.43058974,0.10150064988774667,10-20% - High-Medium Risk
2381088,202606,2026-06-15,0.43058974,0.10138248847926268,10-20% - High-Medium Risk
2135326,202606,2026-06-15,0.43056524,0.10161881129623065,10-20% - High-Medium Risk
2001395,202606,2026-06-15,0.43055588,0.10232777974713458,10-20% - High-Medium Risk
2341340,202606,2026-06-15,0.43055588,0.1022096183386506,10-20% - High-Medium Risk
2250089,202606,2026-06-15,0.43055588,0.10185513411319863,10-20% - High-Medium Risk
2145421,202606,2026-06-15,0.43055588,0.10173697270471464,10-20% - High-Medium Risk
2062217,202606,2026-06-15,0.43055588,0.10209145693016661,10-20% - High-Medium Risk
2156707,202606,2026-06-15,0.43055588,0.10197329552168262,10-20% - High-Medium Risk
2522675,202606,2026-06-15,0.43042943,0.10244594115561857,10-20% - High-Medium Risk
2026711,202606,2026-06-15,0.43037933,0.10256410256410256,10-20% - High-Medium Risk
2551851,202606,2026-06-15,0.43036705,0.10268226397258655,10-20% - High-Medium Risk
2459777,202606,2026-06-15,0.43033034,0.10315490960652252,10-20% - High-Medium Risk
2572417,202606,2026-06-15,0.43033034,0.1032730710150065,10-20% - High-Medium Risk
2415084,202606,2026-06-15,0.43033034,0.10291858678955453,10-20% - High-Medium Risk
2070686,202606,2026-06-15,0.43033034,0.10280042538107054,10-20% - High-Medium Risk
2442078,202606,2026-06-15,0.43033034,0.10303674819803853,10-20% - High-Medium Risk
2173400,202606,2026-06-15,0.4303213,0.10339123242349049,10-20% - High-Medium Risk
2084808,202606,2026-06-15,0.430319,0.10350939383197448,10-20% - High-Medium Risk
2097237,202606,2026-06-15,0.43020657,0.10362755524045847,10-20% - High-Medium Risk
2557037,202606,2026-06-15,0.4301762,0.10374571664894246,10-20% - High-Medium Risk
2106134,202606,2026-06-15,0.43015406,0.10386387805742645,10-20% - High-Medium Risk
2262198,202606,2026-06-15,0.43014672,0.10398203946591043,10-20% - High-Medium Risk
2434857,202606,2026-06-15,0.43008128,0.1043365236913624,10-20% - High-Medium Risk
2385956,202606,2026-06-15,0.43008128,0.10421836228287841,10-20% - High-Medium Risk
2309724,202606,2026-06-15,0.43008128,0.10469100791681436,10-20% - High-Medium Risk
2524075,202606,2026-06-15,0.43008128,0.10457284650833037,10-20% - High-Medium Risk
2512952,202606,2026-06-15,0.43008128,0.10445468509984639,10-20% - High-Medium Risk
2524792,202606,2026-06-15,0.43008128,0.10410020087439442,10-20% - High-Medium Risk
2494968,202606,2026-06-15,0.4300066,0.10504549214226634,10-20% - High-Medium Risk
2339059,202606,2026-06-15,0.4300066,0.10480916932529835,10-20% - High-Medium Risk
2608669,202606,2026-06-15,0.4300066,0.10492733073378235,10-20% - High-Medium Risk
2322500,202606,2026-06-15,0.42998627,0.10516365355075033,10-20% - High-Medium Risk
2604493,202606,2026-06-15,0.42989707,0.10528181495923432,10-20% - High-Medium Risk
2126373,202606,2026-06-15,0.42988494,0.1053999763677183,10-20% - High-Medium Risk
2296118,202606,2026-06-15,0.42988494,0.1055181377762023,10-20% - High-Medium Risk
2102710,202606,2026-06-15,0.42988494,0.10563629918468628,10-20% - High-Medium Risk
2236400,202606,2026-06-15,0.4298723,0.10575446059317027,10-20% - High-Medium Risk
2097495,202606,2026-06-15,0.4298723,0.10587262200165426,10-20% - High-Medium Risk
2276829,202606,2026-06-15,0.42980912,0.10599078341013825,10-20% - High-Medium Risk
2303074,202606,2026-06-15,0.42976654,0.10610894481862224,10-20% - High-Medium Risk
2135035,202606,2026-06-15,0.4297195,0.10622710622710622,10-20% - High-Medium Risk
2152222,202606,2026-06-15,0.42971644,0.10634526763559021,10-20% - High-Medium Risk
2499783,202606,2026-06-15,0.42965657,0.1064634290440742,10-20% - High-Medium Risk
2476212,202606,2026-06-15,0.4296505,0.10658159045255819,10-20% - High-Medium Risk
2032304,202606,2026-06-15,0.429643,0.10669975186104218,10-20% - High-Medium Risk
2470357,202606,2026-06-15,0.4296322,0.10681791326952618,10-20% - High-Medium Risk
2174776,202606,2026-06-15,0.4296124,0.10693607467801017,10-20% - High-Medium Risk
2442954,202606,2026-06-15,0.42959413,0.10705423608649416,10-20% - High-Medium Risk
2316250,202606,2026-06-15,0.42956337,0.10717239749497814,10-20% - High-Medium Risk
2276725,202601,2026-01-15,0.42956337,0.10729055890346213,10-20% - High-Medium Risk
2559070,202606,2026-06-15,0.42955947,0.10740872031194612,10-20% - High-Medium Risk
2202598,202606,2026-06-15,0.42945302,0.1076450431289141,10-20% - High-Medium Risk
2273772,202606,2026-06-15,0.42945302,0.10752688172043011,10-20% - High-Medium Risk
2018352,202606,2026-06-15,0.42935058,0.10776320453739809,10-20% - High-Medium Risk
2159419,202606,2026-06-15,0.4293389,0.10788136594588207,10-20% - High-Medium Risk
2307173,202606,2026-06-15,0.4293318,0.10799952735436606,10-20% - High-Medium Risk
2205221,202606,2026-06-15,0.42921337,0.10811768876285005,10-20% - High-Medium Risk
2430930,202606,2026-06-15,0.42912742,0.10835401157981803,10-20% - High-Medium Risk
2203075,202606,2026-06-15,0.42912742,0.10823585017133404,10-20% - High-Medium Risk
2367362,202606,2026-06-15,0.429037,0.10847217298830202,10-20% - High-Medium Risk
2490716,202606,2026-06-15,0.4289384,0.108590334396786,10-20% - High-Medium Risk
2547049,202606,2026-06-15,0.4288765,0.10870849580527,10-20% - High-Medium Risk
2081077,202606,2026-06-15,0.4288123,0.10929930284768995,10-20% - High-Medium Risk
2511528,202606,2026-06-15,0.4288123,0.10918114143920596,10-20% - High-Medium Risk
2460511,202606,2026-06-15,0.4288123,0.10894481862223798,10-20% - High-Medium Risk
2518179,202606,2026-06-15,0.4288123,0.108826657213754,10-20% - High-Medium Risk
2522589,202606,2026-06-15,0.4288123,0.10941746425617394,10-20% - High-Medium Risk
2415197,202606,2026-06-15,0.4288123,0.10906298003072197,10-20% - High-Medium Risk
2259501,202606,2026-06-15,0.42878705,0.10953562566465792,10-20% - High-Medium Risk
2227108,202606,2026-06-15,0.42878705,0.10965378707314191,10-20% - High-Medium Risk
2058635,202606,2026-06-15,0.42876256,0.10989010989010989,10-20% - High-Medium Risk
2455933,202606,2026-06-15,0.42876256,0.1097719484816259,10-20% - High-Medium Risk
2183965,202606,2026-06-15,0.42876032,0.11000827129859388,10-20% - High-Medium Risk
2573956,202606,2026-06-15,0.4287334,0.11012643270707786,10-20% - High-Medium Risk
2156994,202606,2026-06-15,0.42873082,0.11024459411556185,10-20% - High-Medium Risk
2199888,202606,2026-06-15,0.42872587,0.11036275552404584,10-20% - High-Medium Risk
2173049,202606,2026-06-15,0.42868966,0.11048091693252983,10-20% - High-Medium Risk
2532665,202606,2026-06-15,0.4285494,0.11059907834101383,10-20% - High-Medium Risk
2432242,202606,2026-06-15,0.42850545,0.11071723974949782,10-20% - High-Medium Risk
2254261,202606,2026-06-15,0.4284469,0.1109535625664658,10-20% - High-Medium Risk
2518973,202606,2026-06-15,0.4284469,0.11083540115798181,10-20% - High-Medium Risk
2494746,202606,2026-06-15,0.4284433,0.11130804679191776,10-20% - High-Medium Risk
2103755,202606,2026-06-15,0.4284433,0.11118988538343377,10-20% - High-Medium Risk
2065525,202606,2026-06-15,0.4284433,0.11107172397494978,10-20% - High-Medium Risk
2602606,202606,2026-06-15,0.42843044,0.11166253101736973,10-20% - High-Medium Risk
2299105,202606,2026-06-15,0.42843044,0.11142620820040175,10-20% - High-Medium Risk
2384468,202606,2026-06-15,0.42843044,0.11154436960888574,10-20% - High-Medium Risk
2381800,202606,2026-06-15,0.42843044,0.11178069242585371,10-20% - High-Medium Risk
2041105,202606,2026-06-15,0.42837757,0.1118988538343377,10-20% - High-Medium Risk
2366859,202606,2026-06-15,0.42836455,0.11213517665130568,10-20% - High-Medium Risk
2532318,202602,2026-02-15,0.42836455,0.11225333805978967,10-20% - High-Medium Risk
2201661,202606,2026-06-15,0.42836455,0.11201701524282169,10-20% - High-Medium Risk
2280964,202606,2026-06-15,0.42836455,0.11237149946827366,10-20% - High-Medium Risk
2423425,202606,2026-06-15,0.4283453,0.11248966087675766,10-20% - High-Medium Risk
2171603,202606,2026-06-15,0.4283274,0.11260782228524165,10-20% - High-Medium Risk
2603151,202606,2026-06-15,0.42828843,0.11355311355311355,10-20% - High-Medium Risk
2609964,202606,2026-06-15,0.42828843,0.1130804679191776,10-20% - High-Medium Risk
2430884,202606,2026-06-15,0.42828843,0.11272598369372563,10-20% - High-Medium Risk
2585188,202606,2026-06-15,0.42828843,0.11296230651069361,10-20% - High-Medium Risk
2607939,202606,2026-06-15,0.42828843,0.11331679073614558,10-20% - High-Medium Risk
2612512,202606,2026-06-15,0.42828843,0.11319862932766159,10-20% - High-Medium Risk
2327857,202606,2026-06-15,0.42828843,0.11284414510220962,10-20% - High-Medium Risk
2296323,202606,2026-06-15,0.42828843,0.11343495214462956,10-20% - High-Medium Risk
2560898,202606,2026-06-15,0.4282444,0.11367127496159754,10-20% - High-Medium Risk
2493891,202606,2026-06-15,0.42818183,0.11378943637008153,10-20% - High-Medium Risk
2528022,202606,2026-06-15,0.4281521,0.11390759777856552,10-20% - High-Medium Risk
2401796,202606,2026-06-15,0.42801553,0.1140257591870495,10-20% - High-Medium Risk
2181517,202606,2026-06-15,0.42795107,0.11449840482098547,10-20% - High-Medium Risk
2410354,202606,2026-06-15,0.42795107,0.1141439205955335,10-20% - High-Medium Risk
2315169,202606,2026-06-15,0.42795107,0.11438024341250148,10-20% - High-Medium Risk
2321583,202606,2026-06-15,0.42795107,0.11426208200401748,10-20% - High-Medium Risk
2581655,202605,2026-05-16,0.42793173,0.11461656622946946,10-20% - High-Medium Risk
2605563,202606,2026-06-15,0.4278574,0.11473472763795345,10-20% - High-Medium Risk
2349293,202606,2026-06-15,0.42779848,0.11485288904643744,10-20% - High-Medium Risk
2539113,202606,2026-06-15,0.42778063,0.11497105045492143,10-20% - High-Medium Risk
2131626,202602,2026-02-15,0.42766637,0.11508921186340541,10-20% - High-Medium Risk
2239236,202606,2026-06-15,0.42757684,0.11532553468037339,10-20% - High-Medium Risk
2228808,202606,2026-06-15,0.42757684,0.11544369608885738,10-20% - High-Medium Risk
2121706,202606,2026-06-15,0.42757684,0.11556185749734137,10-20% - High-Medium Risk
2462211,202606,2026-06-15,0.42757684,0.1152073732718894,10-20% - High-Medium Risk
2503816,202606,2026-06-15,0.42751837,0.11579818031430934,10-20% - High-Medium Risk
2474621,202606,2026-06-15,0.42751837,0.11568001890582535,10-20% - High-Medium Risk
2512657,202606,2026-06-15,0.42751837,0.11591634172279333,10-20% - High-Medium Risk
2527064,202606,2026-06-15,0.42751837,0.11615266453976131,10-20% - High-Medium Risk
2278311,202606,2026-06-15,0.42751837,0.11603450313127732,10-20% - High-Medium Risk
2495233,202606,2026-06-15,0.4275064,0.11627082594824531,10-20% - High-Medium Risk
2202848,202606,2026-06-15,0.42744964,0.1163889873567293,10-20% - High-Medium Risk
2212118,202606,2026-06-15,0.42744964,0.11650714876521329,10-20% - High-Medium Risk
2274528,202606,2026-06-15,0.42744964,0.11662531017369727,10-20% - High-Medium Risk
2283667,202606,2026-06-15,0.42741677,0.11674347158218126,10-20% - High-Medium Risk
2429013,202606,2026-06-15,0.42741677,0.11686163299066525,10-20% - High-Medium Risk
2579277,202606,2026-06-15,0.4273195,0.11697979439914924,10-20% - High-Medium Risk
2300529,202606,2026-06-15,0.4273195,0.11709795580763323,10-20% - High-Medium Risk
2592447,202606,2026-06-15,0.42724723,0.11721611721611722,10-20% - High-Medium Risk
2385694,202606,2026-06-15,0.42723653,0.1173342786246012,10-20% - High-Medium Risk
2278571,202606,2026-06-15,0.42723408,0.11745244003308519,10-20% - High-Medium Risk
2534800,202606,2026-06-15,0.42716283,0.11757060144156918,10-20% - High-Medium Risk
2051534,202606,2026-06-15,0.42714423,0.11780692425853716,10-20% - High-Medium Risk
2320698,202606,2026-06-15,0.42714423,0.11768876285005317,10-20% - High-Medium Risk
2287763,202606,2026-06-15,0.4270693,0.11804324707550513,10-20% - High-Medium Risk
2476789,202606,2026-06-15,0.4270693,0.11816140848398914,10-20% - High-Medium Risk
2555276,202606,2026-06-15,0.4270693,0.11827956989247312,10-20% - High-Medium Risk
2558273,202606,2026-06-15,0.4270693,0.11792508566702115,10-20% - High-Medium Risk
2294683,202606,2026-06-15,0.42697445,0.1185158927094411,10-20% - High-Medium Risk
2112069,202606,2026-06-15,0.42697445,0.11839773130095711,10-20% - High-Medium Risk
2104090,202606,2026-06-15,0.42697278,0.11863405411792509,10-20% - High-Medium Risk
2504260,202606,2026-06-15,0.42694557,0.11875221552640908,10-20% - High-Medium Risk
2444015,202606,2026-06-15,0.42690417,0.11887037693489307,10-20% - High-Medium Risk
2012086,202606,2026-06-15,0.42690417,0.11898853834337705,10-20% - High-Medium Risk
2427410,202606,2026-06-15,0.4268891,0.11910669975186104,10-20% - High-Medium Risk
2181108,202606,2026-06-15,0.42687693,0.11922486116034503,10-20% - High-Medium Risk
2106656,202606,2026-06-15,0.4268663,0.11934302256882902,10-20% - High-Medium Risk
2539511,202606,2026-06-15,0.42685157,0.119461183977313,10-20% - High-Medium Risk
2400632,202606,2026-06-15,0.42674,0.119579345385797,10-20% - High-Medium Risk
2550837,202606,2026-06-15,0.42666477,0.11981566820276497,10-20% - High-Medium Risk
2151556,202606,2026-06-15,0.42666477,0.11993382961124896,10-20% - High-Medium Risk
2439907,202606,2026-06-15,0.42666477,0.11969750679428098,10-20% - High-Medium Risk
2515483,202606,2026-06-15,0.42665222,0.12005199101973296,10-20% - High-Medium Risk
2230200,202606,2026-06-15,0.42659763,0.12017015242821695,10-20% - High-Medium Risk
2166366,202606,2026-06-15,0.42659533,0.12028831383670094,10-20% - High-Medium Risk
2095344,202606,2026-06-15,0.426542,0.12052463665366892,10-20% - High-Medium Risk
2308954,202606,2026-06-15,0.426542,0.12040647524518493,10-20% - High-Medium Risk
2181881,202606,2026-06-15,0.426542,0.1206427980621529,10-20% - High-Medium Risk
2037247,202606,2026-06-15,0.426542,0.12076095947063689,10-20% - High-Medium Risk
2170361,202606,2026-06-15,0.42652488,0.12087912087912088,10-20% - High-Medium Risk
2437257,202606,2026-06-15,0.42645723,0.12099728228760487,10-20% - High-Medium Risk
2110307,202606,2026-06-15,0.42638084,0.12123360510457284,10-20% - High-Medium Risk
2494884,202606,2026-06-15,0.42638084,0.12111544369608886,10-20% - High-Medium Risk
2086661,202606,2026-06-15,0.42636886,0.12135176651305683,10-20% - High-Medium Risk
2128482,202606,2026-06-15,0.42632657,0.12158808933002481,10-20% - High-Medium Risk
2446880,202606,2026-06-15,0.42632657,0.12146992792154082,10-20% - High-Medium Risk
2112670,202606,2026-06-15,0.42631614,0.1217062507385088,10-20% - High-Medium Risk
2548581,202606,2026-06-15,0.42629573,0.12194257355547679,10-20% - High-Medium Risk
2562228,202606,2026-06-15,0.42629573,0.12182441214699279,10-20% - High-Medium Risk
2106083,202606,2026-06-15,0.4262922,0.12206073496396078,10-20% - High-Medium Risk
2173702,202606,2026-06-15,0.42623717,0.12217889637244476,10-20% - High-Medium Risk
2254954,202606,2026-06-15,0.42613044,0.12229705778092875,10-20% - High-Medium Risk
2096235,202606,2026-06-15,0.42602155,0.12241521918941274,10-20% - High-Medium Risk
2027174,202606,2026-06-15,0.42602155,0.12253338059789673,10-20% - High-Medium Risk
2377729,202606,2026-06-15,0.4259607,0.12265154200638072,10-20% - High-Medium Risk
2209205,202606,2026-06-15,0.42591935,0.1227697034148647,10-20% - High-Medium Risk
2233615,202606,2026-06-15,0.42591798,0.1228878648233487,10-20% - High-Medium Risk
2232231,202606,2026-06-15,0.4258943,0.12300602623183268,10-20% - High-Medium Risk
2011477,202606,2026-06-15,0.4258615,0.12312418764031667,10-20% - High-Medium Risk
2268230,202606,2026-06-15,0.4258589,0.12324234904880066,10-20% - High-Medium Risk
2039066,202606,2026-06-15,0.42577687,0.12359683327425262,10-20% - High-Medium Risk
2299734,202606,2026-06-15,0.42577687,0.12336051045728465,10-20% - High-Medium Risk
2343278,202606,2026-06-15,0.42577687,0.12347867186576864,10-20% - High-Medium Risk
2159803,202606,2026-06-15,0.4256811,0.12371499468273661,10-20% - High-Medium Risk
2312481,202606,2026-06-15,0.4256476,0.12383315609122061,10-20% - High-Medium Risk
2115804,202606,2026-06-15,0.42559558,0.1239513174997046,10-20% - High-Medium Risk
2045831,202606,2026-06-15,0.4255894,0.12418764031667258,10-20% - High-Medium Risk
2079721,202606,2026-06-15,0.4255894,0.12406947890818859,10-20% - High-Medium Risk
2446943,202606,2026-06-15,0.4254728,0.12430580172515657,10-20% - High-Medium Risk
2116020,202606,2026-06-15,0.4254671,0.12442396313364056,10-20% - High-Medium Risk
2531008,202606,2026-06-15,0.42544428,0.12454212454212454,10-20% - High-Medium Risk
2506963,202606,2026-06-15,0.4254184,0.12466028595060853,10-20% - High-Medium Risk
2020556,202606,2026-06-15,0.4253681,0.12477844735909252,10-20% - High-Medium Risk
2163610,202606,2026-06-15,0.42526576,0.12489660876757651,10-20% - High-Medium Risk
2077680,202606,2026-06-15,0.42526576,0.1250147701760605,10-20% - High-Medium Risk
2543055,202606,2026-06-15,0.42525426,0.1251329315845445,10-20% - High-Medium Risk
2573750,202606,2026-06-15,0.42525417,0.12525109299302847,10-20% - High-Medium Risk
2534910,202606,2026-06-15,0.4252357,0.12536925440151248,10-20% - High-Medium Risk
2261361,202606,2026-06-15,0.4251734,0.12548741580999645,10-20% - High-Medium Risk
2148803,202606,2026-06-15,0.42513907,0.12560557721848045,10-20% - High-Medium Risk
2527324,202606,2026-06-15,0.42510462,0.12584190003544843,10-20% - High-Medium Risk
2059856,202606,2026-06-15,0.42510462,0.12572373862696443,10-20% - High-Medium Risk
2591184,202606,2026-06-15,0.4250936,0.1259600614439324,10-20% - High-Medium Risk
2463252,202606,2026-06-15,0.4249207,0.1260782228524164,10-20% - High-Medium Risk
2322073,202606,2026-06-15,0.42482725,0.12619638426090038,10-20% - High-Medium Risk
2440604,202606,2026-06-15,0.4248037,0.12631454566938438,10-20% - High-Medium Risk
2087831,202606,2026-06-15,0.4248037,0.12643270707786836,10-20% - High-Medium Risk
2275085,202606,2026-06-15,0.42475602,0.12655086848635236,10-20% - High-Medium Risk
2187988,202606,2026-06-15,0.42474145,0.12666902989483636,10-20% - High-Medium Risk
2552159,202606,2026-06-15,0.42473364,0.12690535271180434,10-20% - High-Medium Risk
2574312,202606,2026-06-15,0.42473364,0.12678719130332033,10-20% - High-Medium Risk
2514897,202606,2026-06-15,0.42473364,0.1270235141202883,10-20% - High-Medium Risk
2148577,202606,2026-06-15,0.42472416,0.1271416755287723,10-20% - High-Medium Risk
2166046,202606,2026-06-15,0.42467445,0.1272598369372563,10-20% - High-Medium Risk
2181104,202606,2026-06-15,0.42459363,0.1273779983457403,10-20% - High-Medium Risk
2215221,202606,2026-06-15,0.4245832,0.12761432116270827,10-20% - High-Medium Risk
2314182,202606,2026-06-15,0.4245832,0.12785064397967624,10-20% - High-Medium Risk
2298058,202606,2026-06-15,0.4245832,0.12773248257119224,10-20% - High-Medium Risk
2503522,202606,2026-06-15,0.4245832,0.12749615975422426,10-20% - High-Medium Risk
2193586,202606,2026-06-15,0.42457464,0.12796880538816022,10-20% - High-Medium Risk
2577183,202606,2026-06-15,0.4245635,0.12808696679664422,10-20% - High-Medium Risk
2354137,202606,2026-06-15,0.4244978,0.1282051282051282,10-20% - High-Medium Risk
2218049,202606,2026-06-15,0.42442283,0.1283232896136122,10-20% - High-Medium Risk
2231967,202606,2026-06-15,0.4243979,0.12891409665603215,10-20% - High-Medium Risk
2349737,202606,2026-06-15,0.4243979,0.12879593524754815,10-20% - High-Medium Risk
2233085,202606,2026-06-15,0.4243979,0.12844145102209617,10-20% - High-Medium Risk
2519479,202606,2026-06-15,0.4243979,0.12867777383906417,10-20% - High-Medium Risk
2467157,202606,2026-06-15,0.4243979,0.12855961243058017,10-20% - High-Medium Risk
2404013,202606,2026-06-15,0.4243894,0.12915041947300013,10-20% - High-Medium Risk
2253021,202606,2026-06-15,0.4243894,0.12903225806451613,10-20% - High-Medium Risk
2234925,202606,2026-06-15,0.4243347,0.1292685808814841,10-20% - High-Medium Risk
2588598,202606,2026-06-15,0.4243347,0.1293867422899681,10-20% - High-Medium Risk
2434494,202606,2026-06-15,0.4243275,0.12950490369845208,10-20% - High-Medium Risk
2448393,202606,2026-06-15,0.42424688,0.12962306510693608,10-20% - High-Medium Risk
2437848,202606,2026-06-15,0.4241995,0.12974122651542006,10-20% - High-Medium Risk
2550138,202606,2026-06-15,0.42415136,0.12997754933238803,10-20% - High-Medium Risk
2551468,202606,2026-06-15,0.42415136,0.12985938792390406,10-20% - High-Medium Risk
2547294,202606,2026-06-15,0.42415136,0.13009571074087203,10-20% - High-Medium Risk
2585515,202606,2026-06-15,0.42397392,0.130213872149356,10-20% - High-Medium Risk
2189666,202606,2026-06-15,0.42393848,0.13033203355784,10-20% - High-Medium Risk
2537654,202606,2026-06-15,0.42389786,0.130450194966324,10-20% - High-Medium Risk
2231188,202606,2026-06-15,0.42388278,0.130568356374808,10-20% - High-Medium Risk
2244712,202606,2026-06-15,0.42380363,0.130686517783292,10-20% - High-Medium Risk
2200546,202606,2026-06-15,0.42364037,0.13080467919177596,10-20% - High-Medium Risk
2326958,202606,2026-06-15,0.4236265,0.13092284060025997,10-20% - High-Medium Risk
2013591,202606,2026-06-15,0.42362043,0.13104100200874394,10-20% - High-Medium Risk
2224177,202606,2026-06-15,0.42359188,0.13115916341722794,10-20% - High-Medium Risk
2338253,202606,2026-06-15,0.42358398,0.13127732482571192,10-20% - High-Medium Risk
2169499,202606,2026-06-15,0.4234856,0.13139548623419592,10-20% - High-Medium Risk
2250539,202606,2026-06-15,0.4234663,0.1315136476426799,10-20% - High-Medium Risk
2560388,202606,2026-06-15,0.42345244,0.1316318090511639,10-20% - High-Medium Risk
2192807,202606,2026-06-15,0.42344183,0.13174997045964787,10-20% - High-Medium Risk
2098757,202606,2026-06-15,0.4234104,0.13198629327661585,10-20% - High-Medium Risk
2310640,202606,2026-06-15,0.4234104,0.13222261609358382,10-20% - High-Medium Risk
2468157,202606,2026-06-15,0.4234104,0.13186813186813187,10-20% - High-Medium Risk
2250598,202606,2026-06-15,0.4234104,0.13210445468509985,10-20% - High-Medium Risk
2271572,202606,2026-06-15,0.42340815,0.13234077750206782,10-20% - High-Medium Risk
2117748,202606,2026-06-15,0.42339593,0.1325771003190358,10-20% - High-Medium Risk
2531065,202606,2026-06-15,0.42339593,0.13245893891055183,10-20% - High-Medium Risk
2251738,202606,2026-06-15,0.4233755,0.13340423017842373,10-20% - High-Medium Risk
2561131,202606,2026-06-15,0.4233755,0.13304974595297175,10-20% - High-Medium Risk
2252951,202606,2026-06-15,0.4233755,0.13281342313600378,10-20% - High-Medium Risk
2545015,202606,2026-06-15,0.4233755,0.13316790736145576,10-20% - High-Medium Risk
2549403,202606,2026-06-15,0.4233755,0.13293158454448778,10-20% - High-Medium Risk
2575527,202606,2026-06-15,0.4233755,0.13328606876993973,10-20% - High-Medium Risk
2313392,202606,2026-06-15,0.4233755,0.1335223915869077,10-20% - High-Medium Risk
2232805,202606,2026-06-15,0.4233755,0.1326952617275198,10-20% - High-Medium Risk
2431232,202606,2026-06-15,0.4232732,0.1336405529953917,10-20% - High-Medium Risk
2327236,202606,2026-06-15,0.42327183,0.13375871440387568,10-20% - High-Medium Risk
2179876,202606,2026-06-15,0.4231997,0.13387687581235969,10-20% - High-Medium Risk
2475680,202606,2026-06-15,0.42319292,0.13399503722084366,10-20% - High-Medium Risk
2146481,202606,2026-06-15,0.42316034,0.13411319862932766,10-20% - High-Medium Risk
2514753,202606,2026-06-15,0.42303845,0.13423136003781166,10-20% - High-Medium Risk
2169589,202606,2026-06-15,0.4229658,0.13434952144629564,10-20% - High-Medium Risk
2428595,202606,2026-06-15,0.4229658,0.13446768285477964,10-20% - High-Medium Risk
2345232,202606,2026-06-15,0.4229658,0.13458584426326362,10-20% - High-Medium Risk
2333931,202606,2026-06-15,0.4229658,0.13470400567174762,10-20% - High-Medium Risk
2487148,202606,2026-06-15,0.42294577,0.1348221670802316,10-20% - High-Medium Risk
2601091,202606,2026-06-15,0.42294404,0.13517665130568357,10-20% - High-Medium Risk
2140303,202606,2026-06-15,0.42294404,0.1349403284887156,10-20% - High-Medium Risk
2615182,202606,2026-06-15,0.42294404,0.13505848989719957,10-20% - High-Medium Risk
2469494,202606,2026-06-15,0.4229287,0.13529481271416754,10-20% - High-Medium Risk
2182892,202606,2026-06-15,0.4229287,0.13541297412265155,10-20% - High-Medium Risk
2587694,202606,2026-06-15,0.4228888,0.13553113553113552,10-20% - High-Medium Risk
2521918,202606,2026-06-15,0.42288452,0.13564929693961952,10-20% - High-Medium Risk
2462749,202606,2026-06-15,0.42288324,0.1357674583481035,10-20% - High-Medium Risk
2340514,202606,2026-06-15,0.42280838,0.1358856197565875,10-20% - High-Medium Risk
2296097,202606,2026-06-15,0.42280677,0.13600378116507147,10-20% - High-Medium Risk
2227851,202606,2026-06-15,0.4227351,0.13612194257355548,10-20% - High-Medium Risk
2342015,202606,2026-06-15,0.4227351,0.13624010398203948,10-20% - High-Medium Risk
2087002,202606,2026-06-15,0.42270267,0.13635826539052345,10-20% - High-Medium Risk
2143323,202606,2026-06-15,0.42266932,0.13659458820749143,10-20% - High-Medium Risk
2219880,202606,2026-06-15,0.42266932,0.13647642679900746,10-20% - High-Medium Risk
2248504,202606,2026-06-15,0.4225781,0.13671274961597543,10-20% - High-Medium Risk
2141284,202606,2026-06-15,0.42257094,0.1368309110244594,10-20% - High-Medium Risk
2495967,202606,2026-06-15,0.4225144,0.1369490724329434,10-20% - High-Medium Risk
2441066,202606,2026-06-15,0.42244068,0.13706723384142738,10-20% - High-Medium Risk
2235290,202606,2026-06-15,0.4224077,0.13718539524991138,10-20% - High-Medium Risk
2087821,202606,2026-06-15,0.42239654,0.13730355665839536,10-20% - High-Medium Risk
2101550,202606,2026-06-15,0.42233217,0.13742171806687936,10-20% - High-Medium Risk
2145374,202606,2026-06-15,0.42226672,0.13753987947536334,10-20% - High-Medium Risk
2542573,202606,2026-06-15,0.42223904,0.1377762022923313,10-20% - High-Medium Risk
2610870,202606,2026-06-15,0.42223904,0.13765804088384734,10-20% - High-Medium Risk
2468779,202606,2026-06-15,0.42223904,0.13789436370081531,10-20% - High-Medium Risk
2276656,202606,2026-06-15,0.42223802,0.1381306865177833,10-20% - High-Medium Risk
2120886,202606,2026-06-15,0.42223802,0.13801252510929932,10-20% - High-Medium Risk
2438698,202606,2026-06-15,0.42223614,0.13836700933475127,10-20% - High-Medium Risk
2587763,202606,2026-06-15,0.42223614,0.1382488479262673,10-20% - High-Medium Risk
2236545,202606,2026-06-15,0.42222422,0.13848517074323527,10-20% - High-Medium Risk
2388550,202606,2026-06-15,0.42218974,0.13860333215171924,10-20% - High-Medium Risk
2468492,202606,2026-06-15,0.4221884,0.13872149356020325,10-20% - High-Medium Risk
2531604,202606,2026-06-15,0.4221437,0.13883965496868722,10-20% - High-Medium Risk
2434780,202606,2026-06-15,0.42211768,0.13895781637717122,10-20% - High-Medium Risk
2034534,202606,2026-06-15,0.42211598,0.1390759777856552,10-20% - High-Medium Risk
2099696,202606,2026-06-15,0.42211598,0.1391941391941392,10-20% - High-Medium Risk
2489914,202606,2026-06-15,0.42205277,0.13931230060262317,10-20% - High-Medium Risk
2193204,202606,2026-06-15,0.42200947,0.13943046201110718,10-20% - High-Medium Risk
2011487,202606,2026-06-15,0.42200947,0.13954862341959115,10-20% - High-Medium Risk
2229284,202604,2026-04-15,0.42196137,0.13978494623655913,10-20% - High-Medium Risk
2057846,202606,2026-06-15,0.42196137,0.1402575918704951,10-20% - High-Medium Risk
2131324,202606,2026-06-15,0.42196137,0.13990310764504313,10-20% - High-Medium Risk
2297623,202606,2026-06-15,0.42196137,0.13966678482807515,10-20% - High-Medium Risk
2367283,202606,2026-06-15,0.42196137,0.1401394304620111,10-20% - High-Medium Risk
2214866,202606,2026-06-15,0.42196137,0.14037575327897908,10-20% - High-Medium Risk
2105361,202606,2026-06-15,0.42196137,0.14002126905352713,10-20% - High-Medium Risk
2347374,202602,2026-02-15,0.42193374,0.14061207609594706,10-20% - High-Medium Risk
2250188,202606,2026-06-15,0.42193374,0.14049391468746308,10-20% - High-Medium Risk
2140941,202606,2026-06-15,0.42192337,0.14073023750443106,10-20% - High-Medium Risk
2203765,202606,2026-06-15,0.421888,0.14084839891291503,10-20% - High-Medium Risk
2301220,202606,2026-06-15,0.42186728,0.14096656032139904,10-20% - High-Medium Risk
2294111,202606,2026-06-15,0.42173856,0.141084721729883,10-20% - High-Medium Risk
2123537,202606,2026-06-15,0.4217259,0.141202883138367,10-20% - High-Medium Risk
2065212,202606,2026-06-15,0.42170206,0.141321044546851,10-20% - High-Medium Risk
2319612,202606,2026-06-15,0.4216705,0.141439205955335,10-20% - High-Medium Risk
2468394,202606,2026-06-15,0.4216114,0.14155736736381896,10-20% - High-Medium Risk
2349168,202606,2026-06-15,0.4216092,0.14167552877230297,10-20% - High-Medium Risk
2253145,202606,2026-06-15,0.42157173,0.14179369018078697,10-20% - High-Medium Risk
2291205,202606,2026-06-15,0.4215607,0.14191185158927094,10-20% - High-Medium Risk
2519643,202606,2026-06-15,0.42151403,0.14203001299775495,10-20% - High-Medium Risk
2296386,202606,2026-06-15,0.42151403,0.14214817440623892,10-20% - High-Medium Risk
2587505,202606,2026-06-15,0.42150885,0.14226633581472292,10-20% - High-Medium Risk
2164476,202606,2026-06-15,0.42146587,0.1425026586316909,10-20% - High-Medium Risk
2440864,202606,2026-06-15,0.42146587,0.1423844972232069,10-20% - High-Medium Risk
2341694,202606,2026-06-15,0.4214569,0.14262082004017487,10-20% - High-Medium Risk
2425366,202606,2026-06-15,0.42141867,0.14273898144865887,10-20% - High-Medium Risk
2519202,202606,2026-06-15,0.4214176,0.14285714285714285,10-20% - High-Medium Risk
2096986,202606,2026-06-15,0.4212991,0.14309346567411083,10-20% - High-Medium Risk
2482903,202606,2026-06-15,0.4212991,0.14297530426562685,10-20% - High-Medium Risk
2142544,202606,2026-06-15,0.42110884,0.14321162708259483,10-20% - High-Medium Risk
2460010,202606,2026-06-15,0.42110777,0.1433297884910788,10-20% - High-Medium Risk
2316993,202606,2026-06-15,0.42105094,0.1434479498995628,10-20% - High-Medium Risk
2294318,202606,2026-06-15,0.42100218,0.14356611130804678,10-20% - High-Medium Risk
2540125,202606,2026-06-15,0.42095324,0.14368427271653078,10-20% - High-Medium Risk
2600310,202606,2026-06-15,0.4209508,0.14392059553349876,10-20% - High-Medium Risk
2368723,202606,2026-06-15,0.4209508,0.14380243412501478,10-20% - High-Medium Risk
2302877,202606,2026-06-15,0.4209304,0.14403875694198276,10-20% - High-Medium Risk
2260085,202606,2026-06-15,0.42084554,0.14415691835046673,10-20% - High-Medium Risk
2071849,202606,2026-06-15,0.42076337,0.1443932411674347,10-20% - High-Medium Risk
2312753,202606,2026-06-15,0.42076337,0.1445114025759187,10-20% - High-Medium Risk
2588962,202606,2026-06-15,0.42076337,0.14427507975895074,10-20% - High-Medium Risk
2294437,202606,2026-06-15,0.42075416,0.1446295639844027,10-20% - High-Medium Risk
2454371,202606,2026-06-15,0.4207427,0.14498404820985467,10-20% - High-Medium Risk
2034503,202606,2026-06-15,0.4207427,0.14522037102682264,10-20% - High-Medium Risk
2491623,202606,2026-06-15,0.4207427,0.14510220961833864,10-20% - High-Medium Risk
2293886,202606,2026-06-15,0.4207427,0.14486588680137066,10-20% - High-Medium Risk
2129866,202606,2026-06-15,0.4207427,0.1447477253928867,10-20% - High-Medium Risk
2028310,202606,2026-06-15,0.42071772,0.14533853243530662,10-20% - High-Medium Risk
2058306,202606,2026-06-15,0.4206683,0.14545669384379062,10-20% - High-Medium Risk
2522029,202606,2026-06-15,0.42064002,0.14557485525227462,10-20% - High-Medium Risk
2546850,202605,2026-05-16,0.42062396,0.1456930166607586,10-20% - High-Medium Risk
2566234,202606,2026-06-15,0.42062163,0.1458111780692426,10-20% - High-Medium Risk
2138870,202606,2026-06-15,0.42060637,0.14592933947772657,10-20% - High-Medium Risk
2160818,202606,2026-06-15,0.4205839,0.14604750088621057,10-20% - High-Medium Risk
2381852,202606,2026-06-15,0.4205839,0.14616566229469455,10-20% - High-Medium Risk
2313254,202606,2026-06-15,0.42054743,0.14628382370317855,10-20% - High-Medium Risk
2607816,202606,2026-06-15,0.4205279,0.14652014652014653,10-20% - High-Medium Risk
2612500,202606,2026-06-15,0.4205279,0.14640198511166252,10-20% - High-Medium Risk
2484625,202606,2026-06-15,0.4203138,0.1466383079286305,10-20% - High-Medium Risk
2266008,202606,2026-06-15,0.42031196,0.14687463074559848,10-20% - High-Medium Risk
2356083,202606,2026-06-15,0.42031196,0.1467564693371145,10-20% - High-Medium Risk
2321175,202606,2026-06-15,0.42031196,0.14699279215408248,10-20% - High-Medium Risk
2307919,202606,2026-06-15,0.4202968,0.14711095356256645,10-20% - High-Medium Risk
2236145,202606,2026-06-15,0.42026556,0.14722911497105046,10-20% - High-Medium Risk
2133361,202606,2026-06-15,0.42026258,0.14734727637953443,10-20% - High-Medium Risk
2164880,202606,2026-06-15,0.420257,0.14746543778801843,10-20% - High-Medium Risk
2261154,202606,2026-06-15,0.4202534,0.14758359919650244,10-20% - High-Medium Risk
2511786,202606,2026-06-15,0.42020518,0.1477017606049864,10-20% - High-Medium Risk
2204361,202606,2026-06-15,0.42019358,0.14817440623892236,10-20% - High-Medium Risk
2487622,202606,2026-06-15,0.42019358,0.1480562448304384,10-20% - High-Medium Risk
2122365,202606,2026-06-15,0.42019358,0.14793808342195439,10-20% - High-Medium Risk
2390966,202606,2026-06-15,0.42019358,0.1478199220134704,10-20% - High-Medium Risk
2059591,202606,2026-06-15,0.42003703,0.14829256764740636,10-20% - High-Medium Risk
2339505,202606,2026-06-15,0.42001364,0.14841072905589034,10-20% - High-Medium Risk
2005606,202606,2026-06-15,0.41995087,0.14852889046437434,10-20% - High-Medium Risk
2030412,202606,2026-06-15,0.41994995,0.14864705187285832,10-20% - High-Medium Risk
2048609,202606,2026-06-15,0.4199414,0.14876521328134232,10-20% - High-Medium Risk
2175061,202606,2026-06-15,0.41992515,0.1490015360983103,10-20% - High-Medium Risk
2468621,202606,2026-06-15,0.41992515,0.1488833746898263,10-20% - High-Medium Risk
2265417,202606,2026-06-15,0.41992214,0.14911969750679427,10-20% - High-Medium Risk
2483143,202606,2026-06-15,0.41988826,0.14947418173224625,10-20% - High-Medium Risk
2167623,202606,2026-06-15,0.41988826,0.14935602032376227,10-20% - High-Medium Risk
2439247,202606,2026-06-15,0.41988826,0.14923785891527827,10-20% - High-Medium Risk
2243593,202606,2026-06-15,0.41987988,0.14959234314073025,10-20% - High-Medium Risk
2106199,202606,2026-06-15,0.41987988,0.14971050454921422,10-20% - High-Medium Risk
2263453,202606,2026-06-15,0.41986617,0.14982866595769823,10-20% - High-Medium Risk
2549056,202606,2026-06-15,0.41977084,0.1499468273661822,10-20% - High-Medium Risk
2032328,202606,2026-06-15,0.4197051,0.1500649887746662,10-20% - High-Medium Risk
2311793,202606,2026-06-15,0.41962796,0.15018315018315018,10-20% - High-Medium Risk
2493352,202606,2026-06-15,0.41958427,0.15030131159163418,10-20% - High-Medium Risk
2145753,202606,2026-06-15,0.41956457,0.15077395722557013,10-20% - High-Medium Risk
2365874,202605,2026-05-16,0.41956457,0.15065579581708613,10-20% - High-Medium Risk
2097909,202606,2026-06-15,0.41956457,0.15041947300011815,10-20% - High-Medium Risk
2399332,202606,2026-06-15,0.41956457,0.15053763440860216,10-20% - High-Medium Risk
2025308,202606,2026-06-15,0.41953483,0.1508921186340541,10-20% - High-Medium Risk
2132644,202606,2026-06-15,0.41949844,0.1510102800425381,10-20% - High-Medium Risk
2513053,202606,2026-06-15,0.41936493,0.15112844145102208,10-20% - High-Medium Risk
2121917,202606,2026-06-15,0.4193614,0.15124660285950609,10-20% - High-Medium Risk
2202779,202606,2026-06-15,0.41932046,0.1513647642679901,10-20% - High-Medium Risk
2478408,202606,2026-06-15,0.41927978,0.15148292567647406,10-20% - High-Medium Risk
2150132,202606,2026-06-15,0.41925126,0.15160108708495806,10-20% - High-Medium Risk
2015850,202606,2026-06-15,0.41925126,0.15171924849344204,10-20% - High-Medium Risk
2193436,202606,2026-06-15,0.4192006,0.15183740990192604,10-20% - High-Medium Risk
2222241,202606,2026-06-15,0.41915837,0.15195557131041001,10-20% - High-Medium Risk
2549170,202606,2026-06-15,0.41912043,0.15207373271889402,10-20% - High-Medium Risk
2459704,202606,2026-06-15,0.41910106,0.152191894127378,10-20% - High-Medium Risk
2446033,202606,2026-06-15,0.41901055,0.15242821694434597,10-20% - High-Medium Risk
2478320,202606,2026-06-15,0.41901055,0.152310055535862,10-20% - High-Medium Risk
2313450,202606,2026-06-15,0.41901055,0.15254637835282997,10-20% - High-Medium Risk
2451365,202606,2026-06-15,0.41890305,0.15266453976131394,10-20% - High-Medium Risk
2609151,202606,2026-06-15,0.4188756,0.15278270116979795,10-20% - High-Medium Risk
2321833,202606,2026-06-15,0.41885564,0.15290086257828192,10-20% - High-Medium Risk
2140073,202606,2026-06-15,0.4188323,0.15301902398676592,10-20% - High-Medium Risk
2233240,202606,2026-06-15,0.41870028,0.1532553468037339,10-20% - High-Medium Risk
2277626,202606,2026-06-15,0.41870028,0.15313718539524993,10-20% - High-Medium Risk
2587664,202606,2026-06-15,0.41869015,0.1533735082122179,10-20% - High-Medium Risk
2319057,202606,2026-06-15,0.4186754,0.15349166962070188,10-20% - High-Medium Risk
2210724,202606,2026-06-15,0.41862956,0.15372799243766985,10-20% - High-Medium Risk
2057287,202606,2026-06-15,0.41862956,0.15360983102918588,10-20% - High-Medium Risk
2086917,202606,2026-06-15,0.41860065,0.15384615384615385,10-20% - High-Medium Risk
2545251,202606,2026-06-15,0.41856146,0.15396431525463783,10-20% - High-Medium Risk
2119352,202606,2026-06-15,0.41856048,0.15408247666312183,10-20% - High-Medium Risk
2190161,202606,2026-06-15,0.4184963,0.1542006380716058,10-20% - High-Medium Risk
2170429,202606,2026-06-15,0.41844183,0.1543187994800898,10-20% - High-Medium Risk
2177267,202606,2026-06-15,0.41842905,0.15443696088857378,10-20% - High-Medium Risk
2423610,202606,2026-06-15,0.41842172,0.15455512229705778,10-20% - High-Medium Risk
2268730,202606,2026-06-15,0.41840276,0.15467328370554176,10-20% - High-Medium Risk
2058335,202606,2026-06-15,0.41837642,0.15479144511402576,10-20% - High-Medium Risk
2334468,202606,2026-06-15,0.41831112,0.15490960652250974,10-20% - High-Medium Risk
2151421,202606,2026-06-15,0.41825715,0.15502776793099374,10-20% - High-Medium Risk
2508979,202606,2026-06-15,0.4181714,0.15514592933947774,10-20% - High-Medium Risk
2321441,202606,2026-06-15,0.4181714,0.1552640907479617,10-20% - High-Medium Risk
2095724,202606,2026-06-15,0.41813132,0.15538225215644572,10-20% - High-Medium Risk
2356662,202606,2026-06-15,0.41812852,0.1556185749734137,10-20% - High-Medium Risk
2540099,202606,2026-06-15,0.41812852,0.15573673638189767,10-20% - High-Medium Risk
2238328,202606,2026-06-15,0.41812852,0.1555004135649297,10-20% - High-Medium Risk
2074101,202606,2026-06-15,0.4181283,0.15585489779038167,10-20% - High-Medium Risk
2101459,202606,2026-06-15,0.41799405,0.15597305919886564,10-20% - High-Medium Risk
2265797,202606,2026-06-15,0.41799074,0.15609122060734965,10-20% - High-Medium Risk
2166542,202606,2026-06-15,0.41799074,0.15620938201583362,10-20% - High-Medium Risk
2013302,202606,2026-06-15,0.41794777,0.15632754342431762,10-20% - High-Medium Risk
2608045,202606,2026-06-15,0.4178421,0.1564457048328016,10-20% - High-Medium Risk
2061598,202606,2026-06-15,0.4178317,0.15668202764976957,10-20% - High-Medium Risk
2315761,202606,2026-06-15,0.4178317,0.1565638662412856,10-20% - High-Medium Risk
2403918,202606,2026-06-15,0.41774443,0.15680018905825358,10-20% - High-Medium Risk
2185240,202606,2026-06-15,0.41773078,0.15691835046673758,10-20% - High-Medium Risk
2251133,202606,2026-06-15,0.4176988,0.15703651187522155,10-20% - High-Medium Risk
2410074,202606,2026-06-15,0.4176985,0.15715467328370555,10-20% - High-Medium Risk
2437636,202606,2026-06-15,0.41768286,0.15727283469218953,10-20% - High-Medium Risk
2221679,202606,2026-06-15,0.41767284,0.15739099610067353,10-20% - High-Medium Risk
2153331,202606,2026-06-15,0.41764387,0.1575091575091575,10-20% - High-Medium Risk
2526624,202606,2026-06-15,0.41763225,0.1576273189176415,10-20% - High-Medium Risk
2447029,202606,2026-06-15,0.41761976,0.15774548032612548,10-20% - High-Medium Risk
2478087,202606,2026-06-15,0.4175585,0.15786364173460948,10-20% - High-Medium Risk
2252683,202606,2026-06-15,0.4175585,0.15798180314309346,10-20% - High-Medium Risk
2561909,202606,2026-06-15,0.41750962,0.15821812596006143,10-20% - High-Medium Risk
2512862,202606,2026-06-15,0.41750962,0.15809996455157746,10-20% - High-Medium Risk
2133966,202606,2026-06-15,0.4174721,0.15833628736854544,10-20% - High-Medium Risk
2447978,202606,2026-06-15,0.4174021,0.1584544487770294,10-20% - High-Medium Risk
2603121,202606,2026-06-15,0.4173449,0.1585726101855134,10-20% - High-Medium Risk
2149360,202606,2026-06-15,0.417342,0.1586907715939974,10-20% - High-Medium Risk
2253282,202606,2026-06-15,0.417342,0.1589270944109654,10-20% - High-Medium Risk
2224866,202606,2026-06-15,0.417342,0.1588089330024814,10-20% - High-Medium Risk
2539416,202606,2026-06-15,0.41723907,0.15904525581944937,10-20% - High-Medium Risk
2192364,202606,2026-06-15,0.4172359,0.15916341722793337,10-20% - High-Medium Risk
2405190,202606,2026-06-15,0.41714278,0.15928157863641734,10-20% - High-Medium Risk
2093822,202606,2026-06-15,0.41704386,0.15939974004490134,10-20% - High-Medium Risk
2258349,202606,2026-06-15,0.41703528,0.15951790145338532,10-20% - High-Medium Risk
2244026,202606,2026-06-15,0.41693845,0.15963606286186932,10-20% - High-Medium Risk
2229510,202606,2026-06-15,0.41692743,0.1597542242703533,10-20% - High-Medium Risk
2155777,202606,2026-06-15,0.41691992,0.15999054708732127,10-20% - High-Medium Risk
2271150,202606,2026-06-15,0.41691992,0.1598723856788373,10-20% - High-Medium Risk
2503854,202606,2026-06-15,0.41691512,0.16010870849580527,10-20% - High-Medium Risk
2022389,202606,2026-06-15,0.4169111,0.16022686990428925,10-20% - High-Medium Risk
2601856,202606,2026-06-15,0.41682604,0.16034503131277325,10-20% - High-Medium Risk
2250896,202606,2026-06-15,0.4167744,0.16046319272125723,10-20% - High-Medium Risk
2172650,202606,2026-06-15,0.41673934,0.16058135412974123,10-20% - High-Medium Risk
2290089,202606,2026-06-15,0.41671106,0.16069951553822523,10-20% - High-Medium Risk
2111395,202606,2026-06-15,0.41669,0.1608176769467092,10-20% - High-Medium Risk
2513005,202606,2026-06-15,0.41666466,0.1609358383551932,10-20% - High-Medium Risk
2102608,202606,2026-06-15,0.41659424,0.16105399976367718,10-20% - High-Medium Risk
2321920,202606,2026-06-15,0.41657692,0.16117216117216118,10-20% - High-Medium Risk
2578841,202606,2026-06-15,0.4165604,0.16129032258064516,10-20% - High-Medium Risk
2114330,202606,2026-06-15,0.4165512,0.16140848398912916,10-20% - High-Medium Risk
2115020,202606,2026-06-15,0.41652384,0.16152664539761313,10-20% - High-Medium Risk
2498653,202606,2026-06-15,0.41616324,0.16164480680609714,10-20% - High-Medium Risk
2184148,202606,2026-06-15,0.41607872,0.1617629682145811,10-20% - High-Medium Risk
2151004,202606,2026-06-15,0.41601434,0.1618811296230651,10-20% - High-Medium Risk
2542630,202606,2026-06-15,0.41600642,0.1619992910315491,10-20% - High-Medium Risk
2578062,202606,2026-06-15,0.41597852,0.1621174524400331,10-20% - High-Medium Risk
2517081,202606,2026-06-15,0.4158916,0.16223561384851706,10-20% - High-Medium Risk
2608570,202606,2026-06-15,0.41586807,0.16235377525700107,10-20% - High-Medium Risk
2328832,202606,2026-06-15,0.41584852,0.16247193666548504,10-20% - High-Medium Risk
2166727,202606,2026-06-15,0.41582346,0.16259009807396904,10-20% - High-Medium Risk
2186050,202606,2026-06-15,0.41579247,0.16270825948245304,10-20% - High-Medium Risk
2162024,202606,2026-06-15,0.41571227,0.16282642089093702,10-20% - High-Medium Risk
2147423,202606,2026-06-15,0.41565156,0.16294458229942102,10-20% - High-Medium Risk
2258537,202606,2026-06-15,0.4156237,0.163062743707905,10-20% - High-Medium Risk
2315617,202606,2026-06-15,0.4156237,0.163180905116389,10-20% - High-Medium Risk
2200541,202606,2026-06-15,0.41561744,0.16329906652487297,10-20% - High-Medium Risk
2430730,202606,2026-06-15,0.41561744,0.16341722793335697,10-20% - High-Medium Risk
2101719,202606,2026-06-15,0.41561127,0.16353538934184095,10-20% - High-Medium Risk
2140598,202606,2026-06-15,0.4155846,0.16365355075032495,10-20% - High-Medium Risk
2583444,202606,2026-06-15,0.4155838,0.16377171215880892,10-20% - High-Medium Risk
2386037,202606,2026-06-15,0.4155393,0.16388987356729293,10-20% - High-Medium Risk
2258596,202606,2026-06-15,0.4155355,0.1640080349757769,10-20% - High-Medium Risk
2263370,202606,2026-06-15,0.415397,0.1641261963842609,10-20% - High-Medium Risk
2532758,202606,2026-06-15,0.41539508,0.16424435779274488,10-20% - High-Medium Risk
2589420,202606,2026-06-15,0.41532582,0.16436251920122888,10-20% - High-Medium Risk
2173158,202606,2026-06-15,0.4152812,0.16448068060971288,10-20% - High-Medium Risk
2306618,202606,2026-06-15,0.41518447,0.16459884201819686,10-20% - High-Medium Risk
2535509,202606,2026-06-15,0.41517606,0.16471700342668086,10-20% - High-Medium Risk
2408710,202606,2026-06-15,0.41511208,0.16483516483516483,10-20% - High-Medium Risk
2214274,202606,2026-06-15,0.4151017,0.16495332624364883,10-20% - High-Medium Risk
2191125,202606,2026-06-15,0.41509318,0.16530781046910079,10-20% - High-Medium Risk
2251023,202606,2026-06-15,0.41509318,0.1654259718775848,10-20% - High-Medium Risk
2145195,202606,2026-06-15,0.41509318,0.1651896490606168,10-20% - High-Medium Risk
2316699,202606,2026-06-15,0.41509318,0.1650714876521328,10-20% - High-Medium Risk
2312516,202606,2026-06-15,0.41507408,0.16554413328606876,10-20% - High-Medium Risk
2413060,202606,2026-06-15,0.41503686,0.16566229469455276,10-20% - High-Medium Risk
2236944,202606,2026-06-15,0.41503388,0.16589861751152074,10-20% - High-Medium Risk
2170108,202606,2026-06-15,0.41503388,0.16578045610303674,10-20% - High-Medium Risk
2146908,202606,2026-06-15,0.41500178,0.16613494032848872,10-20% - High-Medium Risk
2154586,202606,2026-06-15,0.41500178,0.16601677892000472,10-20% - High-Medium Risk
2256125,202606,2026-06-15,0.41497362,0.1662531017369727,10-20% - High-Medium Risk
2123883,202606,2026-06-15,0.41496596,0.1663712631454567,10-20% - High-Medium Risk
2379324,202606,2026-06-15,0.41496596,0.1664894245539407,10-20% - High-Medium Risk
2534939,202606,2026-06-15,0.41494498,0.16660758596242467,10-20% - High-Medium Risk
2520113,202606,2026-06-15,0.41487515,0.16672574737090867,10-20% - High-Medium Risk
2324072,202606,2026-06-15,0.41484305,0.16684390877939265,10-20% - High-Medium Risk
2470288,202606,2026-06-15,0.41484305,0.16696207018787665,10-20% - High-Medium Risk
2461393,202606,2026-06-15,0.41484305,0.16708023159636062,10-20% - High-Medium Risk
2266859,202606,2026-06-15,0.41483814,0.16719839300484463,10-20% - High-Medium Risk
2304579,202606,2026-06-15,0.41482672,0.1673165544133286,10-20% - High-Medium Risk
2568007,202606,2026-06-15,0.41477832,0.1674347158218126,10-20% - High-Medium Risk
2320516,202606,2026-06-15,0.41464192,0.16755287723029658,10-20% - High-Medium Risk
2126398,202606,2026-06-15,0.41464192,0.16767103863878058,10-20% - High-Medium Risk
2161999,202606,2026-06-15,0.41457433,0.16778920004726455,10-20% - High-Medium Risk
2499745,202606,2026-06-15,0.41457272,0.16790736145574855,10-20% - High-Medium Risk
2117782,202606,2026-06-15,0.41457272,0.16802552286423253,10-20% - High-Medium Risk
2424985,202606,2026-06-15,0.4145567,0.16814368427271653,10-20% - High-Medium Risk
2151100,202606,2026-06-15,0.41449836,0.16885265272362046,10-20% - High-Medium Risk
2528657,202606,2026-06-15,0.41449836,0.16861632990665248,10-20% - High-Medium Risk
2552064,202606,2026-06-15,0.41449836,0.1687344913151365,10-20% - High-Medium Risk
2414006,202606,2026-06-15,0.41449836,0.16826184568120053,10-20% - High-Medium Risk
2571478,202606,2026-06-15,0.41449836,0.1683800070896845,10-20% - High-Medium Risk
2179280,202606,2026-06-15,0.41449836,0.16897081413210446,10-20% - High-Medium Risk
2065644,202606,2026-06-15,0.41449836,0.1684981684981685,10-20% - High-Medium Risk
2258936,202606,2026-06-15,0.41448432,0.16908897554058844,10-20% - High-Medium Risk
2179732,202606,2026-06-15,0.4144595,0.16920713694907244,10-20% - High-Medium Risk
2427981,202606,2026-06-15,0.41441524,0.16932529835755641,10-20% - High-Medium Risk
2098401,202606,2026-06-15,0.414414,0.16944345976604042,10-20% - High-Medium Risk
2496883,202606,2026-06-15,0.414414,0.1695616211745244,10-20% - High-Medium Risk
2495433,202606,2026-06-15,0.41439283,0.1696797825830084,10-20% - High-Medium Risk
2190201,202606,2026-06-15,0.41431427,0.16979794399149237,10-20% - High-Medium Risk
2304591,202606,2026-06-15,0.41428635,0.16991610539997637,10-20% - High-Medium Risk
2149789,202606,2026-06-15,0.41428635,0.17003426680846034,10-20% - High-Medium Risk
2264693,202606,2026-06-15,0.41427362,0.17015242821694435,10-20% - High-Medium Risk
2229792,202606,2026-06-15,0.41422683,0.17027058962542835,10-20% - High-Medium Risk
2358125,202606,2026-06-15,0.41412023,0.17038875103391232,10-20% - High-Medium Risk
2227684,202606,2026-06-15,0.41411868,0.17050691244239632,10-20% - High-Medium Risk
2020704,202606,2026-06-15,0.4141111,0.1706250738508803,10-20% - High-Medium Risk
2143975,202606,2026-06-15,0.414102,0.1707432352593643,10-20% - High-Medium Risk
2359168,202606,2026-06-15,0.4140866,0.17086139666784828,10-20% - High-Medium Risk
2062097,202606,2026-06-15,0.41408637,0.17097955807633228,10-20% - High-Medium Risk
2522670,202606,2026-06-15,0.41406944,0.17109771948481625,10-20% - High-Medium Risk
2117960,202606,2026-06-15,0.41406152,0.17121588089330025,10-20% - High-Medium Risk
2218539,202606,2026-06-15,0.4140306,0.17133404230178423,10-20% - High-Medium Risk
2558169,202606,2026-06-15,0.41402873,0.17145220371026823,10-20% - High-Medium Risk
2136978,202606,2026-06-15,0.41395244,0.1715703651187522,10-20% - High-Medium Risk
2511657,202606,2026-06-15,0.41394722,0.1716885265272362,10-20% - High-Medium Risk
2452103,202606,2026-06-15,0.4139368,0.17180668793572018,10-20% - High-Medium Risk
2598538,202606,2026-06-15,0.41393125,0.17204301075268819,10-20% - High-Medium Risk
2608132,202606,2026-06-15,0.41393125,0.17192484934420418,10-20% - High-Medium Risk
2567753,202606,2026-06-15,0.41392028,0.17227933356965616,10-20% - High-Medium Risk
2223727,202606,2026-06-15,0.41392028,0.17216117216117216,10-20% - High-Medium Risk
2322539,202606,2026-06-15,0.4138413,0.17239749497814014,10-20% - High-Medium Risk
2378237,202606,2026-06-15,0.41378516,0.17251565638662414,10-20% - High-Medium Risk
2238205,202606,2026-06-15,0.41375476,0.1726338177951081,10-20% - High-Medium Risk
2579908,202606,2026-06-15,0.41375083,0.17275197920359212,10-20% - High-Medium Risk
2088739,202606,2026-06-15,0.41371012,0.1728701406120761,10-20% - High-Medium Risk
2068740,202606,2026-06-15,0.41370988,0.1729883020205601,10-20% - High-Medium Risk
2260181,202606,2026-06-15,0.41370773,0.17310646342904407,10-20% - High-Medium Risk
2309022,202606,2026-06-15,0.41368932,0.17322462483752807,10-20% - High-Medium Risk
2502135,202606,2026-06-15,0.41368905,0.17334278624601204,10-20% - High-Medium Risk
2405062,202606,2026-06-15,0.4136784,0.17357910906298002,10-20% - High-Medium Risk
2563061,202606,2026-06-15,0.4136784,0.17346094765449604,10-20% - High-Medium Risk
2170672,202606,2026-06-15,0.4136274,0.17369727047146402,10-20% - High-Medium Risk
2316391,202606,2026-06-15,0.41360795,0.173815431879948,10-20% - High-Medium Risk
2517014,202606,2026-06-15,0.41352126,0.17428807751388398,10-20% - High-Medium Risk
2507558,202606,2026-06-15,0.41352126,0.174051754696916,10-20% - High-Medium Risk
2209253,202606,2026-06-15,0.41352126,0.17416991610539997,10-20% - High-Medium Risk
2110707,202606,2026-06-15,0.41352126,0.173933593288432,10-20% - High-Medium Risk
2095686,202606,2026-06-15,0.41351768,0.17440623892236795,10-20% - High-Medium Risk
2125542,202606,2026-06-15,0.41349036,0.17452440033085195,10-20% - High-Medium Risk
2197114,202606,2026-06-15,0.41345733,0.17464256173933593,10-20% - High-Medium Risk
2172717,202606,2026-06-15,0.41344297,0.17476072314781993,10-20% - High-Medium Risk
2466386,202606,2026-06-15,0.41344297,0.1748788845563039,10-20% - High-Medium Risk
2473579,202606,2026-06-15,0.41342416,0.1749970459647879,10-20% - High-Medium Risk
2416920,202606,2026-06-15,0.4134216,0.17511520737327188,10-20% - High-Medium Risk
2457383,202606,2026-06-15,0.41335785,0.17523336878175588,10-20% - High-Medium Risk
2161643,202606,2026-06-15,0.41319218,0.17535153019023986,10-20% - High-Medium Risk
2223965,202606,2026-06-15,0.41309315,0.17546969159872386,10-20% - High-Medium Risk
2380392,202606,2026-06-15,0.4130857,0.17558785300720783,10-20% - High-Medium Risk
2115913,202606,2026-06-15,0.4130662,0.17582417582417584,10-20% - High-Medium Risk
2045545,202606,2026-06-15,0.4130662,0.17570601441569184,10-20% - High-Medium Risk
2507458,202606,2026-06-15,0.41304693,0.1759423372326598,10-20% - High-Medium Risk
2592640,202606,2026-06-15,0.4130382,0.17606049864114381,10-20% - High-Medium Risk
2349964,202606,2026-06-15,0.41302153,0.1761786600496278,10-20% - High-Medium Risk
2112668,202606,2026-06-15,0.41301894,0.1762968214581118,10-20% - High-Medium Risk
2200157,202606,2026-06-15,0.4130104,0.17641498286659577,10-20% - High-Medium Risk
2435661,202606,2026-06-15,0.41291183,0.17653314427507977,10-20% - High-Medium Risk
2237882,202606,2026-06-15,0.41291183,0.17665130568356374,10-20% - High-Medium Risk
2197317,202606,2026-06-15,0.41282472,0.17676946709204774,10-20% - High-Medium Risk
2317594,202606,2026-06-15,0.41276857,0.17700578990901572,10-20% - High-Medium Risk
2259903,202606,2026-06-15,0.41276857,0.17688762850053172,10-20% - High-Medium Risk
2343860,202606,2026-06-15,0.4127631,0.1771239513174997,10-20% - High-Medium Risk
2096474,202606,2026-06-15,0.4127264,0.17747843554295167,10-20% - High-Medium Risk
2008177,202606,2026-06-15,0.4127264,0.17736027413446767,10-20% - High-Medium Risk
2106326,202606,2026-06-15,0.4127264,0.1772421127259837,10-20% - High-Medium Risk
2104501,202606,2026-06-15,0.4127177,0.17759659695143565,10-20% - High-Medium Risk
2239170,202606,2026-06-15,0.41267982,0.17771475835991965,10-20% - High-Medium Risk
2018108,202606,2026-06-15,0.41267982,0.17783291976840365,10-20% - High-Medium Risk
2436167,202606,2026-06-15,0.41267243,0.17795108117688763,10-20% - High-Medium Risk
2413883,202606,2026-06-15,0.4126521,0.17806924258537163,10-20% - High-Medium Risk
2270108,202606,2026-06-15,0.41259307,0.1783055654023396,10-20% - High-Medium Risk
2438614,202606,2026-06-15,0.41259307,0.1781874039938556,10-20% - High-Medium Risk
2550769,202606,2026-06-15,0.41259307,0.17842372681082358,10-20% - High-Medium Risk
2317429,202606,2026-06-15,0.41254088,0.17854188821930758,10-20% - High-Medium Risk
2216583,202606,2026-06-15,0.4124995,0.17866004962779156,10-20% - High-Medium Risk
2324442,202606,2026-06-15,0.41244823,0.17889637244475953,10-20% - High-Medium Risk
2571755,202606,2026-06-15,0.41244823,0.17877821103627556,10-20% - High-Medium Risk
2019941,202606,2026-06-15,0.4124342,0.17901453385324353,10-20% - High-Medium Risk
2029199,202606,2026-06-15,0.41230637,0.1791326952617275,10-20% - High-Medium Risk
2556517,202606,2026-06-15,0.41225144,0.1792508566702115,10-20% - High-Medium Risk
2178785,202606,2026-06-15,0.41224316,0.17936901807869549,10-20% - High-Medium Risk
2609527,202606,2026-06-15,0.41223082,0.1794871794871795,10-20% - High-Medium Risk
2277484,202606,2026-06-15,0.4122151,0.1796053408956635,10-20% - High-Medium Risk
2484127,202606,2026-06-15,0.41213778,0.17972350230414746,10-20% - High-Medium Risk
2309374,202606,2026-06-15,0.41213414,0.17984166371263147,10-20% - High-Medium Risk
2441608,202606,2026-06-15,0.41207623,0.17995982512111544,10-20% - High-Medium Risk
2513058,202606,2026-06-15,0.41206086,0.18007798652959944,10-20% - High-Medium Risk
2569665,202606,2026-06-15,0.41203704,0.18019614793808342,10-20% - High-Medium Risk
2262478,202606,2026-06-15,0.4120283,0.18031430934656742,10-20% - High-Medium Risk
2546248,202606,2026-06-15,0.41201988,0.1804324707550514,10-20% - High-Medium Risk
2439366,202606,2026-06-15,0.4119427,0.1805506321635354,10-20% - High-Medium Risk
2528846,202606,2026-06-15,0.4118917,0.18066879357201937,10-20% - High-Medium Risk
2440844,202606,2026-06-15,0.41189146,0.18078695498050337,10-20% - High-Medium Risk
2118792,202606,2026-06-15,0.41185534,0.18090511638898735,10-20% - High-Medium Risk
2006133,202606,2026-06-15,0.41185474,0.18102327779747135,10-20% - High-Medium Risk
2338115,202606,2026-06-15,0.41184434,0.18125960061443933,10-20% - High-Medium Risk
2067097,202606,2026-06-15,0.41184434,0.18114143920595532,10-20% - High-Medium Risk
2537556,202606,2026-06-15,0.4118367,0.1813777620229233,10-20% - High-Medium Risk
2478955,202606,2026-06-15,0.4118344,0.18173224624837528,10-20% - High-Medium Risk
2136550,202606,2026-06-15,0.4118344,0.1814959234314073,10-20% - High-Medium Risk
2451819,202606,2026-06-15,0.4118344,0.1816140848398913,10-20% - High-Medium Risk
2170961,202606,2026-06-15,0.41182458,0.18185040765685928,10-20% - High-Medium Risk
2358856,202606,2026-06-15,0.41179174,0.18196856906534326,10-20% - High-Medium Risk
2209106,202606,2026-06-15,0.41178787,0.18220489188231123,10-20% - High-Medium Risk
2489367,202606,2026-06-15,0.41178787,0.18208673047382726,10-20% - High-Medium Risk
2444277,202606,2026-06-15,0.41171876,0.18232305329079523,10-20% - High-Medium Risk
2443376,202606,2026-06-15,0.41164586,0.1824412146992792,10-20% - High-Medium Risk
2493504,202606,2026-06-15,0.41164586,0.1825593761077632,10-20% - High-Medium Risk
2007142,202606,2026-06-15,0.41163728,0.18267753751624718,10-20% - High-Medium Risk
2499347,202606,2026-06-15,0.41161552,0.1827956989247312,10-20% - High-Medium Risk
2244481,202606,2026-06-15,0.41155964,0.18291386033321516,10-20% - High-Medium Risk
2447051,202606,2026-06-15,0.41154706,0.18303202174169916,10-20% - High-Medium Risk
2313001,202606,2026-06-15,0.41154706,0.18315018315018314,10-20% - High-Medium Risk
2276682,202606,2026-06-15,0.41154006,0.18326834455866714,10-20% - High-Medium Risk
2434926,202606,2026-06-15,0.41142502,0.18338650596715114,10-20% - High-Medium Risk
2283509,202606,2026-06-15,0.41135326,0.18350466737563512,10-20% - High-Medium Risk
2583671,202606,2026-06-15,0.41135326,0.18362282878411912,10-20% - High-Medium Risk
2546528,202606,2026-06-15,0.41119698,0.1837409901926031,10-20% - High-Medium Risk
2276729,202606,2026-06-15,0.4110763,0.1838591516010871,10-20% - High-Medium Risk
2142110,202606,2026-06-15,0.41106233,0.18397731300957107,10-20% - High-Medium Risk
2291486,202606,2026-06-15,0.41100213,0.18409547441805507,10-20% - High-Medium Risk
2131161,202606,2026-06-15,0.41099522,0.18421363582653905,10-20% - High-Medium Risk
2534594,202606,2026-06-15,0.4109667,0.18456812005199102,10-20% - High-Medium Risk
2152882,202606,2026-06-15,0.4109667,0.18444995864350702,10-20% - High-Medium Risk
2530358,202606,2026-06-15,0.4109667,0.18433179723502305,10-20% - High-Medium Risk
2277360,202606,2026-06-15,0.4109055,0.184686281460475,10-20% - High-Medium Risk
2381445,202606,2026-06-15,0.41084158,0.184804442868959,10-20% - High-Medium Risk
2406994,202606,2026-06-15,0.41083285,0.18492260427744298,10-20% - High-Medium Risk
2159991,202606,2026-06-15,0.41077304,0.18504076568592698,10-20% - High-Medium Risk
2405739,202606,2026-06-15,0.41075298,0.18515892709441095,10-20% - High-Medium Risk
2364538,202606,2026-06-15,0.41074547,0.18539524991137896,10-20% - High-Medium Risk
2177153,202606,2026-06-15,0.41074547,0.18527708850289495,10-20% - High-Medium Risk
2181987,202606,2026-06-15,0.41074547,0.18551341131986293,10-20% - High-Medium Risk
2364402,202606,2026-06-15,0.41072783,0.18563157272834693,10-20% - High-Medium Risk
2358813,202606,2026-06-15,0.4107127,0.1858678955453149,10-20% - High-Medium Risk
2068644,202606,2026-06-15,0.4107127,0.1857497341368309,10-20% - High-Medium Risk
2507755,202606,2026-06-15,0.4107123,0.18598605695379888,10-20% - High-Medium Risk
2036175,202606,2026-06-15,0.4106989,0.18610421836228289,10-20% - High-Medium Risk
2237487,202606,2026-06-15,0.41056812,0.18622237977076686,10-20% - High-Medium Risk
2149188,202606,2026-06-15,0.41056144,0.18657686399621884,10-20% - High-Medium Risk
2222772,202606,2026-06-15,0.41056144,0.1866950254047028,10-20% - High-Medium Risk
2069599,202606,2026-06-15,0.41056144,0.18634054117925086,10-20% - High-Medium Risk
2395391,202606,2026-06-15,0.41056144,0.18645870258773484,10-20% - High-Medium Risk
2178260,202606,2026-06-15,0.41055208,0.1869313482216708,10-20% - High-Medium Risk
2183442,202606,2026-06-15,0.41055208,0.18681318681318682,10-20% - High-Medium Risk
2459291,202606,2026-06-15,0.4105153,0.1870495096301548,10-20% - High-Medium Risk
2164205,202606,2026-06-15,0.4105109,0.1871676710386388,10-20% - High-Medium Risk
2207975,202606,2026-06-15,0.41046283,0.18728583244712277,10-20% - High-Medium Risk
2353102,202606,2026-06-15,0.4104076,0.18740399385560677,10-20% - High-Medium Risk
2369015,202606,2026-06-15,0.41039178,0.18752215526409075,10-20% - High-Medium Risk
2005264,202606,2026-06-15,0.41032776,0.18764031667257475,10-20% - High-Medium Risk
2528770,202605,2026-05-16,0.41031966,0.18775847808105872,10-20% - High-Medium Risk
2203864,202606,2026-06-15,0.4103136,0.18787663948954272,10-20% - High-Medium Risk
2030375,202606,2026-06-15,0.41030005,0.1879948008980267,10-20% - High-Medium Risk
2489519,202606,2026-06-15,0.4102731,0.1881129623065107,10-20% - High-Medium Risk
2275850,202606,2026-06-15,0.410267,0.18823112371499467,10-20% - High-Medium Risk
2498352,202606,2026-06-15,0.4102082,0.18834928512347868,10-20% - High-Medium Risk
2015101,202606,2026-06-15,0.410175,0.18870376934893063,10-20% - High-Medium Risk
2558678,202606,2026-06-15,0.410175,0.18846744653196265,10-20% - High-Medium Risk
2046467,202606,2026-06-15,0.410175,0.18858560794044665,10-20% - High-Medium Risk
2387940,202603,2026-03-18,0.41012594,0.18882193075741463,10-20% - High-Medium Risk
2152505,202606,2026-06-15,0.41009066,0.1889400921658986,10-20% - High-Medium Risk
2422138,202606,2026-06-15,0.41005963,0.1891764149828666,10-20% - High-Medium Risk
2507953,202606,2026-06-15,0.41005963,0.1890582535743826,10-20% - High-Medium Risk
2464897,202606,2026-06-15,0.41004753,0.18929457639135058,10-20% - High-Medium Risk
2011028,202606,2026-06-15,0.40990677,0.18941273779983459,10-20% - High-Medium Risk
2017459,202606,2026-06-15,0.40981802,0.18953089920831856,10-20% - High-Medium Risk
2094440,202606,2026-06-15,0.40976712,0.18976722202528654,10-20% - High-Medium Risk
2527296,202606,2026-06-15,0.40976712,0.18988538343377054,10-20% - High-Medium Risk
2180389,202606,2026-06-15,0.40976712,0.18964906061680256,10-20% - High-Medium Risk
2115706,202606,2026-06-15,0.40976048,0.1900035448422545,10-20% - High-Medium Risk
2174574,202606,2026-06-15,0.4097539,0.19012170625073851,10-20% - High-Medium Risk
2317023,202606,2026-06-15,0.40974987,0.1902398676592225,10-20% - High-Medium Risk
2386257,202606,2026-06-15,0.40973684,0.1903580290677065,10-20% - High-Medium Risk
2424887,202606,2026-06-15,0.40973505,0.19059435188467447,10-20% - High-Medium Risk
2250118,202606,2026-06-15,0.40973505,0.19047619047619047,10-20% - High-Medium Risk
2504174,202604,2026-04-15,0.40973395,0.19071251329315844,10-20% - High-Medium Risk
2341403,202606,2026-06-15,0.40973395,0.19083067470164244,10-20% - High-Medium Risk
2567077,202606,2026-06-15,0.4097282,0.19094883611012645,10-20% - High-Medium Risk
2185180,202606,2026-06-15,0.4096656,0.19106699751861042,10-20% - High-Medium Risk
2301957,202606,2026-06-15,0.40965912,0.19118515892709442,10-20% - High-Medium Risk
2483602,202606,2026-06-15,0.40953273,0.1913033203355784,10-20% - High-Medium Risk
2367540,202606,2026-06-15,0.40952215,0.1914214817440624,10-20% - High-Medium Risk
2170391,202606,2026-06-15,0.40948892,0.19153964315254637,10-20% - High-Medium Risk
2313708,202606,2026-06-15,0.40948346,0.19165780456103038,10-20% - High-Medium Risk
2470543,202606,2026-06-15,0.40948346,0.19177596596951435,10-20% - High-Medium Risk
2439799,202606,2026-06-15,0.40948308,0.19189412737799835,10-20% - High-Medium Risk
2006095,202606,2026-06-15,0.40946037,0.19201228878648233,10-20% - High-Medium Risk
2502093,202606,2026-06-15,0.40945446,0.19213045019496633,10-20% - High-Medium Risk
2500046,202606,2026-06-15,0.40945446,0.1922486116034503,10-20% - High-Medium Risk
2143947,202606,2026-06-15,0.4094371,0.19248493442041828,10-20% - High-Medium Risk
2061257,202606,2026-06-15,0.4094371,0.1923667730119343,10-20% - High-Medium Risk
2293158,202606,2026-06-15,0.40942052,0.19260309582890228,10-20% - High-Medium Risk
2449335,202606,2026-06-15,0.40939915,0.19272125723738626,10-20% - High-Medium Risk
2183188,202606,2026-06-15,0.4093274,0.19283941864587026,10-20% - High-Medium Risk
2103830,202606,2026-06-15,0.40930796,0.19295758005435426,10-20% - High-Medium Risk
2458868,202606,2026-06-15,0.40927866,0.19307574146283824,10-20% - High-Medium Risk
2137119,202606,2026-06-15,0.4092693,0.19319390287132224,10-20% - High-Medium Risk
2500652,202606,2026-06-15,0.4092444,0.1933120642798062,10-20% - High-Medium Risk
2239880,202606,2026-06-15,0.4091934,0.1934302256882902,10-20% - High-Medium Risk
2132452,202606,2026-06-15,0.4091934,0.1935483870967742,10-20% - High-Medium Risk
2326428,202606,2026-06-15,0.40918693,0.1936665485052582,10-20% - High-Medium Risk
2230588,202606,2026-06-15,0.4091509,0.19378470991374216,10-20% - High-Medium Risk
2468871,202606,2026-06-15,0.40909964,0.19390287132222617,10-20% - High-Medium Risk
2435402,202606,2026-06-15,0.40909478,0.19402103273071014,10-20% - High-Medium Risk
2554847,202606,2026-06-15,0.40909323,0.19413919413919414,10-20% - High-Medium Risk
2526861,202606,2026-06-15,0.40907523,0.19425735554767812,10-20% - High-Medium Risk
2268178,202606,2026-06-15,0.40902546,0.19437551695616212,10-20% - High-Medium Risk
2392048,202606,2026-06-15,0.40900573,0.1944936783646461,10-20% - High-Medium Risk
2015282,202606,2026-06-15,0.4089983,0.1946118397731301,10-20% - High-Medium Risk
2507652,202606,2026-06-15,0.40896976,0.1947300011816141,10-20% - High-Medium Risk
2118791,202606,2026-06-15,0.40892607,0.19484816259009807,10-20% - High-Medium Risk
2101386,202606,2026-06-15,0.40892607,0.19508448540706605,10-20% - High-Medium Risk
2273978,202606,2026-06-15,0.40892607,0.19496632399858208,10-20% - High-Medium Risk
2169518,202606,2026-06-15,0.40891683,0.19520264681555005,10-20% - High-Medium Risk
2129940,202606,2026-06-15,0.4088707,0.195557131041002,10-20% - High-Medium Risk
2522722,202606,2026-06-15,0.4088707,0.19543896963251803,10-20% - High-Medium Risk
2408286,202606,2026-06-15,0.4088707,0.19532080822403403,10-20% - High-Medium Risk
2054685,202606,2026-06-15,0.40881714,0.195675292449486,10-20% - High-Medium Risk
2598859,202606,2026-06-15,0.4087178,0.19579345385796998,10-20% - High-Medium Risk
2558098,202606,2026-06-15,0.408655,0.19602977667493796,10-20% - High-Medium Risk
2103307,202606,2026-06-15,0.408655,0.19591161526645398,10-20% - High-Medium Risk
2534613,202606,2026-06-15,0.408655,0.19614793808342196,10-20% - High-Medium Risk
2157075,202606,2026-06-15,0.40864068,0.19626609949190593,10-20% - High-Medium Risk
2369246,202606,2026-06-15,0.4085877,0.19638426090038993,10-20% - High-Medium Risk
2537232,202606,2026-06-15,0.40857863,0.1965024223088739,10-20% - High-Medium Risk
2129991,202606,2026-06-15,0.40855932,0.1966205837173579,10-20% - High-Medium Risk
2185268,202606,2026-06-15,0.40855148,0.1967387451258419,10-20% - High-Medium Risk
2226835,202606,2026-06-15,0.40854982,0.1968569065343259,10-20% - High-Medium Risk
2493166,202606,2026-06-15,0.40853682,0.1969750679428099,10-20% - High-Medium Risk
2545736,202606,2026-06-15,0.40851477,0.19709322935129386,10-20% - High-Medium Risk
2188095,202606,2026-06-15,0.40850168,0.19721139075977787,10-20% - High-Medium Risk
2521209,202606,2026-06-15,0.4084902,0.19732955216826184,10-20% - High-Medium Risk
2537609,202606,2026-06-15,0.40846968,0.19756587498522982,10-20% - High-Medium Risk
2444948,202606,2026-06-15,0.40846968,0.19744771357674584,10-20% - High-Medium Risk
2148012,202606,2026-06-15,0.40846944,0.19768403639371382,10-20% - High-Medium Risk
2270794,202606,2026-06-15,0.40846944,0.1978021978021978,10-20% - High-Medium Risk
2219699,202606,2026-06-15,0.4084397,0.1979203592106818,10-20% - High-Medium Risk
2363124,202606,2026-06-15,0.40837783,0.19803852061916577,10-20% - High-Medium Risk
2170262,202606,2026-06-15,0.4083764,0.19815668202764977,10-20% - High-Medium Risk
2457812,202606,2026-06-15,0.40828,0.19827484343613375,10-20% - High-Medium Risk
2433842,202606,2026-06-15,0.4082774,0.19839300484461775,10-20% - High-Medium Risk
2492794,202606,2026-06-15,0.40816748,0.19851116625310175,10-20% - High-Medium Risk
2462268,202606,2026-06-15,0.40816748,0.19862932766158573,10-20% - High-Medium Risk
2310465,202606,2026-06-15,0.40809703,0.1988656504785537,10-20% - High-Medium Risk
2543203,202606,2026-06-15,0.40809703,0.19874748907006973,10-20% - High-Medium Risk
2561347,202606,2026-06-15,0.40809703,0.1989838118870377,10-20% - High-Medium Risk
2041070,202606,2026-06-15,0.40806782,0.19910197329552168,10-20% - High-Medium Risk
2094040,202606,2026-06-15,0.4080536,0.19922013470400568,10-20% - High-Medium Risk
2152754,202606,2026-06-15,0.4080536,0.19933829611248965,10-20% - High-Medium Risk
2244996,202606,2026-06-15,0.40803614,0.19945645752097366,10-20% - High-Medium Risk
2203529,202606,2026-06-15,0.40797186,0.19957461892945763,10-20% - High-Medium Risk
2026969,202606,2026-06-15,0.4079498,0.19969278033794163,10-20% - High-Medium Risk
2139347,202606,2026-06-15,0.4079498,0.1998109417464256,10-20% - High-Medium Risk
2179948,202606,2026-06-15,0.40791997,0.1999291031549096,10-20% - High-Medium Risk
2401183,202606,2026-06-15,0.4078937,0.20004726456339358,20-30% - Medium Risk
2197039,202606,2026-06-15,0.40788156,0.20028358738036156,20-30% - Medium Risk
2436335,202606,2026-06-15,0.40788156,0.20040174878884556,20-30% - Medium Risk
2230315,202606,2026-06-15,0.40788156,0.2001654259718776,20-30% - Medium Risk
2351336,202606,2026-06-15,0.40785855,0.20051991019732957,20-30% - Medium Risk
2517321,202606,2026-06-15,0.40785602,0.20075623301429754,20-30% - Medium Risk
2103165,202606,2026-06-15,0.40785602,0.20087439442278152,20-30% - Medium Risk
2394608,202606,2026-06-15,0.40785602,0.2011107172397495,20-30% - Medium Risk
2423352,202606,2026-06-15,0.40785602,0.20099255583126552,20-30% - Medium Risk
2028761,202606,2026-06-15,0.40785602,0.20134704005671747,20-30% - Medium Risk
2125809,202606,2026-06-15,0.40785602,0.2012288786482335,20-30% - Medium Risk
2252740,202606,2026-06-15,0.40785602,0.20063807160581354,20-30% - Medium Risk
2044526,202606,2026-06-15,0.40783945,0.20158336287368545,20-30% - Medium Risk
2487796,202606,2026-06-15,0.40783945,0.20146520146520147,20-30% - Medium Risk
2385589,202606,2026-06-15,0.40783945,0.20193784709913742,20-30% - Medium Risk
2201977,202606,2026-06-15,0.40783945,0.20181968569065342,20-30% - Medium Risk
2169670,202606,2026-06-15,0.40783945,0.20170152428216945,20-30% - Medium Risk
2499528,202606,2026-06-15,0.40775114,0.2020560085076214,20-30% - Medium Risk
2305813,202606,2026-06-15,0.4077116,0.2021741699161054,20-30% - Medium Risk
2279445,202606,2026-06-15,0.40769812,0.20252865414155738,20-30% - Medium Risk
2329169,202606,2026-06-15,0.40769812,0.20241049273307338,20-30% - Medium Risk
2043965,202606,2026-06-15,0.40769812,0.20264681555004135,20-30% - Medium Risk
2149780,202606,2026-06-15,0.40769812,0.2022923313245894,20-30% - Medium Risk
2411454,202606,2026-06-15,0.40769362,0.20276497695852536,20-30% - Medium Risk
2459056,202606,2026-06-15,0.40760094,0.20288313836700933,20-30% - Medium Risk
2576384,202606,2026-06-15,0.40759966,0.2031194611839773,20-30% - Medium Risk
2491365,202606,2026-06-15,0.40759966,0.20300129977549333,20-30% - Medium Risk
2262838,202606,2026-06-15,0.40746242,0.2032376225924613,20-30% - Medium Risk
2193841,202604,2026-04-15,0.40746242,0.20335578400094528,20-30% - Medium Risk
2450253,202606,2026-06-15,0.40746242,0.20347394540942929,20-30% - Medium Risk
2494803,202606,2026-06-15,0.4074519,0.20359210681791326,20-30% - Medium Risk
2335147,202606,2026-06-15,0.4074388,0.20382842963488124,20-30% - Medium Risk
2406616,202606,2026-06-15,0.4074388,0.20371026822639726,20-30% - Medium Risk
2466923,202606,2026-06-15,0.40742916,0.20394659104336524,20-30% - Medium Risk
2120460,202606,2026-06-15,0.40740478,0.2040647524518492,20-30% - Medium Risk
2047466,202606,2026-06-15,0.4074013,0.20418291386033321,20-30% - Medium Risk
2512217,202606,2026-06-15,0.40735525,0.20430107526881722,20-30% - Medium Risk
2195679,202606,2026-06-15,0.40735525,0.2044192366773012,20-30% - Medium Risk
2432937,202606,2026-06-15,0.40734848,0.2045373980857852,20-30% - Medium Risk
2462464,202606,2026-06-15,0.4073422,0.20465555949426917,20-30% - Medium Risk
2262113,202606,2026-06-15,0.40732935,0.20489188231123714,20-30% - Medium Risk
2300123,202606,2026-06-15,0.40732935,0.20477372090275317,20-30% - Medium Risk
2322620,202606,2026-06-15,0.40727133,0.20501004371972115,20-30% - Medium Risk
2448892,202606,2026-06-15,0.40723422,0.20512820512820512,20-30% - Medium Risk
2482649,202606,2026-06-15,0.40719342,0.20524636653668912,20-30% - Medium Risk
2435181,202606,2026-06-15,0.4071702,0.2053645279451731,20-30% - Medium Risk
2120227,202606,2026-06-15,0.40713996,0.2054826893536571,20-30% - Medium Risk
2162422,202605,2026-05-16,0.4071211,0.20560085076214107,20-30% - Medium Risk
2363301,202606,2026-06-15,0.4071211,0.20571901217062508,20-30% - Medium Risk
2067262,202606,2026-06-15,0.40710038,0.20583717357910905,20-30% - Medium Risk
2390793,202606,2026-06-15,0.4070965,0.20595533498759305,20-30% - Medium Risk
2324454,202606,2026-06-15,0.40704614,0.20607349639607705,20-30% - Medium Risk
2225013,202606,2026-06-15,0.40696758,0.206427980621529,20-30% - Medium Risk
2116323,202606,2026-06-15,0.40696758,0.20619165780456103,20-30% - Medium Risk
2308405,202606,2026-06-15,0.40696758,0.20630981921304503,20-30% - Medium Risk
2395667,202606,2026-06-15,0.40694407,0.206546142030013,20-30% - Medium Risk
2208728,202606,2026-06-15,0.4069349,0.20666430343849698,20-30% - Medium Risk
2142611,202606,2026-06-15,0.40692487,0.20678246484698098,20-30% - Medium Risk
2386054,202606,2026-06-15,0.4069157,0.20690062625546496,20-30% - Medium Risk
2564141,202606,2026-06-15,0.40690425,0.20701878766394896,20-30% - Medium Risk
2254655,202606,2026-06-15,0.40682352,0.20713694907243294,20-30% - Medium Risk
2168329,202606,2026-06-15,0.40682185,0.20725511048091694,20-30% - Medium Risk
2222338,202606,2026-06-15,0.4068206,0.2073732718894009,20-30% - Medium Risk
2356636,202606,2026-06-15,0.4067802,0.20749143329788491,20-30% - Medium Risk
2174496,202606,2026-06-15,0.40673918,0.2076095947063689,20-30% - Medium Risk
2259451,202606,2026-06-15,0.40667552,0.2077277561148529,20-30% - Medium Risk
2531204,202606,2026-06-15,0.40666848,0.20784591752333686,20-30% - Medium Risk
2580382,202606,2026-06-15,0.40666848,0.20796407893182087,20-30% - Medium Risk
2315281,202606,2026-06-15,0.4066172,0.20808224034030487,20-30% - Medium Risk
2500475,202606,2026-06-15,0.4065875,0.20820040174878884,20-30% - Medium Risk
2153948,202606,2026-06-15,0.40655568,0.20831856315727285,20-30% - Medium Risk
2059808,202606,2026-06-15,0.4065046,0.20843672456575682,20-30% - Medium Risk
2361967,202606,2026-06-15,0.40649492,0.20855488597424082,20-30% - Medium Risk
2183323,202606,2026-06-15,0.4064425,0.2086730473827248,20-30% - Medium Risk
2115654,202606,2026-06-15,0.4064132,0.2087912087912088,20-30% - Medium Risk
2460651,202606,2026-06-15,0.40640867,0.20890937019969277,20-30% - Medium Risk
2338005,202606,2026-06-15,0.4063728,0.20926385442514475,20-30% - Medium Risk
2540436,202606,2026-06-15,0.4063728,0.20914569301666075,20-30% - Medium Risk
2474795,202606,2026-06-15,0.4063728,0.20902753160817678,20-30% - Medium Risk
2535491,202606,2026-06-15,0.40634897,0.20938201583362873,20-30% - Medium Risk
2159748,202606,2026-06-15,0.4063459,0.20950017724211273,20-30% - Medium Risk
2074240,202606,2026-06-15,0.4063392,0.2096183386505967,20-30% - Medium Risk
2498066,202606,2026-06-15,0.40626255,0.2097365000590807,20-30% - Medium Risk
2385632,202606,2026-06-15,0.40624797,0.2098546614675647,20-30% - Medium Risk
2460423,202606,2026-06-15,0.40623215,0.20997282287604868,20-30% - Medium Risk
2511121,202606,2026-06-15,0.4061453,0.21009098428453268,20-30% - Medium Risk
2454713,202606,2026-06-15,0.40613407,0.21020914569301666,20-30% - Medium Risk
2457584,202606,2026-06-15,0.40613407,0.21032730710150066,20-30% - Medium Risk
2314915,202606,2026-06-15,0.40603396,0.21056362991846864,20-30% - Medium Risk
2458449,202606,2026-06-15,0.40603396,0.21044546850998463,20-30% - Medium Risk
2438871,202606,2026-06-15,0.40603396,0.2106817913269526,20-30% - Medium Risk
2502399,202606,2026-06-15,0.40602013,0.2107999527354366,20-30% - Medium Risk
2186169,202606,2026-06-15,0.40601143,0.2109181141439206,20-30% - Medium Risk
2200506,202606,2026-06-15,0.4059567,0.2110362755524046,20-30% - Medium Risk
2550527,202606,2026-06-15,0.4059567,0.21115443696088856,20-30% - Medium Risk
2200083,202606,2026-06-15,0.40594694,0.21127259836937257,20-30% - Medium Risk
2509614,202606,2026-06-15,0.40594262,0.21139075977785654,20-30% - Medium Risk
2605818,202606,2026-06-15,0.40590987,0.21150892118634054,20-30% - Medium Risk
2130674,202606,2026-06-15,0.40590805,0.21162708259482452,20-30% - Medium Risk
2427946,202606,2026-06-15,0.40590155,0.21174524400330852,20-30% - Medium Risk
2178990,202606,2026-06-15,0.40588537,0.21186340541179252,20-30% - Medium Risk
2284339,202606,2026-06-15,0.40586036,0.2119815668202765,20-30% - Medium Risk
2598028,202606,2026-06-15,0.4058203,0.2120997282287605,20-30% - Medium Risk
2397443,202606,2026-06-15,0.40579444,0.21221788963724447,20-30% - Medium Risk
2315170,202606,2026-06-15,0.4057716,0.21233605104572847,20-30% - Medium Risk
2463599,202604,2026-04-15,0.4057627,0.21245421245421245,20-30% - Medium Risk
2189171,202606,2026-06-15,0.405758,0.21257237386269645,20-30% - Medium Risk
2359570,202606,2026-06-15,0.40575665,0.21269053527118043,20-30% - Medium Risk
2027548,202606,2026-06-15,0.40574604,0.21280869667966443,20-30% - Medium Risk
2555138,202606,2026-06-15,0.40573633,0.2129268580881484,20-30% - Medium Risk
2125499,202606,2026-06-15,0.40573633,0.2130450194966324,20-30% - Medium Risk
2527264,202606,2026-06-15,0.40572014,0.21316318090511638,20-30% - Medium Risk
2546794,202606,2026-06-15,0.40566078,0.21328134231360038,20-30% - Medium Risk
2501262,202606,2026-06-15,0.40561146,0.21339950372208435,20-30% - Medium Risk
2515173,202606,2026-06-15,0.40561146,0.21351766513056836,20-30% - Medium Risk
2556829,202606,2026-06-15,0.40557957,0.21363582653905236,20-30% - Medium Risk
2490359,202606,2026-06-15,0.4055305,0.21375398794753633,20-30% - Medium Risk
2238526,202606,2026-06-15,0.405471,0.21387214935602034,20-30% - Medium Risk
2007960,202606,2026-06-15,0.40542883,0.2139903107645043,20-30% - Medium Risk
2024146,202606,2026-06-15,0.4054105,0.2141084721729883,20-30% - Medium Risk
2446346,202606,2026-06-15,0.4054105,0.2142266335814723,20-30% - Medium Risk
2412587,202606,2026-06-15,0.405392,0.2143447949899563,20-30% - Medium Risk
2476720,202606,2026-06-15,0.40532735,0.21446295639844026,20-30% - Medium Risk
2433075,202606,2026-06-15,0.4053238,0.21458111780692427,20-30% - Medium Risk
2511208,202606,2026-06-15,0.40530702,0.21469927921540824,20-30% - Medium Risk
2080825,202606,2026-06-15,0.40527207,0.21481744062389224,20-30% - Medium Risk
2438056,202606,2026-06-15,0.40524113,0.21493560203237622,20-30% - Medium Risk
2330467,202606,2026-06-15,0.40522018,0.21505376344086022,20-30% - Medium Risk
2017931,202606,2026-06-15,0.40513277,0.2151719248493442,20-30% - Medium Risk
2183034,202606,2026-06-15,0.40512258,0.2152900862578282,20-30% - Medium Risk
2333914,202602,2026-02-15,0.40512025,0.21540824766631217,20-30% - Medium Risk
2133302,202606,2026-06-15,0.40511125,0.21552640907479617,20-30% - Medium Risk
2494028,202606,2026-06-15,0.40509576,0.21564457048328017,20-30% - Medium Risk
2002457,202606,2026-06-15,0.4050209,0.21611721611721613,20-30% - Medium Risk
2390446,202606,2026-06-15,0.4050209,0.21576273189176415,20-30% - Medium Risk
2390126,202606,2026-06-15,0.4050209,0.21588089330024815,20-30% - Medium Risk
2395251,202606,2026-06-15,0.4050209,0.21599905470873212,20-30% - Medium Risk
2301378,202606,2026-06-15,0.4049205,0.2162353775257001,20-30% - Medium Risk
2077819,202606,2026-06-15,0.40491605,0.2163535389341841,20-30% - Medium Risk
2156553,202606,2026-06-15,0.4047943,0.21647170034266808,20-30% - Medium Risk
2263509,202606,2026-06-15,0.40476164,0.21658986175115208,20-30% - Medium Risk
2261081,202604,2026-04-15,0.40465882,0.21670802315963605,20-30% - Medium Risk
2249481,202601,2026-01-15,0.40465543,0.21682618456812006,20-30% - Medium Risk
2411501,202606,2026-06-15,0.40462166,0.21694434597660403,20-30% - Medium Risk
2034321,202606,2026-06-15,0.4046056,0.21706250738508803,20-30% - Medium Risk
2448782,202606,2026-06-15,0.40455773,0.217180668793572,20-30% - Medium Risk
2231541,202606,2026-06-15,0.4045343,0.217298830202056,20-30% - Medium Risk
2352083,202606,2026-06-15,0.40449545,0.21741699161054,20-30% - Medium Risk
2334576,202606,2026-06-15,0.4044718,0.217653314427508,20-30% - Medium Risk
2478634,202606,2026-06-15,0.4044718,0.21753515301902399,20-30% - Medium Risk
2419529,202606,2026-06-15,0.4044559,0.21777147583599196,20-30% - Medium Risk
2605798,202606,2026-06-15,0.40444687,0.21788963724447596,20-30% - Medium Risk
2493901,202606,2026-06-15,0.4044427,0.21800779865295994,20-30% - Medium Risk
2412502,202606,2026-06-15,0.4044383,0.21824412146992792,20-30% - Medium Risk
2537027,202606,2026-06-15,0.4044383,0.21812596006144394,20-30% - Medium Risk
2003981,202606,2026-06-15,0.4044106,0.21836228287841192,20-30% - Medium Risk
2560302,202606,2026-06-15,0.40440193,0.2184804442868959,20-30% - Medium Risk
2295099,202606,2026-06-15,0.40437353,0.2185986056953799,20-30% - Medium Risk
2494047,202606,2026-06-15,0.40423653,0.21871676710386387,20-30% - Medium Risk
2455603,202606,2026-06-15,0.40422693,0.21883492851234787,20-30% - Medium Risk
2396590,202606,2026-06-15,0.40421626,0.21895308992083184,20-30% - Medium Risk
2313881,202606,2026-06-15,0.4042013,0.21907125132931585,20-30% - Medium Risk
2073726,202606,2026-06-15,0.40416166,0.21918941273779982,20-30% - Medium Risk
2503712,202606,2026-06-15,0.40414432,0.21930757414628382,20-30% - Medium Risk
2483672,202606,2026-06-15,0.40409523,0.21942573555476783,20-30% - Medium Risk
2486355,202606,2026-06-15,0.4040791,0.2195438969632518,20-30% - Medium Risk
2599496,202606,2026-06-15,0.40403762,0.2196620583717358,20-30% - Medium Risk
2133031,202606,2026-06-15,0.40402442,0.21978021978021978,20-30% - Medium Risk
2512068,202606,2026-06-15,0.40400267,0.21989838118870378,20-30% - Medium Risk
2138746,202606,2026-06-15,0.40393642,0.22013470400567176,20-30% - Medium Risk
2077372,202606,2026-06-15,0.40393642,0.22001654259718775,20-30% - Medium Risk
2006933,202606,2026-06-15,0.40392077,0.22025286541415573,20-30% - Medium Risk
2170626,202606,2026-06-15,0.4038918,0.22037102682263973,20-30% - Medium Risk
2471666,202606,2026-06-15,0.4038918,0.2204891882311237,20-30% - Medium Risk
2249628,202606,2026-06-15,0.40385795,0.2206073496396077,20-30% - Medium Risk
2538972,202606,2026-06-15,0.40384626,0.22072551104809168,20-30% - Medium Risk
2437431,202606,2026-06-15,0.40381467,0.22084367245657568,20-30% - Medium Risk
2419700,202606,2026-06-15,0.40376085,0.22096183386505966,20-30% - Medium Risk
2228836,202606,2026-06-15,0.40374666,0.22107999527354366,20-30% - Medium Risk
2397851,202606,2026-06-15,0.4037118,0.22119815668202766,20-30% - Medium Risk
2253223,202606,2026-06-15,0.4037085,0.22131631809051164,20-30% - Medium Risk
2221633,202606,2026-06-15,0.40370172,0.22155264090747961,20-30% - Medium Risk
2264568,202512,2025-12-16,0.40370172,0.22202528654141557,20-30% - Medium Risk
2307435,202606,2026-06-15,0.40370172,0.22143447949899564,20-30% - Medium Risk
2073466,202606,2026-06-15,0.40370172,0.22167080231596362,20-30% - Medium Risk
2277157,202606,2026-06-15,0.40370172,0.22214344794989957,20-30% - Medium Risk
2006533,202606,2026-06-15,0.40370172,0.2219071251329316,20-30% - Medium Risk
2171684,202601,2026-01-15,0.40370172,0.22226160935838354,20-30% - Medium Risk
2005889,202606,2026-06-15,0.40370172,0.2217889637244476,20-30% - Medium Risk
2500915,202606,2026-06-15,0.40366966,0.22237977076686755,20-30% - Medium Risk
2311109,202606,2026-06-15,0.40358955,0.22249793217535152,20-30% - Medium Risk
2022315,202606,2026-06-15,0.40358287,0.22261609358383552,20-30% - Medium Risk
2574419,202606,2026-06-15,0.4035606,0.2227342549923195,20-30% - Medium Risk
2008529,202606,2026-06-15,0.40355325,0.2228524164008035,20-30% - Medium Risk
2055006,202606,2026-06-15,0.40352398,0.22297057780928747,20-30% - Medium Risk
2076856,202606,2026-06-15,0.40350455,0.22320690062625548,20-30% - Medium Risk
2372623,202606,2026-06-15,0.40350455,0.22344322344322345,20-30% - Medium Risk
2506016,202606,2026-06-15,0.40350455,0.22308873921777148,20-30% - Medium Risk
2333914,202605,2026-05-16,0.40350455,0.22332506203473945,20-30% - Medium Risk
2043058,202606,2026-06-15,0.403461,0.22356138485170743,20-30% - Medium Risk
2598201,202606,2026-06-15,0.40343314,0.22367954626019143,20-30% - Medium Risk
2193253,202606,2026-06-15,0.40340564,0.2237977076686754,20-30% - Medium Risk
2497682,202606,2026-06-15,0.40324184,0.22403403048564338,20-30% - Medium Risk
2339867,202606,2026-06-15,0.40324184,0.2239158690771594,20-30% - Medium Risk
2038665,202606,2026-06-15,0.4032386,0.22415219189412738,20-30% - Medium Risk
2259866,202606,2026-06-15,0.40323564,0.22438851471109536,20-30% - Medium Risk
2599736,202606,2026-06-15,0.40323564,0.22427035330261136,20-30% - Medium Risk
2402502,202606,2026-06-15,0.40320098,0.22450667611957933,20-30% - Medium Risk
2260200,202606,2026-06-15,0.4031855,0.22462483752806334,20-30% - Medium Risk
2383265,202606,2026-06-15,0.40318263,0.2247429989365473,20-30% - Medium Risk
2252000,202606,2026-06-15,0.40314728,0.2248611603450313,20-30% - Medium Risk
2184145,202606,2026-06-15,0.40314338,0.22497932175351532,20-30% - Medium Risk
2536181,202606,2026-06-15,0.40311924,0.2250974831619993,20-30% - Medium Risk
2467085,202606,2026-06-15,0.40310156,0.2252156445704833,20-30% - Medium Risk
2486579,202606,2026-06-15,0.4030808,0.22533380597896727,20-30% - Medium Risk
2500942,202606,2026-06-15,0.40306446,0.22545196738745127,20-30% - Medium Risk
2161800,202606,2026-06-15,0.40301472,0.22557012879593524,20-30% - Medium Risk
2479625,202606,2026-06-15,0.40296364,0.22568829020441925,20-30% - Medium Risk
2241041,202606,2026-06-15,0.4029472,0.22580645161290322,20-30% - Medium Risk
2082616,202606,2026-06-15,0.40293333,0.22592461302138722,20-30% - Medium Risk
2180468,202606,2026-06-15,0.40293333,0.22627909724683917,20-30% - Medium Risk
2235396,202606,2026-06-15,0.40293333,0.2261609358383552,20-30% - Medium Risk
2516822,202606,2026-06-15,0.40293333,0.2260427744298712,20-30% - Medium Risk
2234897,202606,2026-06-15,0.4029288,0.22639725865532317,20-30% - Medium Risk
2322583,202606,2026-06-15,0.40285864,0.22651542006380715,20-30% - Medium Risk
2556370,202606,2026-06-15,0.4027569,0.22663358147229115,20-30% - Medium Risk
2433333,202606,2026-06-15,0.40273967,0.22675174288077513,20-30% - Medium Risk
2499071,202606,2026-06-15,0.40273967,0.22686990428925913,20-30% - Medium Risk
2321260,202606,2026-06-15,0.40272382,0.22698806569774313,20-30% - Medium Risk
2471900,202606,2026-06-15,0.40269133,0.2271062271062271,20-30% - Medium Risk
2492901,202606,2026-06-15,0.40263766,0.2272243885147111,20-30% - Medium Risk
2153356,202606,2026-06-15,0.40262717,0.22734254992319508,20-30% - Medium Risk
2563961,202606,2026-06-15,0.40262717,0.22746071133167908,20-30% - Medium Risk
2161399,202606,2026-06-15,0.40262538,0.22757887274016306,20-30% - Medium Risk
2348650,202606,2026-06-15,0.40262538,0.22769703414864706,20-30% - Medium Risk
2011366,202604,2026-04-15,0.40261355,0.228051518374099,20-30% - Medium Risk
2265875,202602,2026-02-15,0.40261355,0.22793335696561504,20-30% - Medium Risk
2209586,202606,2026-06-15,0.40261355,0.22781519555713103,20-30% - Medium Risk
2480022,202606,2026-06-15,0.4025702,0.228406002599551,20-30% - Medium Risk
2538530,202606,2026-06-15,0.4025702,0.228169679782583,20-30% - Medium Risk
2397333,202606,2026-06-15,0.4025702,0.228287841191067,20-30% - Medium Risk
2190248,202606,2026-06-15,0.40254214,0.22852416400803496,20-30% - Medium Risk
2509493,202606,2026-06-15,0.40253028,0.22864232541651897,20-30% - Medium Risk
2181228,202606,2026-06-15,0.40248105,0.22876048682500297,20-30% - Medium Risk
2262748,202606,2026-06-15,0.40245748,0.22887864823348694,20-30% - Medium Risk
2222447,202606,2026-06-15,0.40238562,0.22899680964197094,20-30% - Medium Risk
2023792,202606,2026-06-15,0.4023672,0.22911497105045492,20-30% - Medium Risk
2117327,202606,2026-06-15,0.40233177,0.22923313245893892,20-30% - Medium Risk
2019583,202606,2026-06-15,0.4023252,0.2294694552759069,20-30% - Medium Risk
2192609,202606,2026-06-15,0.4023252,0.22958761668439087,20-30% - Medium Risk
2362619,202606,2026-06-15,0.4023252,0.22970577809287487,20-30% - Medium Risk
2463514,202606,2026-06-15,0.4023252,0.2293512938674229,20-30% - Medium Risk
2216671,202606,2026-06-15,0.40229714,0.22982393950135885,20-30% - Medium Risk
2243629,202606,2026-06-15,0.40229526,0.22994210090984285,20-30% - Medium Risk
2028581,202606,2026-06-15,0.40226558,0.23006026231832682,20-30% - Medium Risk
2550606,202606,2026-06-15,0.40217972,0.23017842372681083,20-30% - Medium Risk
2251045,202606,2026-06-15,0.40209705,0.2302965851352948,20-30% - Medium Risk
2318358,202606,2026-06-15,0.40207893,0.2304147465437788,20-30% - Medium Risk
2280388,202606,2026-06-15,0.40207893,0.23053290795226278,20-30% - Medium Risk
2189406,202606,2026-06-15,0.40207693,0.23065106936074678,20-30% - Medium Risk
2131514,202606,2026-06-15,0.40207562,0.23076923076923078,20-30% - Medium Risk
2584107,202606,2026-06-15,0.40206668,0.23088739217771476,20-30% - Medium Risk
2434691,202606,2026-06-15,0.40204504,0.23100555358619876,20-30% - Medium Risk
2337594,202606,2026-06-15,0.40202105,0.23112371499468273,20-30% - Medium Risk
2193712,202606,2026-06-15,0.40198082,0.23124187640316674,20-30% - Medium Risk
2080536,202606,2026-06-15,0.40198082,0.2313600378116507,20-30% - Medium Risk
2266570,202606,2026-06-15,0.40196136,0.2314781992201347,20-30% - Medium Risk
2487204,202606,2026-06-15,0.4019277,0.23183268344558666,20-30% - Medium Risk
2200420,202606,2026-06-15,0.4019277,0.2317145220371027,20-30% - Medium Risk
2175652,202606,2026-06-15,0.4019277,0.23159636062861869,20-30% - Medium Risk
2410702,202606,2026-06-15,0.4019224,0.23195084485407066,20-30% - Medium Risk
2140105,202606,2026-06-15,0.4018853,0.23206900626255464,20-30% - Medium Risk
2306260,202606,2026-06-15,0.4018835,0.23218716767103864,20-30% - Medium Risk
2338417,202606,2026-06-15,0.40183023,0.23230532907952262,20-30% - Medium Risk
2297774,202606,2026-06-15,0.40178767,0.23242349048800662,20-30% - Medium Risk
2207784,202606,2026-06-15,0.40178427,0.23254165189649062,20-30% - Medium Risk
2235397,202606,2026-06-15,0.40169752,0.2326598133049746,20-30% - Medium Risk
2420854,202606,2026-06-15,0.4016928,0.23289613612194257,20-30% - Medium Risk
2108830,202604,2026-04-15,0.4016928,0.2327779747134586,20-30% - Medium Risk
2026002,202606,2026-06-15,0.4016507,0.23301429753042657,20-30% - Medium Risk
2153266,202606,2026-06-15,0.4016298,0.23313245893891055,20-30% - Medium Risk
2077004,202606,2026-06-15,0.40156838,0.23325062034739455,20-30% - Medium Risk
2130709,202606,2026-06-15,0.4015594,0.23336878175587852,20-30% - Medium Risk
2137326,202606,2026-06-15,0.4013624,0.23348694316436253,20-30% - Medium Risk
2273357,202606,2026-06-15,0.4013423,0.2336051045728465,20-30% - Medium Risk
2057024,202606,2026-06-15,0.40131074,0.2337232659813305,20-30% - Medium Risk
2260881,202606,2026-06-15,0.40131074,0.23384142738981448,20-30% - Medium Risk
2232120,202606,2026-06-15,0.40127176,0.23395958879829848,20-30% - Medium Risk
2280165,202606,2026-06-15,0.401258,0.23407775020678245,20-30% - Medium Risk
2452468,202606,2026-06-15,0.40122482,0.23419591161526646,20-30% - Medium Risk
2326126,202606,2026-06-15,0.40122163,0.23431407302375043,20-30% - Medium Risk
2092020,202606,2026-06-15,0.40120396,0.23443223443223443,20-30% - Medium Risk
2172104,202606,2026-06-15,0.40119365,0.23455039584071843,20-30% - Medium Risk
2067913,202606,2026-06-15,0.40119022,0.2346685572492024,20-30% - Medium Risk
2164819,202606,2026-06-15,0.40118814,0.2347867186576864,20-30% - Medium Risk
2296589,202604,2026-04-15,0.40118814,0.23490488006617039,20-30% - Medium Risk
2471769,202606,2026-06-15,0.40117055,0.2350230414746544,20-30% - Medium Risk
2510148,202606,2026-06-15,0.40114248,0.23514120288313836,20-30% - Medium Risk
2305480,202606,2026-06-15,0.40113196,0.23525936429162236,20-30% - Medium Risk
2591802,202606,2026-06-15,0.40109217,0.23537752570010634,20-30% - Medium Risk
2002568,202606,2026-06-15,0.40106738,0.23561384851707431,20-30% - Medium Risk
2224912,202606,2026-06-15,0.40106738,0.23549568710859034,20-30% - Medium Risk
2320149,202606,2026-06-15,0.40105948,0.23573200992555832,20-30% - Medium Risk
2189802,202606,2026-06-15,0.40102428,0.2358501713340423,20-30% - Medium Risk
2044034,202606,2026-06-15,0.40093786,0.2359683327425263,20-30% - Medium Risk
2423904,202606,2026-06-15,0.40089354,0.23608649415101027,20-30% - Medium Risk
2037988,202606,2026-06-15,0.40084934,0.23620465555949427,20-30% - Medium Risk
2174850,202606,2026-06-15,0.40084216,0.23632281696797827,20-30% - Medium Risk
2451199,202606,2026-06-15,0.4007726,0.23644097837646225,20-30% - Medium Risk
2585587,202606,2026-06-15,0.40075642,0.23655913978494625,20-30% - Medium Risk
2094946,202606,2026-06-15,0.4006969,0.23667730119343022,20-30% - Medium Risk
2449472,202606,2026-06-15,0.40066722,0.23679546260191423,20-30% - Medium Risk
2140065,202606,2026-06-15,0.40062758,0.2369136240103982,20-30% - Medium Risk
2497796,202606,2026-06-15,0.40062234,0.2370317854188822,20-30% - Medium Risk
2030481,202606,2026-06-15,0.40059668,0.23714994682736618,20-30% - Medium Risk
2238374,202606,2026-06-15,0.4005805,0.23726810823585018,20-30% - Medium Risk
2318026,202606,2026-06-15,0.40057874,0.23738626964433415,20-30% - Medium Risk
2360965,202606,2026-06-15,0.40052086,0.23750443105281815,20-30% - Medium Risk
2314953,202602,2026-02-15,0.40049905,0.23762259246130213,20-30% - Medium Risk
2240970,202606,2026-06-15,0.40048918,0.23774075386978613,20-30% - Medium Risk
2013361,202606,2026-06-15,0.40045428,0.2378589152782701,20-30% - Medium Risk
2307191,202606,2026-06-15,0.400406,0.2379770766867541,20-30% - Medium Risk
2152980,202606,2026-06-15,0.40031186,0.23809523809523808,20-30% - Medium Risk
2046759,202606,2026-06-15,0.40019393,0.23821339950372208,20-30% - Medium Risk
2283672,202606,2026-06-15,0.4001881,0.2383315609122061,20-30% - Medium Risk
2509609,202606,2026-06-15,0.4001881,0.23844972232069006,20-30% - Medium Risk
2190829,202606,2026-06-15,0.40016997,0.23856788372917406,20-30% - Medium Risk
2484219,202606,2026-06-15,0.40012535,0.23868604513765804,20-30% - Medium Risk
2114939,202606,2026-06-15,0.40005845,0.23880420654614204,20-30% - Medium Risk
2281185,202606,2026-06-15,0.39998645,0.238922367954626,20-30% - Medium Risk
2543067,202606,2026-06-15,0.39995813,0.23904052936311002,20-30% - Medium Risk
2518713,202606,2026-06-15,0.39992982,0.239158690771594,20-30% - Medium Risk
2297849,202606,2026-06-15,0.39992386,0.239276852180078,20-30% - Medium Risk
2234748,202606,2026-06-15,0.39992386,0.23939501358856197,20-30% - Medium Risk
2410877,202606,2026-06-15,0.39989862,0.23951317499704597,20-30% - Medium Risk
2427608,202606,2026-06-15,0.39989063,0.23974949781401395,20-30% - Medium Risk
2412824,202606,2026-06-15,0.39989063,0.23963133640552994,20-30% - Medium Risk
2530253,202606,2026-06-15,0.3998721,0.23986765922249792,20-30% - Medium Risk
2551626,202606,2026-06-15,0.3998483,0.23998582063098192,20-30% - Medium Risk
2040519,202606,2026-06-15,0.39984322,0.24010398203946592,20-30% - Medium Risk
2378380,202606,2026-06-15,0.39982498,0.2402221434479499,20-30% - Medium Risk
2331118,202606,2026-06-15,0.3997225,0.2403403048564339,20-30% - Medium Risk
2432003,202606,2026-06-15,0.3997225,0.24045846626491788,20-30% - Medium Risk
2237441,202606,2026-06-15,0.39969528,0.24057662767340188,20-30% - Medium Risk
2010058,202606,2026-06-15,0.39966083,0.24069478908188585,20-30% - Medium Risk
2428516,202606,2026-06-15,0.39964554,0.24081295049036985,20-30% - Medium Risk
2512121,202606,2026-06-15,0.39964554,0.24104927330733783,20-30% - Medium Risk
2440978,202606,2026-06-15,0.39964554,0.24093111189885383,20-30% - Medium Risk
2038782,202606,2026-06-15,0.39962614,0.2412855961243058,20-30% - Medium Risk
2050969,202606,2026-06-15,0.39962614,0.2411674347158218,20-30% - Medium Risk
2302381,202606,2026-06-15,0.39962614,0.24140375753278978,20-30% - Medium Risk
2365083,202606,2026-06-15,0.39962384,0.24152191894127378,20-30% - Medium Risk
2607078,202606,2026-06-15,0.39959583,0.24164008034975776,20-30% - Medium Risk
2493243,202606,2026-06-15,0.39951628,0.24187640316672573,20-30% - Medium Risk
2421035,202606,2026-06-15,0.39951628,0.24175824175824176,20-30% - Medium Risk
2552635,202606,2026-06-15,0.399469,0.24199456457520974,20-30% - Medium Risk
2158022,202606,2026-06-15,0.39946818,0.24211272598369374,20-30% - Medium Risk
2299303,202602,2026-02-15,0.3994604,0.2422308873921777,20-30% - Medium Risk
2092661,202606,2026-06-15,0.3994544,0.24234904880066171,20-30% - Medium Risk
2303411,202606,2026-06-15,0.39943606,0.2424672102091457,20-30% - Medium Risk
2601372,202606,2026-06-15,0.3994328,0.2425853716176297,20-30% - Medium Risk
2066952,202606,2026-06-15,0.39941567,0.24270353302611367,20-30% - Medium Risk
2262453,202606,2026-06-15,0.399415,0.24282169443459767,20-30% - Medium Risk
2498371,202606,2026-06-15,0.3994086,0.24293985584308164,20-30% - Medium Risk
2290640,202606,2026-06-15,0.3993579,0.2434125014770176,20-30% - Medium Risk
2327957,202606,2026-06-15,0.3993579,0.2435306628855016,20-30% - Medium Risk
2443103,202606,2026-06-15,0.3993579,0.24364882429398557,20-30% - Medium Risk
2265810,202605,2026-05-16,0.3993579,0.24305801725156564,20-30% - Medium Risk
2163441,202606,2026-06-15,0.3993579,0.24317617866004962,20-30% - Medium Risk
2097463,202606,2026-06-15,0.3993579,0.24329434006853362,20-30% - Medium Risk
2542498,202606,2026-06-15,0.39935347,0.24376698570246957,20-30% - Medium Risk
2313643,202606,2026-06-15,0.39935347,0.24388514711095358,20-30% - Medium Risk
2403684,202606,2026-06-15,0.39935273,0.24400330851943755,20-30% - Medium Risk
2187401,202606,2026-06-15,0.39933574,0.24412146992792155,20-30% - Medium Risk
2528954,202606,2026-06-15,0.399281,0.24423963133640553,20-30% - Medium Risk
2139516,202606,2026-06-15,0.3992742,0.24435779274488953,20-30% - Medium Risk
2494131,202606,2026-06-15,0.39927354,0.2444759541533735,20-30% - Medium Risk
2180516,202606,2026-06-15,0.3992731,0.2445941155618575,20-30% - Medium Risk
2297642,202606,2026-06-15,0.39926016,0.24471227697034148,20-30% - Medium Risk
2276062,202606,2026-06-15,0.39923885,0.24483043837882548,20-30% - Medium Risk
2184254,202606,2026-06-15,0.39918554,0.24494859978730946,20-30% - Medium Risk
2071726,202606,2026-06-15,0.39917636,0.24506676119579346,20-30% - Medium Risk
2068453,202606,2026-06-15,0.39917636,0.24530308401276144,20-30% - Medium Risk
2540609,202606,2026-06-15,0.39917636,0.24518492260427743,20-30% - Medium Risk
2443282,202606,2026-06-15,0.399174,0.2454212454212454,20-30% - Medium Risk
2170947,202606,2026-06-15,0.39914846,0.24601205246366536,20-30% - Medium Risk
2300507,202605,2026-05-16,0.39914846,0.2458938910551814,20-30% - Medium Risk
2256443,202606,2026-06-15,0.39914846,0.2455394068297294,20-30% - Medium Risk
2207566,202606,2026-06-15,0.39914846,0.2457757296466974,20-30% - Medium Risk
2209257,202606,2026-06-15,0.39914846,0.2456575682382134,20-30% - Medium Risk
2038648,202606,2026-06-15,0.39912176,0.24613021387214937,20-30% - Medium Risk
2504844,202606,2026-06-15,0.39910287,0.24624837528063334,20-30% - Medium Risk
2125565,202606,2026-06-15,0.39910287,0.24636653668911734,20-30% - Medium Risk
2348775,202606,2026-06-15,0.39909416,0.24648469809760132,20-30% - Medium Risk
2129497,202606,2026-06-15,0.39908898,0.24660285950608532,20-30% - Medium Risk
2220893,202606,2026-06-15,0.39905196,0.2467210209145693,20-30% - Medium Risk
2063237,202606,2026-06-15,0.39902598,0.2468391823230533,20-30% - Medium Risk
2434707,202606,2026-06-15,0.39899787,0.24695734373153727,20-30% - Medium Risk
2504046,202606,2026-06-15,0.39899683,0.24707550514002127,20-30% - Medium Risk
2460088,202606,2026-06-15,0.39899397,0.24719366654850525,20-30% - Medium Risk
2028443,202606,2026-06-15,0.3989751,0.24731182795698925,20-30% - Medium Risk
2163064,202606,2026-06-15,0.39896616,0.24742998936547322,20-30% - Medium Risk
2374978,202606,2026-06-15,0.39896035,0.24754815077395723,20-30% - Medium Risk
2315606,202606,2026-06-15,0.3989141,0.24766631218244123,20-30% - Medium Risk
2343251,202606,2026-06-15,0.39884034,0.2477844735909252,20-30% - Medium Risk
2370474,202606,2026-06-15,0.39882982,0.2479026349994092,20-30% - Medium Risk
2391439,202606,2026-06-15,0.3988093,0.24802079640789318,20-30% - Medium Risk
2238642,202606,2026-06-15,0.39878142,0.24825711922486116,20-30% - Medium Risk
2151274,202606,2026-06-15,0.39878142,0.24813895781637718,20-30% - Medium Risk
2155891,202606,2026-06-15,0.398779,0.24837528063334516,20-30% - Medium Risk
2517884,202606,2026-06-15,0.39874524,0.24849344204182913,20-30% - Medium Risk
2502977,202606,2026-06-15,0.3987338,0.24861160345031313,20-30% - Medium Risk
2319508,202606,2026-06-15,0.39873073,0.2487297648587971,20-30% - Medium Risk
2251138,202606,2026-06-15,0.39871955,0.2488479262672811,20-30% - Medium Risk
2131627,202606,2026-06-15,0.39870852,0.2490842490842491,20-30% - Medium Risk
2441753,202606,2026-06-15,0.39870852,0.24896608767576509,20-30% - Medium Risk
2013952,202606,2026-06-15,0.39869097,0.24920241049273306,20-30% - Medium Risk
2275318,202606,2026-06-15,0.39868626,0.24932057190121706,20-30% - Medium Risk
2583405,202606,2026-06-15,0.3986577,0.24943873330970104,20-30% - Medium Risk
2250112,202606,2026-06-15,0.39865282,0.24967505612666904,20-30% - Medium Risk
2312654,202606,2026-06-15,0.39865282,0.24955689471818504,20-30% - Medium Risk
2187464,202606,2026-06-15,0.39864013,0.24979321753515302,20-30% - Medium Risk
2190558,202606,2026-06-15,0.39863768,0.24991137894363702,20-30% - Medium Risk
2288501,202606,2026-06-15,0.39863488,0.250029540352121,20-30% - Medium Risk
2203486,202606,2026-06-15,0.39863488,0.25014770176060497,20-30% - Medium Risk
2175390,202606,2026-06-15,0.3986199,0.250265863169089,20-30% - Medium Risk
2217731,202606,2026-06-15,0.3986199,0.25050218598605695,20-30% - Medium Risk
2118642,202606,2026-06-15,0.3986199,0.250384024577573,20-30% - Medium Risk
2595891,202606,2026-06-15,0.3986164,0.25073850880302495,20-30% - Medium Risk
2500608,202606,2026-06-15,0.3986164,0.2506203473945409,20-30% - Medium Risk
2039336,202606,2026-06-15,0.39855558,0.2508566702115089,20-30% - Medium Risk
2465152,202606,2026-06-15,0.39854482,0.2509748316199929,20-30% - Medium Risk
2380638,202606,2026-06-15,0.39845377,0.2510929930284769,20-30% - Medium Risk
2268292,202606,2026-06-15,0.39845076,0.2512111544369609,20-30% - Medium Risk
2438929,202606,2026-06-15,0.3984379,0.25144747725392885,20-30% - Medium Risk
2477760,202606,2026-06-15,0.3984379,0.2513293158454449,20-30% - Medium Risk
2254540,202606,2026-06-15,0.39842224,0.2515656386624129,20-30% - Medium Risk
2354512,202606,2026-06-15,0.39840212,0.25168380007089686,20-30% - Medium Risk
2521721,202606,2026-06-15,0.39831388,0.25180196147938083,20-30% - Medium Risk
2320359,202606,2026-06-15,0.3982737,0.25203828429634884,20-30% - Medium Risk
2499152,202606,2026-06-15,0.3982737,0.2519201228878648,20-30% - Medium Risk
2497062,202606,2026-06-15,0.3982737,0.2521564457048328,20-30% - Medium Risk
2155276,202606,2026-06-15,0.3982594,0.2522746071133168,20-30% - Medium Risk
2249823,202606,2026-06-15,0.39825398,0.25239276852180076,20-30% - Medium Risk
2195067,202606,2026-06-15,0.3981985,0.2525109299302848,20-30% - Medium Risk
2528326,202606,2026-06-15,0.39819136,0.2534562211981567,20-30% - Medium Risk
2555951,202606,2026-06-15,0.39819136,0.25369254401512464,20-30% - Medium Risk
2186580,202606,2026-06-15,0.39819136,0.2533380597896727,20-30% - Medium Risk
2098813,202606,2026-06-15,0.39819136,0.25262909133876876,20-30% - Medium Risk
2529286,202606,2026-06-15,0.39819136,0.25274725274725274,20-30% - Medium Risk
2281003,202606,2026-06-15,0.39819136,0.2528654141557367,20-30% - Medium Risk
2509809,202606,2026-06-15,0.39819136,0.25357438260664067,20-30% - Medium Risk
2350754,202606,2026-06-15,0.39819136,0.25298357556422074,20-30% - Medium Risk
2425878,202606,2026-06-15,0.39819136,0.2531017369727047,20-30% - Medium Risk
2472264,202606,2026-06-15,0.39819136,0.2532198983811887,20-30% - Medium Risk
2571573,202606,2026-06-15,0.39815718,0.2538107054236087,20-30% - Medium Risk
2587233,202606,2026-06-15,0.39815718,0.25392886683209265,20-30% - Medium Risk
2473782,202606,2026-06-15,0.39814535,0.2541651896490606,20-30% - Medium Risk
2296217,202606,2026-06-15,0.39814535,0.2540470282405766,20-30% - Medium Risk
2418016,202606,2026-06-15,0.3981021,0.2544015124660286,20-30% - Medium Risk
2579228,202606,2026-06-15,0.3981021,0.2542833510575446,20-30% - Medium Risk
2441163,202606,2026-06-15,0.3980282,0.2545196738745126,20-30% - Medium Risk
2441801,202606,2026-06-15,0.39802155,0.25463783528299655,20-30% - Medium Risk
2153116,202606,2026-06-15,0.39800462,0.2547559966914806,20-30% - Medium Risk
2504343,202606,2026-06-15,0.3979998,0.25487415809996455,20-30% - Medium Risk
2191469,202606,2026-06-15,0.39799315,0.25499231950844853,20-30% - Medium Risk
2343386,202606,2026-06-15,0.3979871,0.2551104809169325,20-30% - Medium Risk
2181256,202606,2026-06-15,0.39797577,0.25522864232541653,20-30% - Medium Risk
2241042,202606,2026-06-15,0.39794245,0.2553468037339005,20-30% - Medium Risk
2241462,202606,2026-06-15,0.3979327,0.2554649651423845,20-30% - Medium Risk
2272032,202606,2026-06-15,0.39793205,0.2555831265508685,20-30% - Medium Risk
2011366,202602,2026-02-15,0.3979199,0.2557012879593525,20-30% - Medium Risk
2383217,202606,2026-06-15,0.3979143,0.25581944936783646,20-30% - Medium Risk
2356466,202606,2026-06-15,0.3978879,0.25593761077632043,20-30% - Medium Risk
2252990,202606,2026-06-15,0.39787987,0.25605577218480446,20-30% - Medium Risk
2145641,202606,2026-06-15,0.3978711,0.25617393359328844,20-30% - Medium Risk
2160387,202606,2026-06-15,0.39786232,0.2562920950017724,20-30% - Medium Risk
2179745,202606,2026-06-15,0.39786232,0.2566465792272244,20-30% - Medium Risk
2138822,202606,2026-06-15,0.39786232,0.2564102564102564,20-30% - Medium Risk
2535801,202602,2026-02-15,0.39786232,0.2565284178187404,20-30% - Medium Risk
2216593,202606,2026-06-15,0.3978158,0.25676474063570837,20-30% - Medium Risk
2528553,202606,2026-06-15,0.39778256,0.25688290204419234,20-30% - Medium Risk
2141481,202606,2026-06-15,0.3977481,0.25700106345267637,20-30% - Medium Risk
2212878,202606,2026-06-15,0.39774516,0.25711922486116034,20-30% - Medium Risk
2512440,202606,2026-06-15,0.39773372,0.2572373862696443,20-30% - Medium Risk
2599874,202606,2026-06-15,0.39772713,0.25735554767812835,20-30% - Medium Risk
2322024,202606,2026-06-15,0.39772087,0.2574737090866123,20-30% - Medium Risk
2345318,202606,2026-06-15,0.39768383,0.2575918704950963,20-30% - Medium Risk
2182834,202606,2026-06-15,0.39768383,0.2578281933120643,20-30% - Medium Risk
2461229,202606,2026-06-15,0.39768383,0.25771003190358027,20-30% - Medium Risk
2461043,202606,2026-06-15,0.39768383,0.2579463547205483,20-30% - Medium Risk
2038435,202606,2026-06-15,0.39768383,0.25806451612903225,20-30% - Medium Risk
2157079,202606,2026-06-15,0.39760837,0.2581826775375162,20-30% - Medium Risk
2525626,202606,2026-06-15,0.39756978,0.25830083894600026,20-30% - Medium Risk
2341592,202606,2026-06-15,0.39753985,0.2586553231714522,20-30% - Medium Risk
2028441,202606,2026-06-15,0.39753985,0.25841900035448423,20-30% - Medium Risk
2471059,202606,2026-06-15,0.39753985,0.2585371617629682,20-30% - Medium Risk
2345585,202606,2026-06-15,0.39749888,0.2587734845799362,20-30% - Medium Risk
2293271,202606,2026-06-15,0.3974728,0.2588916459884202,20-30% - Medium Risk
2509160,202606,2026-06-15,0.39744845,0.25900980739690416,20-30% - Medium Risk
2238280,202606,2026-06-15,0.39744645,0.2591279688053882,20-30% - Medium Risk
2609690,202606,2026-06-15,0.39744434,0.25924613021387216,20-30% - Medium Risk
2530958,202606,2026-06-15,0.39744434,0.25936429162235614,20-30% - Medium Risk
2386301,202606,2026-06-15,0.39743015,0.2594824530308401,20-30% - Medium Risk
2569478,202606,2026-06-15,0.39738613,0.25960061443932414,20-30% - Medium Risk
2204424,202606,2026-06-15,0.39735857,0.2597187758478081,20-30% - Medium Risk
2203572,202606,2026-06-15,0.39723513,0.2598369372562921,20-30% - Medium Risk
2527020,202606,2026-06-15,0.397234,0.25995509866477606,20-30% - Medium Risk
2235114,202606,2026-06-15,0.3972248,0.2600732600732601,20-30% - Medium Risk
2389265,202606,2026-06-15,0.39718983,0.26019142148174407,20-30% - Medium Risk
2470992,202606,2026-06-15,0.39718622,0.260427744298712,20-30% - Medium Risk
2413837,202606,2026-06-15,0.39718622,0.26054590570719605,20-30% - Medium Risk
2248499,202606,2026-06-15,0.39718622,0.26030958289022804,20-30% - Medium Risk
2392683,202606,2026-06-15,0.397172,0.26066406711568,20-30% - Medium Risk
2602749,202606,2026-06-15,0.3971693,0.260782228524164,20-30% - Medium Risk
2395047,202606,2026-06-15,0.39715976,0.260900389932648,20-30% - Medium Risk
2052173,202606,2026-06-15,0.39712793,0.261018551341132,20-30% - Medium Risk
2430447,202606,2026-06-15,0.39710715,0.261136712749616,20-30% - Medium Risk
2151494,202606,2026-06-15,0.39707944,0.26125487415809995,20-30% - Medium Risk
2411850,202606,2026-06-15,0.39702022,0.261373035566584,20-30% - Medium Risk
2292464,202606,2026-06-15,0.39701012,0.26149119697506795,20-30% - Medium Risk
2075865,202606,2026-06-15,0.39680085,0.2616093583835519,20-30% - Medium Risk
2215076,202606,2026-06-15,0.3967745,0.2617275197920359,20-30% - Medium Risk
2272119,202606,2026-06-15,0.3967631,0.26184568120051993,20-30% - Medium Risk
2220492,202606,2026-06-15,0.3967631,0.2620820040174879,20-30% - Medium Risk
2044542,202606,2026-06-15,0.3967631,0.2619638426090039,20-30% - Medium Risk
2202778,202606,2026-06-15,0.3967561,0.26220016542597185,20-30% - Medium Risk
2117838,202606,2026-06-15,0.39671865,0.2623183268344559,20-30% - Medium Risk
2502792,202606,2026-06-15,0.39671212,0.26243648824293986,20-30% - Medium Risk
2132850,202606,2026-06-15,0.39670238,0.26255464965142383,20-30% - Medium Risk
2240344,202606,2026-06-15,0.39670178,0.2626728110599078,20-30% - Medium Risk
2551777,202606,2026-06-15,0.39669347,0.2629091338768758,20-30% - Medium Risk
2165954,202606,2026-06-15,0.39669347,0.26279097246839184,20-30% - Medium Risk
2553038,202606,2026-06-15,0.39667198,0.2630272952853598,20-30% - Medium Risk
2193218,202606,2026-06-15,0.39666802,0.2631454566938438,20-30% - Medium Risk
2226781,202606,2026-06-15,0.39666328,0.2632636181023278,20-30% - Medium Risk
2603990,202606,2026-06-15,0.3966376,0.26338177951081176,20-30% - Medium Risk
2608533,202606,2026-06-15,0.39660507,0.26349994091929574,20-30% - Medium Risk
2163275,202606,2026-06-15,0.39655423,0.26361810232777977,20-30% - Medium Risk
2275439,202606,2026-06-15,0.39652416,0.26373626373626374,20-30% - Medium Risk
2219571,202606,2026-06-15,0.39652416,0.2638544251447477,20-30% - Medium Risk
2254017,202606,2026-06-15,0.39649543,0.2639725865532317,20-30% - Medium Risk
2455315,202606,2026-06-15,0.39649537,0.2640907479617157,20-30% - Medium Risk
2263647,202606,2026-06-15,0.39649537,0.2642089093701997,20-30% - Medium Risk
2599418,202606,2026-06-15,0.39647737,0.26432707077868367,20-30% - Medium Risk
2272697,202606,2026-06-15,0.3964599,0.26444523218716764,20-30% - Medium Risk
2202744,202606,2026-06-15,0.39637884,0.2645633935956517,20-30% - Medium Risk
2305084,202606,2026-06-15,0.396375,0.26468155500413565,20-30% - Medium Risk
2104673,202606,2026-06-15,0.396375,0.2647997164126196,20-30% - Medium Risk
2046783,202606,2026-06-15,0.39634392,0.26491787782110365,20-30% - Medium Risk
2111859,202606,2026-06-15,0.39629817,0.2650360392295876,20-30% - Medium Risk
2136736,202606,2026-06-15,0.39629158,0.2651542006380716,20-30% - Medium Risk
2036244,202606,2026-06-15,0.39628497,0.2653905234550396,20-30% - Medium Risk
2502698,202606,2026-06-15,0.39628497,0.2652723620465556,20-30% - Medium Risk
2079030,202606,2026-06-15,0.3962504,0.2655086848635236,20-30% - Medium Risk
2574926,202606,2026-06-15,0.3962382,0.26562684627200756,20-30% - Medium Risk
2019439,202606,2026-06-15,0.39623398,0.26574500768049153,20-30% - Medium Risk
2189357,202606,2026-06-15,0.39622533,0.26586316908897556,20-30% - Medium Risk
2207432,202606,2026-06-15,0.3962209,0.26598133049745953,20-30% - Medium Risk
2191855,202603,2026-03-18,0.39621243,0.2660994919059435,20-30% - Medium Risk
2128178,202606,2026-06-15,0.39620808,0.2662176533144275,20-30% - Medium Risk
2094667,202606,2026-06-15,0.39615822,0.2663358147229115,20-30% - Medium Risk
2313314,202606,2026-06-15,0.3961553,0.2664539761313955,20-30% - Medium Risk
2541013,202606,2026-06-15,0.3961553,0.26657213753987946,20-30% - Medium Risk
2309492,202606,2026-06-15,0.39611575,0.2666902989483635,20-30% - Medium Risk
2430836,202602,2026-02-15,0.39609262,0.26680846035684747,20-30% - Medium Risk
2368845,202606,2026-06-15,0.39602128,0.26692662176533144,20-30% - Medium Risk
2408619,202606,2026-06-15,0.39601797,0.2670447831738154,20-30% - Medium Risk
2430403,202606,2026-06-15,0.39598238,0.26716294458229944,20-30% - Medium Risk
2439398,202606,2026-06-15,0.39598238,0.2672811059907834,20-30% - Medium Risk
2333314,202606,2026-06-15,0.3959281,0.2673992673992674,20-30% - Medium Risk
2506783,202606,2026-06-15,0.39582357,0.26751742880775137,20-30% - Medium Risk
2589230,202606,2026-06-15,0.3957974,0.2676355902162354,20-30% - Medium Risk
2322093,202606,2026-06-15,0.395791,0.26775375162471937,20-30% - Medium Risk
2142608,202606,2026-06-15,0.39577344,0.26787191303320335,20-30% - Medium Risk
2488164,202606,2026-06-15,0.39577314,0.2682263972586553,20-30% - Medium Risk
2187037,202606,2026-06-15,0.39577314,0.26810823585017135,20-30% - Medium Risk
2164753,202606,2026-06-15,0.39577314,0.2679900744416873,20-30% - Medium Risk
2392385,202606,2026-06-15,0.39576367,0.2683445586671393,20-30% - Medium Risk
2564113,202606,2026-06-15,0.39571932,0.2685808814841073,20-30% - Medium Risk
2195988,202606,2026-06-15,0.39571932,0.26846272007562333,20-30% - Medium Risk
2145614,202606,2026-06-15,0.395701,0.2686990428925913,20-30% - Medium Risk
2153709,202606,2026-06-15,0.395701,0.26881720430107525,20-30% - Medium Risk
2101108,202606,2026-06-15,0.39567304,0.2689353657095593,20-30% - Medium Risk
2326618,202606,2026-06-15,0.39564592,0.26905352711804326,20-30% - Medium Risk
2318373,202606,2026-06-15,0.39556143,0.26917168852652723,20-30% - Medium Risk
2546638,202606,2026-06-15,0.39549404,0.2692898499350112,20-30% - Medium Risk
2141745,202606,2026-06-15,0.39546216,0.26940801134349524,20-30% - Medium Risk
2323428,202606,2026-06-15,0.39546216,0.2695261727519792,20-30% - Medium Risk
2186710,202606,2026-06-15,0.39545277,0.2696443341604632,20-30% - Medium Risk
2563795,202606,2026-06-15,0.3954178,0.26976249556894716,20-30% - Medium Risk
2606334,202606,2026-06-15,0.3954178,0.2698806569774312,20-30% - Medium Risk
2565894,202606,2026-06-15,0.39538372,0.26999881838591516,20-30% - Medium Risk
2137931,202606,2026-06-15,0.39538372,0.27011697979439914,20-30% - Medium Risk
2378534,202606,2026-06-15,0.39538312,0.2702351412028831,20-30% - Medium Risk
2541599,202606,2026-06-15,0.3953618,0.27035330261136714,20-30% - Medium Risk
2046666,202601,2026-01-15,0.39520898,0.2704714640198511,20-30% - Medium Risk
2544891,202606,2026-06-15,0.39520475,0.2705896254283351,20-30% - Medium Risk
2400901,202606,2026-06-15,0.39517525,0.2707077868368191,20-30% - Medium Risk
2137100,202606,2026-06-15,0.39514524,0.2708259482453031,20-30% - Medium Risk
2369609,202606,2026-06-15,0.395141,0.27094410965378707,20-30% - Medium Risk
2410181,202606,2026-06-15,0.39514026,0.27106227106227104,20-30% - Medium Risk
2215169,202606,2026-06-15,0.39511362,0.2711804324707551,20-30% - Medium Risk
2562839,202606,2026-06-15,0.39506805,0.27129859387923905,20-30% - Medium Risk
2330748,202606,2026-06-15,0.39503738,0.271416755287723,20-30% - Medium Risk
2602999,202606,2026-06-15,0.3950098,0.271534916696207,20-30% - Medium Risk
2352371,202606,2026-06-15,0.394993,0.271653078104691,20-30% - Medium Risk
2462199,202606,2026-06-15,0.39497578,0.271771239513175,20-30% - Medium Risk
2606784,202606,2026-06-15,0.394959,0.271889400921659,20-30% - Medium Risk
2296953,202606,2026-06-15,0.39493704,0.27200756233014295,20-30% - Medium Risk
2282008,202606,2026-06-15,0.39493704,0.272125723738627,20-30% - Medium Risk
2252731,202606,2026-06-15,0.39493704,0.27224388514711095,20-30% - Medium Risk
2002047,202606,2026-06-15,0.39487138,0.2723620465555949,20-30% - Medium Risk
2337663,202606,2026-06-15,0.39486706,0.27248020796407896,20-30% - Medium Risk
2516935,202606,2026-06-15,0.39484432,0.27259836937256293,20-30% - Medium Risk
2208372,202606,2026-06-15,0.39482498,0.2727165307810469,20-30% - Medium Risk
2477508,202606,2026-06-15,0.39482334,0.2728346921895309,20-30% - Medium Risk
2543684,202606,2026-06-15,0.39482334,0.2729528535980149,20-30% - Medium Risk
2435433,202606,2026-06-15,0.39481202,0.2730710150064989,20-30% - Medium Risk
2550005,202606,2026-06-15,0.3947971,0.27330733782346683,20-30% - Medium Risk
2563675,202606,2026-06-15,0.3947971,0.27318917641498286,20-30% - Medium Risk
2269961,202606,2026-06-15,0.39476326,0.2736618220489188,20-30% - Medium Risk
2171331,202606,2026-06-15,0.39476326,0.27354366064043484,20-30% - Medium Risk
2314916,202606,2026-06-15,0.39476326,0.27342549923195086,20-30% - Medium Risk
2212040,202606,2026-06-15,0.39476115,0.2737799834574028,20-30% - Medium Risk
2547865,202606,2026-06-15,0.39475107,0.2738981448658868,20-30% - Medium Risk
2405434,202606,2026-06-15,0.39470556,0.2740163062743708,20-30% - Medium Risk
2258974,202606,2026-06-15,0.39469123,0.27413446768285477,20-30% - Medium Risk
2260878,202606,2026-06-15,0.39468908,0.2742526290913388,20-30% - Medium Risk
2315173,202606,2026-06-15,0.3946685,0.27437079049982277,20-30% - Medium Risk
2313663,202606,2026-06-15,0.39458436,0.27448895190830674,20-30% - Medium Risk
2549825,202606,2026-06-15,0.3945828,0.2746071133167907,20-30% - Medium Risk
2500407,202606,2026-06-15,0.39452395,0.27472527472527475,20-30% - Medium Risk
2379489,202606,2026-06-15,0.39451292,0.2748434361337587,20-30% - Medium Risk
2263705,202606,2026-06-15,0.3944876,0.2749615975422427,20-30% - Medium Risk
2316226,202606,2026-06-15,0.3944861,0.27507975895072667,20-30% - Medium Risk
2231948,202606,2026-06-15,0.39442164,0.2751979203592107,20-30% - Medium Risk
2210641,202606,2026-06-15,0.39437622,0.2753160817676947,20-30% - Medium Risk
2049812,202606,2026-06-15,0.39436704,0.27543424317617865,20-30% - Medium Risk
2370900,202606,2026-06-15,0.3943625,0.2755524045846626,20-30% - Medium Risk
2077559,202606,2026-06-15,0.39436072,0.27567056599314665,20-30% - Medium Risk
2226833,202606,2026-06-15,0.39434278,0.27578872740163063,20-30% - Medium Risk
2305219,202606,2026-06-15,0.39430702,0.2759068888101146,20-30% - Medium Risk
2136628,202606,2026-06-15,0.39427847,0.27602505021859863,20-30% - Medium Risk
2245108,202606,2026-06-15,0.39423874,0.2761432116270826,20-30% - Medium Risk
2105616,202606,2026-06-15,0.39423862,0.2762613730355666,20-30% - Medium Risk
2474429,202606,2026-06-15,0.39421797,0.27661585726101856,20-30% - Medium Risk
2538535,202606,2026-06-15,0.39421797,0.2764976958525346,20-30% - Medium Risk
2384745,202606,2026-06-15,0.39421797,0.27637953444405056,20-30% - Medium Risk
2334170,202605,2026-05-16,0.39419833,0.27673401866950254,20-30% - Medium Risk
2321502,202606,2026-06-15,0.3941577,0.2768521800779865,20-30% - Medium Risk
2289902,202606,2026-06-15,0.39411646,0.27697034148647054,20-30% - Medium Risk
2374844,202606,2026-06-15,0.39406714,0.2770885028949545,20-30% - Medium Risk
2080471,202606,2026-06-15,0.39406526,0.2772066643034385,20-30% - Medium Risk
2575790,202604,2026-04-15,0.39406395,0.2774429871204065,20-30% - Medium Risk
2607680,202606,2026-06-15,0.39406395,0.27732482571192246,20-30% - Medium Risk
2410834,202606,2026-06-15,0.39405528,0.27756114852889047,20-30% - Medium Risk
2376422,202606,2026-06-15,0.39400154,0.27767930993737444,20-30% - Medium Risk
2455898,202606,2026-06-15,0.39392346,0.27791563275434245,20-30% - Medium Risk
2018975,202606,2026-06-15,0.39392346,0.2777974713458584,20-30% - Medium Risk
2302788,202606,2026-06-15,0.3939106,0.2780337941628264,20-30% - Medium Risk
2164551,202606,2026-06-15,0.39381295,0.2781519555713104,20-30% - Medium Risk
2553579,202606,2026-06-15,0.3937399,0.2782701169797944,20-30% - Medium Risk
2029799,202606,2026-06-15,0.39373815,0.2783882783882784,20-30% - Medium Risk
2498750,202606,2026-06-15,0.39373568,0.2785064397967624,20-30% - Medium Risk
2453520,202606,2026-06-15,0.39369524,0.27862460120524635,20-30% - Medium Risk
2210844,202606,2026-06-15,0.39369482,0.2787427626137304,20-30% - Medium Risk
2247803,202606,2026-06-15,0.39366883,0.27886092402221435,20-30% - Medium Risk
2292588,202606,2026-06-15,0.3936625,0.27921540824766633,20-30% - Medium Risk
2214088,202606,2026-06-15,0.3936625,0.2790972468391823,20-30% - Medium Risk
2535615,202606,2026-06-15,0.3936625,0.2789790854306983,20-30% - Medium Risk
2504275,202606,2026-06-15,0.3936625,0.2793335696561503,20-30% - Medium Risk
2614154,202606,2026-06-15,0.39363998,0.2794517310646343,20-30% - Medium Risk
2608469,202606,2026-06-15,0.39361012,0.2796880538816023,20-30% - Medium Risk
2507498,202606,2026-06-15,0.39361012,0.27956989247311825,20-30% - Medium Risk
2307241,202606,2026-06-15,0.39360017,0.27980621529008626,20-30% - Medium Risk
2003347,202606,2026-06-15,0.39359075,0.27992437669857023,20-30% - Medium Risk
2498565,202606,2026-06-15,0.39358136,0.2803970223325062,20-30% - Medium Risk
2531935,202606,2026-06-15,0.39358136,0.28016069951553824,20-30% - Medium Risk
2503776,202606,2026-06-15,0.39358136,0.28004253810705426,20-30% - Medium Risk
2550699,202606,2026-06-15,0.39358136,0.2805151837409902,20-30% - Medium Risk
2477485,202606,2026-06-15,0.39358136,0.2802788609240222,20-30% - Medium Risk
2174223,202604,2026-04-15,0.39353377,0.2806333451494742,20-30% - Medium Risk
2422607,202606,2026-06-15,0.3935158,0.28075150655795816,20-30% - Medium Risk
2460506,202606,2026-06-15,0.3935158,0.28086966796644214,20-30% - Medium Risk
2002187,202606,2026-06-15,0.39350796,0.28098782937492617,20-30% - Medium Risk
2129034,202606,2026-06-15,0.3934915,0.28110599078341014,20-30% - Medium Risk
2424605,202606,2026-06-15,0.3934603,0.2812241521918941,20-30% - Medium Risk
2288039,202606,2026-06-15,0.3934603,0.2813423136003781,20-30% - Medium Risk
2255344,202606,2026-06-15,0.3934072,0.2814604750088621,20-30% - Medium Risk
2170097,202606,2026-06-15,0.393391,0.2815786364173461,20-30% - Medium Risk
2318206,202606,2026-06-15,0.39324987,0.28169679782583007,20-30% - Medium Risk
2455890,202606,2026-06-15,0.39322564,0.2818149592343141,20-30% - Medium Risk
2492490,202606,2026-06-15,0.39320186,0.2819331206427981,20-30% - Medium Risk
2087928,202606,2026-06-15,0.39319745,0.282169443459766,20-30% - Medium Risk
2182426,202606,2026-06-15,0.39319745,0.28205128205128205,20-30% - Medium Risk
2051745,202606,2026-06-15,0.3931942,0.28228760486825005,20-30% - Medium Risk
2519257,202606,2026-06-15,0.3931906,0.282405766276734,20-30% - Medium Risk
2538747,202606,2026-06-15,0.3931515,0.282523927685218,20-30% - Medium Risk
2206658,202606,2026-06-15,0.3931474,0.282642089093702,20-30% - Medium Risk
2462934,202606,2026-06-15,0.39312974,0.282760250502186,20-30% - Medium Risk
2309018,202606,2026-06-15,0.39311078,0.28287841191067,20-30% - Medium Risk
2046044,202606,2026-06-15,0.39307678,0.28299657331915395,20-30% - Medium Risk
2204884,202606,2026-06-15,0.39298818,0.28311473472763793,20-30% - Medium Risk
2270475,202606,2026-06-15,0.39295366,0.28323289613612196,20-30% - Medium Risk
2345705,202606,2026-06-15,0.39294076,0.28335105754460593,20-30% - Medium Risk
2061517,202606,2026-06-15,0.39291897,0.2834692189530899,20-30% - Medium Risk
2095324,202606,2026-06-15,0.3928687,0.28358738036157394,20-30% - Medium Risk
2258272,202606,2026-06-15,0.39282808,0.2837055417700579,20-30% - Medium Risk
2554811,202606,2026-06-15,0.39279306,0.2838237031785419,20-30% - Medium Risk
2290687,202606,2026-06-15,0.39278594,0.28394186458702586,20-30% - Medium Risk
2127024,202606,2026-06-15,0.39277506,0.2840600259955099,20-30% - Medium Risk
2396518,202606,2026-06-15,0.39277238,0.28417818740399386,20-30% - Medium Risk
2323623,202606,2026-06-15,0.39266172,0.28429634881247784,20-30% - Medium Risk
2390383,202606,2026-06-15,0.39264652,0.2844145102209618,20-30% - Medium Risk
2499048,202606,2026-06-15,0.392627,0.28453267162944584,20-30% - Medium Risk
2055208,202606,2026-06-15,0.39262465,0.2846508330379298,20-30% - Medium Risk
2369419,202606,2026-06-15,0.39260453,0.2847689944464138,20-30% - Medium Risk
2000775,202606,2026-06-15,0.39258173,0.28488715585489777,20-30% - Medium Risk
2556015,202606,2026-06-15,0.39258042,0.2850053172633818,20-30% - Medium Risk
2194449,202606,2026-06-15,0.39256865,0.28524164008034975,20-30% - Medium Risk
2304447,202606,2026-06-15,0.39256865,0.28512347867186577,20-30% - Medium Risk
2085913,202606,2026-06-15,0.39256725,0.2853598014888337,20-30% - Medium Risk
2561821,202606,2026-06-15,0.3925588,0.28547796289731775,20-30% - Medium Risk
2431991,202606,2026-06-15,0.3925574,0.2855961243058017,20-30% - Medium Risk
2491675,202606,2026-06-15,0.39255652,0.2857142857142857,20-30% - Medium Risk
2186735,202606,2026-06-15,0.39235777,0.28583244712276973,20-30% - Medium Risk
2192048,202606,2026-06-15,0.39235017,0.2859506085312537,20-30% - Medium Risk
2378978,202606,2026-06-15,0.39234766,0.2860687699397377,20-30% - Medium Risk
2293850,202606,2026-06-15,0.39234525,0.28618693134822165,20-30% - Medium Risk
2076203,202606,2026-06-15,0.3923389,0.2863050927567057,20-30% - Medium Risk
2188376,202606,2026-06-15,0.39232072,0.28642325416518966,20-30% - Medium Risk
2587383,202606,2026-06-15,0.39221588,0.28654141557367363,20-30% - Medium Risk
2171671,202606,2026-06-15,0.3922013,0.2866595769821576,20-30% - Medium Risk
2043433,202606,2026-06-15,0.3922013,0.28677773839064163,20-30% - Medium Risk
2330132,202606,2026-06-15,0.3921967,0.2868958997991256,20-30% - Medium Risk
2450118,202606,2026-06-15,0.39217237,0.2870140612076096,20-30% - Medium Risk
2451041,202606,2026-06-15,0.39214584,0.28713222261609356,20-30% - Medium Risk
2419791,202606,2026-06-15,0.3921181,0.2872503840245776,20-30% - Medium Risk
2268439,202606,2026-06-15,0.3921181,0.28736854543306156,20-30% - Medium Risk
2528596,202606,2026-06-15,0.39209256,0.28748670684154554,20-30% - Medium Risk
2044595,202606,2026-06-15,0.39207923,0.28760486825002957,20-30% - Medium Risk
2556215,202606,2026-06-15,0.392063,0.28772302965851354,20-30% - Medium Risk
2242781,202606,2026-06-15,0.3920371,0.2878411910669975,20-30% - Medium Risk
2034362,202606,2026-06-15,0.39203396,0.2879593524754815,20-30% - Medium Risk
2487165,202606,2026-06-15,0.39201117,0.2880775138839655,20-30% - Medium Risk
2071352,202606,2026-06-15,0.39200804,0.2881956752924495,20-30% - Medium Risk
2114188,202606,2026-06-15,0.39200494,0.28843199810941744,20-30% - Medium Risk
2156020,202606,2026-06-15,0.39200494,0.28831383670093347,20-30% - Medium Risk
2257895,202606,2026-06-15,0.39195615,0.28855015951790147,20-30% - Medium Risk
2228309,202606,2026-06-15,0.3919152,0.28866832092638545,20-30% - Medium Risk
2151782,202606,2026-06-15,0.39191315,0.2887864823348694,20-30% - Medium Risk
2342060,202606,2026-06-15,0.39190295,0.2889046437433534,20-30% - Medium Risk
2572429,202606,2026-06-15,0.39189655,0.2890228051518374,20-30% - Medium Risk
2550783,202606,2026-06-15,0.39187604,0.2891409665603214,20-30% - Medium Risk
2168883,202606,2026-06-15,0.39187422,0.2892591279688054,20-30% - Medium Risk
2174254,202606,2026-06-15,0.39186013,0.2893772893772894,20-30% - Medium Risk
2137159,202606,2026-06-15,0.39181563,0.2894954507857734,20-30% - Medium Risk
2219177,202606,2026-06-15,0.39181513,0.28961361219425735,20-30% - Medium Risk
2366905,202606,2026-06-15,0.3917738,0.2897317736027413,20-30% - Medium Risk
2484269,202606,2026-06-15,0.39174938,0.28984993501122536,20-30% - Medium Risk
2530251,202606,2026-06-15,0.39172643,0.28996809641970933,20-30% - Medium Risk
2485404,202606,2026-06-15,0.3916735,0.2900862578281933,20-30% - Medium Risk
2574692,202606,2026-06-15,0.3916735,0.2902044192366773,20-30% - Medium Risk
2520448,202606,2026-06-15,0.3916735,0.2903225806451613,20-30% - Medium Risk
2014486,202606,2026-06-15,0.39165306,0.2904407420536453,20-30% - Medium Risk
2270076,202512,2025-12-16,0.39165056,0.29055890346212926,20-30% - Medium Risk
2129008,202606,2026-06-15,0.39164287,0.29091338768758124,20-30% - Medium Risk
2486613,202606,2026-06-15,0.39164287,0.29079522627909726,20-30% - Medium Risk
2020263,202606,2026-06-15,0.39164287,0.29067706487061323,20-30% - Medium Risk
2475814,202606,2026-06-15,0.3916219,0.2910315490960652,20-30% - Medium Risk
2578993,202606,2026-06-15,0.39161786,0.29150419473000116,20-30% - Medium Risk
2314344,202606,2026-06-15,0.39161786,0.2913860333215172,20-30% - Medium Risk
2600941,202606,2026-06-15,0.39161786,0.2912678719130332,20-30% - Medium Risk
2189215,202606,2026-06-15,0.39161786,0.29114971050454924,20-30% - Medium Risk
2302171,202606,2026-06-15,0.3916152,0.2916223561384852,20-30% - Medium Risk
2540281,202606,2026-06-15,0.39159358,0.29174051754696917,20-30% - Medium Risk
2036162,202606,2026-06-15,0.39159358,0.29185867895545314,20-30% - Medium Risk
2544858,202606,2026-06-15,0.39158297,0.2919768403639371,20-30% - Medium Risk
2478949,202606,2026-06-15,0.39157745,0.29209500177242115,20-30% - Medium Risk
2183737,202606,2026-06-15,0.39157745,0.2922131631809051,20-30% - Medium Risk
2024431,202601,2026-01-15,0.391548,0.29244948599787307,20-30% - Medium Risk
2144869,202606,2026-06-15,0.391548,0.2923313245893891,20-30% - Medium Risk
2323073,202606,2026-06-15,0.391548,0.2925676474063571,20-30% - Medium Risk
2430149,202606,2026-06-15,0.3915198,0.2926858088148411,20-30% - Medium Risk
2094797,202606,2026-06-15,0.3914878,0.29280397022332505,20-30% - Medium Risk
2524985,202606,2026-06-15,0.39148763,0.292922131631809,20-30% - Medium Risk
2064193,202606,2026-06-15,0.3914639,0.29304029304029305,20-30% - Medium Risk
2046950,202606,2026-06-15,0.3914531,0.29315845444877703,20-30% - Medium Risk
2483256,202606,2026-06-15,0.39138755,0.293276615857261,20-30% - Medium Risk
2598292,202606,2026-06-15,0.39138374,0.29339477726574503,20-30% - Medium Risk
2117997,202606,2026-06-15,0.39137313,0.293512938674229,20-30% - Medium Risk
2346434,202606,2026-06-15,0.3913723,0.293631100082713,20-30% - Medium Risk
2496833,202606,2026-06-15,0.39120057,0.29374926149119696,20-30% - Medium Risk
2543454,202606,2026-06-15,0.39118344,0.293867422899681,20-30% - Medium Risk
2477256,202606,2026-06-15,0.39118344,0.29398558430816496,20-30% - Medium Risk
2499633,202606,2026-06-15,0.3910731,0.29410374571664893,20-30% - Medium Risk
2506049,202606,2026-06-15,0.3910731,0.2942219071251329,20-30% - Medium Risk
2475252,202606,2026-06-15,0.39098942,0.29434006853361694,20-30% - Medium Risk
2517085,202606,2026-06-15,0.3909486,0.2944582299421009,20-30% - Medium Risk
2400571,202606,2026-06-15,0.39092806,0.2945763913505849,20-30% - Medium Risk
2063666,202606,2026-06-15,0.39090496,0.29469455275906886,20-30% - Medium Risk
2038239,202606,2026-06-15,0.39090046,0.2948127141675529,20-30% - Medium Risk
2110187,202606,2026-06-15,0.39089695,0.29493087557603687,20-30% - Medium Risk
2222936,202606,2026-06-15,0.39086723,0.29504903698452084,20-30% - Medium Risk
2244403,202606,2026-06-15,0.39085245,0.29516719839300487,20-30% - Medium Risk
2050456,202606,2026-06-15,0.3908461,0.29528535980148884,20-30% - Medium Risk
2358128,202606,2026-06-15,0.39082113,0.2954035212099728,20-30% - Medium Risk
2554607,202606,2026-06-15,0.39081603,0.2955216826184568,20-30% - Medium Risk
2219609,202606,2026-06-15,0.39080706,0.2956398440269408,20-30% - Medium Risk
2346904,202606,2026-06-15,0.39079934,0.2957580054354248,20-30% - Medium Risk
2084773,202606,2026-06-15,0.39074102,0.29587616684390877,20-30% - Medium Risk
2017887,202606,2026-06-15,0.39070562,0.29599432825239275,20-30% - Medium Risk
2416269,202606,2026-06-15,0.39068216,0.2961124896608768,20-30% - Medium Risk
2240587,202606,2026-06-15,0.39067987,0.29623065106936075,20-30% - Medium Risk
2497617,202606,2026-06-15,0.39066848,0.2963488124778447,20-30% - Medium Risk
2170944,202606,2026-06-15,0.39065912,0.2964669738863287,20-30% - Medium Risk
2315516,202606,2026-06-15,0.39065912,0.29658513529481273,20-30% - Medium Risk
2525322,202606,2026-06-15,0.39065912,0.2968214581117807,20-30% - Medium Risk
2340696,202606,2026-06-15,0.39065912,0.2969396195202647,20-30% - Medium Risk
2297688,202606,2026-06-15,0.39065912,0.2967032967032967,20-30% - Medium Risk
2498346,202606,2026-06-15,0.39063826,0.2970577809287487,20-30% - Medium Risk
2575061,202606,2026-06-15,0.39061853,0.29717594233723266,20-30% - Medium Risk
2233892,202606,2026-06-15,0.39056855,0.29729410374571663,20-30% - Medium Risk
2144892,202606,2026-06-15,0.3905614,0.29741226515420066,20-30% - Medium Risk
2474568,202606,2026-06-15,0.39055574,0.29753042656268464,20-30% - Medium Risk
2444915,202606,2026-06-15,0.39054605,0.2976485879711686,20-30% - Medium Risk
2442239,202606,2026-06-15,0.3905456,0.2977667493796526,20-30% - Medium Risk
2126008,202606,2026-06-15,0.39038375,0.2978849107881366,20-30% - Medium Risk
2204630,202606,2026-06-15,0.3903751,0.2980030721966206,20-30% - Medium Risk
2110380,202606,2026-06-15,0.39037305,0.29823939501358854,20-30% - Medium Risk
2160450,202606,2026-06-15,0.39037305,0.29812123360510456,20-30% - Medium Risk
2275864,202606,2026-06-15,0.39032868,0.29835755642207257,20-30% - Medium Risk
2496408,202603,2026-03-18,0.39031625,0.29847571783055654,20-30% - Medium Risk
2548467,202606,2026-06-15,0.3903097,0.2985938792390405,20-30% - Medium Risk
2043736,202606,2026-06-15,0.3902555,0.29871204064752455,20-30% - Medium Risk
2007228,202606,2026-06-15,0.3902456,0.2988302020560085,20-30% - Medium Risk
2177238,202606,2026-06-15,0.39023513,0.2989483634644925,20-30% - Medium Risk
2112515,202606,2026-06-15,0.39021993,0.2991846862814605,20-30% - Medium Risk
2362276,202606,2026-06-15,0.39021993,0.29906652487297647,20-30% - Medium Risk
2070063,202606,2026-06-15,0.3902047,0.2993028476899445,20-30% - Medium Risk
2335834,202606,2026-06-15,0.39016128,0.29942100909842845,20-30% - Medium Risk
2109798,202606,2026-06-15,0.3901559,0.2995391705069124,20-30% - Medium Risk
2023988,202606,2026-06-15,0.3901337,0.29965733191539645,20-30% - Medium Risk
2241149,202606,2026-06-15,0.39008608,0.2997754933238804,20-30% - Medium Risk
2439863,202606,2026-06-15,0.39006355,0.3000118161408484,Bottom 70% - Lower Risk
2423398,202606,2026-06-15,0.39006355,0.2998936547323644,20-30% - Medium Risk
2161201,202606,2026-06-15,0.390061,0.3001299775493324,Bottom 70% - Lower Risk
2246644,202606,2026-06-15,0.39005795,0.3002481389578164,Bottom 70% - Lower Risk
2122364,202606,2026-06-15,0.39003727,0.30036630036630035,Bottom 70% - Lower Risk
2509929,202606,2026-06-15,0.39002594,0.30048446177478433,Bottom 70% - Lower Risk
2321845,202606,2026-06-15,0.3900107,0.30060262318326836,Bottom 70% - Lower Risk
2248677,202606,2026-06-15,0.38999185,0.3008389460002363,Bottom 70% - Lower Risk
2498431,202606,2026-06-15,0.38999185,0.30072078459175233,Bottom 70% - Lower Risk
2525423,202606,2026-06-15,0.3899263,0.30095710740872034,Bottom 70% - Lower Risk
2259610,202606,2026-06-15,0.38989007,0.3010752688172043,Bottom 70% - Lower Risk
2396142,202606,2026-06-15,0.38989007,0.3011934302256883,Bottom 70% - Lower Risk
2298331,202606,2026-06-15,0.38985795,0.30131159163417226,Bottom 70% - Lower Risk
2299360,202606,2026-06-15,0.38982815,0.30166607585962424,Bottom 70% - Lower Risk
2528800,202606,2026-06-15,0.38982815,0.30154791445114026,Bottom 70% - Lower Risk
2141434,202606,2026-06-15,0.38982815,0.3014297530426563,Bottom 70% - Lower Risk
2535498,202606,2026-06-15,0.38982505,0.3017842372681082,Bottom 70% - Lower Risk
2237431,202605,2026-05-16,0.38980064,0.30190239867659224,Bottom 70% - Lower Risk
2365417,202606,2026-06-15,0.38976812,0.3020205600850762,Bottom 70% - Lower Risk
2529228,202606,2026-06-15,0.38973862,0.3021387214935602,Bottom 70% - Lower Risk
2530065,202606,2026-06-15,0.38972336,0.30225688290204417,Bottom 70% - Lower Risk
2275506,202606,2026-06-15,0.38971162,0.30249320571901217,Bottom 70% - Lower Risk
2306745,202606,2026-06-15,0.38971162,0.3023750443105282,Bottom 70% - Lower Risk
2265000,202606,2026-06-15,0.38970965,0.30261136712749614,Bottom 70% - Lower Risk
2473067,202606,2026-06-15,0.38970634,0.3027295285359802,Bottom 70% - Lower Risk
2291568,202606,2026-06-15,0.389697,0.30284768994446415,Bottom 70% - Lower Risk
2195059,202606,2026-06-15,0.38965333,0.3029658513529481,Bottom 70% - Lower Risk
2308657,202606,2026-06-15,0.38961843,0.3030840127614321,Bottom 70% - Lower Risk
2257003,202606,2026-06-15,0.3895924,0.3032021741699161,Bottom 70% - Lower Risk
2370351,202606,2026-06-15,0.38957295,0.3033203355784001,Bottom 70% - Lower Risk
2315820,202606,2026-06-15,0.38957182,0.3034384969868841,Bottom 70% - Lower Risk
2266435,202606,2026-06-15,0.38956335,0.30355665839536805,Bottom 70% - Lower Risk
2028397,202606,2026-06-15,0.38955763,0.3036748198038521,Bottom 70% - Lower Risk
2173744,202606,2026-06-15,0.38955534,0.30379298121233606,Bottom 70% - Lower Risk
2078792,202606,2026-06-15,0.3895366,0.30391114262082003,Bottom 70% - Lower Risk
2254168,202606,2026-06-15,0.38953006,0.304029304029304,Bottom 70% - Lower Risk
2284409,202606,2026-06-15,0.38952878,0.30414746543778803,Bottom 70% - Lower Risk
2233717,202606,2026-06-15,0.38951835,0.304265626846272,Bottom 70% - Lower Risk
2505859,202606,2026-06-15,0.38951105,0.304383788254756,Bottom 70% - Lower Risk
2161386,202606,2026-06-15,0.38948876,0.30450194966324,Bottom 70% - Lower Risk
2059859,202606,2026-06-15,0.38945034,0.304620111071724,Bottom 70% - Lower Risk
2220912,202606,2026-06-15,0.38942966,0.30473827248020796,Bottom 70% - Lower Risk
2098676,202606,2026-06-15,0.38933685,0.30485643388869194,Bottom 70% - Lower Risk
2427706,202606,2026-06-15,0.38928077,0.30497459529717597,Bottom 70% - Lower Risk
2392775,202606,2026-06-15,0.38924354,0.30509275670565994,Bottom 70% - Lower Risk
2596686,202606,2026-06-15,0.38921884,0.3053290795226279,Bottom 70% - Lower Risk
2118214,202606,2026-06-15,0.38921884,0.3052109181141439,Bottom 70% - Lower Risk
2240040,202606,2026-06-15,0.389213,0.3054472409311119,Bottom 70% - Lower Risk
2367348,202606,2026-06-15,0.3892058,0.3055654023395959,Bottom 70% - Lower Risk
2150091,202606,2026-06-15,0.3891989,0.30568356374807987,Bottom 70% - Lower Risk
2027593,202606,2026-06-15,0.38919237,0.3061562093820158,Bottom 70% - Lower Risk
2478289,202606,2026-06-15,0.38919237,0.30591988656504787,Bottom 70% - Lower Risk
2559374,202606,2026-06-15,0.38919237,0.30603804797353185,Bottom 70% - Lower Risk
2572150,202606,2026-06-15,0.38919237,0.30580172515656384,Bottom 70% - Lower Risk
2458110,202606,2026-06-15,0.3891744,0.30627437079049985,Bottom 70% - Lower Risk
2239624,202606,2026-06-15,0.38917226,0.3063925321989838,Bottom 70% - Lower Risk
2175377,202512,2025-12-16,0.38915652,0.3065106936074678,Bottom 70% - Lower Risk
2032115,202606,2026-06-15,0.38915652,0.3066288550159518,Bottom 70% - Lower Risk
2197500,202606,2026-06-15,0.38915312,0.3067470164244358,Bottom 70% - Lower Risk
2168652,202606,2026-06-15,0.3890999,0.3068651778329198,Bottom 70% - Lower Risk
2341300,202606,2026-06-15,0.3890963,0.30698333924140375,Bottom 70% - Lower Risk
2422778,202606,2026-06-15,0.38908243,0.3071015006498877,Bottom 70% - Lower Risk
2157382,202606,2026-06-15,0.38906434,0.30721966205837176,Bottom 70% - Lower Risk
2480600,202606,2026-06-15,0.38904345,0.30733782346685573,Bottom 70% - Lower Risk
2062318,202606,2026-06-15,0.3890301,0.3074559848753397,Bottom 70% - Lower Risk
2106835,202606,2026-06-15,0.38898528,0.3075741462838237,Bottom 70% - Lower Risk
2143092,202606,2026-06-15,0.38898528,0.3076923076923077,Bottom 70% - Lower Risk
2100135,202606,2026-06-15,0.3889746,0.3078104691007917,Bottom 70% - Lower Risk
2148030,202606,2026-06-15,0.38894323,0.30792863050927566,Bottom 70% - Lower Risk
2537624,202606,2026-06-15,0.388939,0.30804679191775963,Bottom 70% - Lower Risk
2387737,202606,2026-06-15,0.38893005,0.30816495332624366,Bottom 70% - Lower Risk
2292108,202606,2026-06-15,0.38893005,0.30828311473472764,Bottom 70% - Lower Risk
2269791,202606,2026-06-15,0.38889593,0.3084012761432116,Bottom 70% - Lower Risk
2486222,202606,2026-06-15,0.38887054,0.30851943755169564,Bottom 70% - Lower Risk
2358508,202606,2026-06-15,0.38883457,0.3087557603686636,Bottom 70% - Lower Risk
2468280,202606,2026-06-15,0.38883457,0.3086375989601796,Bottom 70% - Lower Risk
2531359,202606,2026-06-15,0.38880596,0.30887392177714756,Bottom 70% - Lower Risk
2413638,202606,2026-06-15,0.38880122,0.3089920831856316,Bottom 70% - Lower Risk
2535040,202606,2026-06-15,0.38880122,0.30922840600259954,Bottom 70% - Lower Risk
2409691,202606,2026-06-15,0.38880122,0.30911024459411557,Bottom 70% - Lower Risk
2454231,202606,2026-06-15,0.38879585,0.3093465674110835,Bottom 70% - Lower Risk
2114031,202606,2026-06-15,0.38879585,0.30946472881956755,Bottom 70% - Lower Risk
2459098,202606,2026-06-15,0.38878563,0.3095828902280515,Bottom 70% - Lower Risk
2323524,202606,2026-06-15,0.38878435,0.3097010516365355,Bottom 70% - Lower Risk
2194586,202606,2026-06-15,0.38869005,0.30981921304501947,Bottom 70% - Lower Risk
2338050,202606,2026-06-15,0.38868466,0.3099373744535035,Bottom 70% - Lower Risk
2448934,202606,2026-06-15,0.38867378,0.3100555358619875,Bottom 70% - Lower Risk
2169044,202606,2026-06-15,0.38864225,0.31017369727047145,Bottom 70% - Lower Risk
2043466,202606,2026-06-15,0.38862836,0.3102918586789555,Bottom 70% - Lower Risk
2494401,202606,2026-06-15,0.3886238,0.3105281814959234,Bottom 70% - Lower Risk
2522629,202606,2026-06-15,0.3886238,0.31041002008743945,Bottom 70% - Lower Risk
2509494,202606,2026-06-15,0.38860786,0.3106463429044074,Bottom 70% - Lower Risk
2556563,202606,2026-06-15,0.38859713,0.31076450431289143,Bottom 70% - Lower Risk
2111822,202606,2026-06-15,0.38859585,0.3108826657213754,Bottom 70% - Lower Risk
2471253,202606,2026-06-15,0.38848242,0.3110008271298594,Bottom 70% - Lower Risk
2345577,202606,2026-06-15,0.38847882,0.31111898853834336,Bottom 70% - Lower Risk
2329553,202606,2026-06-15,0.3884203,0.3112371499468274,Bottom 70% - Lower Risk
2606556,202606,2026-06-15,0.3884146,0.31147347276379533,Bottom 70% - Lower Risk
2369486,202606,2026-06-15,0.3884146,0.31135531135531136,Bottom 70% - Lower Risk
2456849,202606,2026-06-15,0.3884146,0.3115916341722793,Bottom 70% - Lower Risk
2072705,202606,2026-06-15,0.38837284,0.31170979558076334,Bottom 70% - Lower Risk
2233895,202606,2026-06-15,0.38836974,0.3118279569892473,Bottom 70% - Lower Risk
2486292,202606,2026-06-15,0.38829526,0.3119461183977313,Bottom 70% - Lower Risk
2552506,202606,2026-06-15,0.38829222,0.3121824412146993,Bottom 70% - Lower Risk
2243329,202606,2026-06-15,0.38829222,0.3120642798062153,Bottom 70% - Lower Risk
2023465,202606,2026-06-15,0.3882424,0.31230060262318327,Bottom 70% - Lower Risk
2173319,202606,2026-06-15,0.38823995,0.31241876403166724,Bottom 70% - Lower Risk
2030548,202606,2026-06-15,0.38820174,0.31253692544015127,Bottom 70% - Lower Risk
2051066,202606,2026-06-15,0.38819608,0.31265508684863524,Bottom 70% - Lower Risk
2336517,202606,2026-06-15,0.3881563,0.3127732482571192,Bottom 70% - Lower Risk
2308309,202606,2026-06-15,0.38815382,0.3128914096656032,Bottom 70% - Lower Risk
2312207,202606,2026-06-15,0.38812813,0.3130095710740872,Bottom 70% - Lower Risk
2383251,202606,2026-06-15,0.38806632,0.3131277324825712,Bottom 70% - Lower Risk
2171171,202606,2026-06-15,0.38806474,0.31324589389105517,Bottom 70% - Lower Risk
2267071,202606,2026-06-15,0.3880608,0.31336405529953915,Bottom 70% - Lower Risk
2559945,202606,2026-06-15,0.38805327,0.3134822167080232,Bottom 70% - Lower Risk
2193792,202606,2026-06-15,0.3880478,0.31360037811650715,Bottom 70% - Lower Risk
2502960,202606,2026-06-15,0.38802403,0.3137185395249911,Bottom 70% - Lower Risk
2215823,202606,2026-06-15,0.38801542,0.31383670093347515,Bottom 70% - Lower Risk
2526554,202606,2026-06-15,0.38799015,0.31395486234195913,Bottom 70% - Lower Risk
2492007,202606,2026-06-15,0.38795206,0.3141911851589271,Bottom 70% - Lower Risk
2200281,202606,2026-06-15,0.38795206,0.3140730237504431,Bottom 70% - Lower Risk
2287465,202606,2026-06-15,0.387936,0.3143093465674111,Bottom 70% - Lower Risk
2493657,202606,2026-06-15,0.38793284,0.3144275079758951,Bottom 70% - Lower Risk
2452090,202606,2026-06-15,0.38788718,0.31454566938437906,Bottom 70% - Lower Risk
2537694,202606,2026-06-15,0.38787287,0.31466383079286303,Bottom 70% - Lower Risk
2175736,202606,2026-06-15,0.38786218,0.31478199220134706,Bottom 70% - Lower Risk
2152114,202606,2026-06-15,0.3878408,0.31490015360983103,Bottom 70% - Lower Risk
2246822,202606,2026-06-15,0.3878343,0.315018315018315,Bottom 70% - Lower Risk
2425941,202606,2026-06-15,0.38777426,0.315136476426799,Bottom 70% - Lower Risk
2000325,202606,2026-06-15,0.38776717,0.315254637835283,Bottom 70% - Lower Risk
2458849,202606,2026-06-15,0.3877188,0.315372799243767,Bottom 70% - Lower Risk
2429349,202606,2026-06-15,0.38770124,0.31549096065225096,Bottom 70% - Lower Risk
2170142,202606,2026-06-15,0.38768405,0.31560912206073494,Bottom 70% - Lower Risk
2466786,202606,2026-06-15,0.3876411,0.31572728346921897,Bottom 70% - Lower Risk
2115871,202606,2026-06-15,0.38763434,0.3159636062861869,Bottom 70% - Lower Risk
2058990,202606,2026-06-15,0.38763434,0.31584544487770294,Bottom 70% - Lower Risk
2147919,202606,2026-06-15,0.38762814,0.3163180905116389,Bottom 70% - Lower Risk
2539556,202606,2026-06-15,0.38762814,0.31643625192012287,Bottom 70% - Lower Risk
2069428,202606,2026-06-15,0.38762814,0.3161999291031549,Bottom 70% - Lower Risk
2286296,202606,2026-06-15,0.38762814,0.31608176769467095,Bottom 70% - Lower Risk
2141836,202606,2026-06-15,0.3876044,0.3165544133286069,Bottom 70% - Lower Risk
2050080,202606,2026-06-15,0.38760227,0.3166725747370909,Bottom 70% - Lower Risk
2567111,202606,2026-06-15,0.3875993,0.31679073614557485,Bottom 70% - Lower Risk
2120988,202606,2026-06-15,0.387582,0.3169088975540588,Bottom 70% - Lower Risk
2255321,202606,2026-06-15,0.3875551,0.31702705896254285,Bottom 70% - Lower Risk
2544221,202606,2026-06-15,0.3875488,0.3171452203710268,Bottom 70% - Lower Risk
2263433,202606,2026-06-15,0.38749945,0.3172633817795108,Bottom 70% - Lower Risk
2005208,202606,2026-06-15,0.38749945,0.3173815431879948,Bottom 70% - Lower Risk
2043302,202606,2026-06-15,0.38749537,0.3174997045964788,Bottom 70% - Lower Risk
2190742,202606,2026-06-15,0.3874293,0.3176178660049628,Bottom 70% - Lower Risk
2409627,202606,2026-06-15,0.38741472,0.3178541888219308,Bottom 70% - Lower Risk
2048847,202606,2026-06-15,0.38741472,0.31773602741344675,Bottom 70% - Lower Risk
2271067,202606,2026-06-15,0.38737062,0.31797235023041476,Bottom 70% - Lower Risk
2311968,202606,2026-06-15,0.38734514,0.31809051163889873,Bottom 70% - Lower Risk
2605395,202606,2026-06-15,0.38732854,0.3182086730473827,Bottom 70% - Lower Risk
2569093,202606,2026-06-15,0.38731116,0.31832683445586674,Bottom 70% - Lower Risk
2369687,202606,2026-06-15,0.3873068,0.3184449958643507,Bottom 70% - Lower Risk
2468574,202606,2026-06-15,0.38729304,0.3185631572728347,Bottom 70% - Lower Risk
2323313,202606,2026-06-15,0.38724214,0.31868131868131866,Bottom 70% - Lower Risk
2270983,202606,2026-06-15,0.38723406,0.3187994800898027,Bottom 70% - Lower Risk
2555727,202606,2026-06-15,0.38722897,0.31891764149828666,Bottom 70% - Lower Risk
2209631,202606,2026-06-15,0.3871861,0.31903580290677064,Bottom 70% - Lower Risk
2375146,202606,2026-06-15,0.38717693,0.3191539643152546,Bottom 70% - Lower Risk
2526303,202606,2026-06-15,0.387172,0.31927212572373864,Bottom 70% - Lower Risk
2473459,202604,2026-04-15,0.3871342,0.3193902871322226,Bottom 70% - Lower Risk
2498000,202605,2026-05-16,0.38711768,0.3195084485407066,Bottom 70% - Lower Risk
2252458,202606,2026-06-15,0.38711676,0.3196266099491906,Bottom 70% - Lower Risk
2462060,202606,2026-06-15,0.38706523,0.3197447713576746,Bottom 70% - Lower Risk
2417768,202606,2026-06-15,0.38705888,0.31986293276615857,Bottom 70% - Lower Risk
2345576,202606,2026-06-15,0.3870506,0.3200992555831266,Bottom 70% - Lower Risk
2318403,202606,2026-06-15,0.3870506,0.31998109417464254,Bottom 70% - Lower Risk
2309341,202606,2026-06-15,0.3870506,0.32021741699161055,Bottom 70% - Lower Risk
2394960,202606,2026-06-15,0.38700002,0.3203355784000945,Bottom 70% - Lower Risk
2238390,202606,2026-06-15,0.38693976,0.3204537398085785,Bottom 70% - Lower Risk
2273125,202606,2026-06-15,0.38691965,0.3205719012170625,Bottom 70% - Lower Risk
2098915,202606,2026-06-15,0.38689426,0.3206900626255465,Bottom 70% - Lower Risk
2310535,202606,2026-06-15,0.38688573,0.3208082240340305,Bottom 70% - Lower Risk
2463635,202606,2026-06-15,0.38685155,0.32092638544251445,Bottom 70% - Lower Risk
2276081,202606,2026-06-15,0.38682947,0.3210445468509985,Bottom 70% - Lower Risk
2414584,202606,2026-06-15,0.38681287,0.32116270825948245,Bottom 70% - Lower Risk
2287068,202606,2026-06-15,0.38677496,0.32128086966796643,Bottom 70% - Lower Risk
2127036,202606,2026-06-15,0.386755,0.32139903107645046,Bottom 70% - Lower Risk
2040343,202606,2026-06-15,0.3867111,0.32151719248493443,Bottom 70% - Lower Risk
2271073,202606,2026-06-15,0.386694,0.3218716767103864,Bottom 70% - Lower Risk
2274576,202606,2026-06-15,0.386694,0.3217535153019024,Bottom 70% - Lower Risk
2266467,202606,2026-06-15,0.386694,0.3216353538934184,Bottom 70% - Lower Risk
2314332,202606,2026-06-15,0.38669235,0.3219898381188704,Bottom 70% - Lower Risk
2306636,202606,2026-06-15,0.38663223,0.32210799952735436,Bottom 70% - Lower Risk
2189889,202606,2026-06-15,0.38662928,0.32222616093583833,Bottom 70% - Lower Risk
2440702,202606,2026-06-15,0.38661882,0.32234432234432236,Bottom 70% - Lower Risk
2231985,202606,2026-06-15,0.38661483,0.32246248375280634,Bottom 70% - Lower Risk
2422817,202606,2026-06-15,0.3866008,0.3225806451612903,Bottom 70% - Lower Risk
2571009,202606,2026-06-15,0.38659552,0.3226988065697743,Bottom 70% - Lower Risk
2357069,202606,2026-06-15,0.38659552,0.3228169679782583,Bottom 70% - Lower Risk
2353657,202606,2026-06-15,0.38658714,0.3229351293867423,Bottom 70% - Lower Risk
2144844,202606,2026-06-15,0.3865516,0.32305329079522627,Bottom 70% - Lower Risk
2310768,202606,2026-06-15,0.3865056,0.32317145220371024,Bottom 70% - Lower Risk
2187113,202606,2026-06-15,0.38649845,0.32328961361219427,Bottom 70% - Lower Risk
2434402,202606,2026-06-15,0.38647008,0.32340777502067825,Bottom 70% - Lower Risk
2120031,202606,2026-06-15,0.38645804,0.3235259364291622,Bottom 70% - Lower Risk
2463820,202606,2026-06-15,0.3864376,0.32364409783764625,Bottom 70% - Lower Risk
2518327,202606,2026-06-15,0.3864213,0.3237622592461302,Bottom 70% - Lower Risk
2431442,202606,2026-06-15,0.38640222,0.3238804206546142,Bottom 70% - Lower Risk
2286917,202606,2026-06-15,0.38637313,0.3239985820630982,Bottom 70% - Lower Risk
2522854,202606,2026-06-15,0.38636944,0.3241167434715822,Bottom 70% - Lower Risk
2396019,202606,2026-06-15,0.38634938,0.3242349048800662,Bottom 70% - Lower Risk
2294606,202606,2026-06-15,0.3863294,0.32435306628855015,Bottom 70% - Lower Risk
2295036,202606,2026-06-15,0.3863157,0.3244712276970341,Bottom 70% - Lower Risk
2250368,202606,2026-06-15,0.38627267,0.32470755051400213,Bottom 70% - Lower Risk
2427590,202606,2026-06-15,0.38627267,0.32458938910551816,Bottom 70% - Lower Risk
2210640,202605,2026-05-16,0.38626677,0.3248257119224861,Bottom 70% - Lower Risk
2011946,202606,2026-06-15,0.38620815,0.3249438733309701,Bottom 70% - Lower Risk
2027368,202606,2026-06-15,0.38620365,0.3250620347394541,Bottom 70% - Lower Risk
2583761,202606,2026-06-15,0.3861901,0.3251801961479381,Bottom 70% - Lower Risk
2228513,202606,2026-06-15,0.38618928,0.32529835755642206,Bottom 70% - Lower Risk
2165794,202606,2026-06-15,0.38617894,0.3254165189649061,Bottom 70% - Lower Risk
2122216,202606,2026-06-15,0.3861364,0.32565284178187404,Bottom 70% - Lower Risk
2171553,202606,2026-06-15,0.3861364,0.32553468037339006,Bottom 70% - Lower Risk
2322556,202606,2026-06-15,0.38608593,0.325771003190358,Bottom 70% - Lower Risk
2543743,202606,2026-06-15,0.386073,0.32588916459884204,Bottom 70% - Lower Risk
2557089,202606,2026-06-15,0.386073,0.326007326007326,Bottom 70% - Lower Risk
2145625,202606,2026-06-15,0.38604024,0.32612548741581,Bottom 70% - Lower Risk
2228946,202606,2026-06-15,0.38600656,0.32624364882429396,Bottom 70% - Lower Risk
2263239,202606,2026-06-15,0.38597715,0.326361810232778,Bottom 70% - Lower Risk
2375137,202606,2026-06-15,0.38596785,0.32647997164126197,Bottom 70% - Lower Risk
2583186,202606,2026-06-15,0.38595405,0.32659813304974594,Bottom 70% - Lower Risk
2125998,202606,2026-06-15,0.38593084,0.3267162944582299,Bottom 70% - Lower Risk
2301811,202606,2026-06-15,0.3858986,0.32683445586671395,Bottom 70% - Lower Risk
2195804,202606,2026-06-15,0.38589284,0.3270707786836819,Bottom 70% - Lower Risk
2038887,202606,2026-06-15,0.38589284,0.3269526172751979,Bottom 70% - Lower Risk
2237271,202606,2026-06-15,0.38588312,0.3271889400921659,Bottom 70% - Lower Risk
2582372,202606,2026-06-15,0.38587737,0.3273071015006499,Bottom 70% - Lower Risk
2565357,202606,2026-06-15,0.38587737,0.3274252629091339,Bottom 70% - Lower Risk
2510381,202606,2026-06-15,0.38586214,0.32754342431761785,Bottom 70% - Lower Risk
2327844,202606,2026-06-15,0.38578573,0.3276615857261019,Bottom 70% - Lower Risk
2527590,202606,2026-06-15,0.38578343,0.32777974713458585,Bottom 70% - Lower Risk
2353467,202606,2026-06-15,0.3857735,0.3278979085430698,Bottom 70% - Lower Risk
2336073,202606,2026-06-15,0.3857726,0.32813423136003783,Bottom 70% - Lower Risk
2505533,202606,2026-06-15,0.3857726,0.3280160699515538,Bottom 70% - Lower Risk
2308599,202606,2026-06-15,0.38573456,0.3282523927685218,Bottom 70% - Lower Risk
2346177,202606,2026-06-15,0.38572285,0.3283705541770058,Bottom 70% - Lower Risk
2227103,202606,2026-06-15,0.38572285,0.32848871558548975,Bottom 70% - Lower Risk
2389094,202606,2026-06-15,0.3856683,0.3286068769939738,Bottom 70% - Lower Risk
2605392,202606,2026-06-15,0.38564557,0.32872503840245776,Bottom 70% - Lower Risk
2483543,202606,2026-06-15,0.3856285,0.32884319981094173,Bottom 70% - Lower Risk
2507392,202606,2026-06-15,0.3856204,0.32896136121942576,Bottom 70% - Lower Risk
2127133,202606,2026-06-15,0.38562,0.32907952262790974,Bottom 70% - Lower Risk
2585894,202606,2026-06-15,0.38559696,0.3293158454448777,Bottom 70% - Lower Risk
2088746,202606,2026-06-15,0.38559696,0.3291976840363937,Bottom 70% - Lower Risk
2170408,202604,2026-04-15,0.38553423,0.3294340068533617,Bottom 70% - Lower Risk
2070587,202606,2026-06-15,0.3854919,0.3295521682618457,Bottom 70% - Lower Risk
2128448,202606,2026-06-15,0.38547564,0.32967032967032966,Bottom 70% - Lower Risk
2205169,202606,2026-06-15,0.38545227,0.32978849107881364,Bottom 70% - Lower Risk
2466920,202606,2026-06-15,0.38541526,0.32990665248729767,Bottom 70% - Lower Risk
2510871,202606,2026-06-15,0.38541484,0.33002481389578164,Bottom 70% - Lower Risk
2318065,202606,2026-06-15,0.3854009,0.3301429753042656,Bottom 70% - Lower Risk
2419757,202606,2026-06-15,0.38537118,0.3302611367127496,Bottom 70% - Lower Risk
2599216,202606,2026-06-15,0.38537118,0.3303792981212336,Bottom 70% - Lower Risk
2017146,202606,2026-06-15,0.38535747,0.3304974595297176,Bottom 70% - Lower Risk
2431438,202606,2026-06-15,0.38534486,0.33061562093820157,Bottom 70% - Lower Risk
2316031,202606,2026-06-15,0.38532054,0.3308519437551696,Bottom 70% - Lower Risk
2444371,202606,2026-06-15,0.38532054,0.33073378234668555,Bottom 70% - Lower Risk
2058545,202606,2026-06-15,0.3853188,0.33097010516365355,Bottom 70% - Lower Risk
2427834,202606,2026-06-15,0.3852572,0.3310882665721375,Bottom 70% - Lower Risk
2535594,202606,2026-06-15,0.38525262,0.33120642798062155,Bottom 70% - Lower Risk
2138802,202606,2026-06-15,0.3852491,0.33132458938910553,Bottom 70% - Lower Risk
2480214,202606,2026-06-15,0.38524383,0.3315609122060735,Bottom 70% - Lower Risk
2053818,202606,2026-06-15,0.38524383,0.3314427507975895,Bottom 70% - Lower Risk
2459786,202606,2026-06-15,0.38523751,0.3316790736145575,Bottom 70% - Lower Risk
2271874,202606,2026-06-15,0.38518873,0.3317972350230415,Bottom 70% - Lower Risk
2260316,202606,2026-06-15,0.385161,0.33191539643152546,Bottom 70% - Lower Risk
2136170,202606,2026-06-15,0.38515386,0.33203355784000943,Bottom 70% - Lower Risk
2336767,202606,2026-06-15,0.38514093,0.33215171924849346,Bottom 70% - Lower Risk
2047835,202606,2026-06-15,0.3851311,0.33226988065697743,Bottom 70% - Lower Risk
2033081,202606,2026-06-15,0.3851288,0.3323880420654614,Bottom 70% - Lower Risk
2401727,202606,2026-06-15,0.3851288,0.3325062034739454,Bottom 70% - Lower Risk
2427767,202606,2026-06-15,0.38510847,0.3326243648824294,Bottom 70% - Lower Risk
2111251,202606,2026-06-15,0.38508895,0.3327425262909134,Bottom 70% - Lower Risk
2324175,202606,2026-06-15,0.38507023,0.33286068769939736,Bottom 70% - Lower Risk
2471168,202606,2026-06-15,0.38506743,0.3329788491078814,Bottom 70% - Lower Risk
2317755,202606,2026-06-15,0.38506037,0.33309701051636537,Bottom 70% - Lower Risk
2455975,202606,2026-06-15,0.3850432,0.33321517192484934,Bottom 70% - Lower Risk
2149740,202606,2026-06-15,0.3850325,0.3333333333333333,Bottom 70% - Lower Risk
2304796,202604,2026-04-15,0.3849702,0.33345149474181734,Bottom 70% - Lower Risk
2124447,202606,2026-06-15,0.3849672,0.3335696561503013,Bottom 70% - Lower Risk
2227259,202606,2026-06-15,0.38495162,0.3336878175587853,Bottom 70% - Lower Risk
2103396,202606,2026-06-15,0.38494837,0.33380597896726927,Bottom 70% - Lower Risk
2311924,202606,2026-06-15,0.3848839,0.3339241403757533,Bottom 70% - Lower Risk
2368459,202606,2026-06-15,0.38484937,0.33404230178423727,Bottom 70% - Lower Risk
2164575,202606,2026-06-15,0.3847443,0.33416046319272125,Bottom 70% - Lower Risk
2386601,202606,2026-06-15,0.3847416,0.3342786246012052,Bottom 70% - Lower Risk
2466898,202606,2026-06-15,0.38472068,0.33439678600968925,Bottom 70% - Lower Risk
2487696,202606,2026-06-15,0.3846903,0.3345149474181732,Bottom 70% - Lower Risk
2317745,202606,2026-06-15,0.38469025,0.3346331088266572,Bottom 70% - Lower Risk
2292765,202606,2026-06-15,0.38467813,0.33475127023514123,Bottom 70% - Lower Risk
2612614,202606,2026-06-15,0.38466525,0.3348694316436252,Bottom 70% - Lower Risk
2332438,202606,2026-06-15,0.3846467,0.3349875930521092,Bottom 70% - Lower Risk
2217517,202606,2026-06-15,0.38455832,0.33510575446059315,Bottom 70% - Lower Risk
2018716,202606,2026-06-15,0.38453856,0.3352239158690772,Bottom 70% - Lower Risk
2541364,202606,2026-06-15,0.38450828,0.33534207727756116,Bottom 70% - Lower Risk
2257863,202606,2026-06-15,0.38448843,0.33546023868604513,Bottom 70% - Lower Risk
2085780,202606,2026-06-15,0.38446915,0.3355784000945291,Bottom 70% - Lower Risk
2044899,202606,2026-06-15,0.38445365,0.33569656150301314,Bottom 70% - Lower Risk
2346142,202606,2026-06-15,0.38443357,0.3358147229114971,Bottom 70% - Lower Risk
2512775,202606,2026-06-15,0.3843908,0.3359328843199811,Bottom 70% - Lower Risk
2028691,202606,2026-06-15,0.3843728,0.33605104572846506,Bottom 70% - Lower Risk
2487069,202606,2026-06-15,0.3843728,0.3361692071369491,Bottom 70% - Lower Risk
2308281,202604,2026-04-15,0.38436553,0.33628736854543306,Bottom 70% - Lower Risk
2250017,202606,2026-06-15,0.3843627,0.33640552995391704,Bottom 70% - Lower Risk
2079399,202606,2026-06-15,0.3843564,0.33652369136240107,Bottom 70% - Lower Risk
2144865,202606,2026-06-15,0.38434473,0.33664185277088504,Bottom 70% - Lower Risk
2275195,202606,2026-06-15,0.38433874,0.336760014179369,Bottom 70% - Lower Risk
2524518,202606,2026-06-15,0.3843378,0.336878175587853,Bottom 70% - Lower Risk
2202831,202606,2026-06-15,0.38433045,0.336996336996337,Bottom 70% - Lower Risk
2031269,202606,2026-06-15,0.38432318,0.337114498404821,Bottom 70% - Lower Risk
2350017,202606,2026-06-15,0.38430795,0.33723265981330497,Bottom 70% - Lower Risk
2401137,202606,2026-06-15,0.3842522,0.33735082122178894,Bottom 70% - Lower Risk
2049134,202606,2026-06-15,0.38422024,0.337468982630273,Bottom 70% - Lower Risk
2608849,202606,2026-06-15,0.38419172,0.33758714403875695,Bottom 70% - Lower Risk
2135040,202606,2026-06-15,0.38417998,0.3378234668557249,Bottom 70% - Lower Risk
2008863,202606,2026-06-15,0.38417998,0.3377053054472409,Bottom 70% - Lower Risk
2144565,202606,2026-06-15,0.38409975,0.3379416282642089,Bottom 70% - Lower Risk
2302813,202606,2026-06-15,0.3840925,0.3380597896726929,Bottom 70% - Lower Risk
2176354,202606,2026-06-15,0.38405713,0.3381779510811769,Bottom 70% - Lower Risk
2102610,202606,2026-06-15,0.38404593,0.33829611248966085,Bottom 70% - Lower Risk
2324210,202606,2026-06-15,0.3840411,0.3384142738981449,Bottom 70% - Lower Risk
2242327,202606,2026-06-15,0.3840404,0.33853243530662885,Bottom 70% - Lower Risk
2319048,202606,2026-06-15,0.38403925,0.33865059671511283,Bottom 70% - Lower Risk
2111212,202606,2026-06-15,0.3839942,0.33876875812359686,Bottom 70% - Lower Risk
2495130,202606,2026-06-15,0.38399142,0.3390050809405648,Bottom 70% - Lower Risk
2398882,202606,2026-06-15,0.38399142,0.33888691953208083,Bottom 70% - Lower Risk
2565835,202606,2026-06-15,0.38393393,0.3391232423490488,Bottom 70% - Lower Risk
2074756,202606,2026-06-15,0.38391984,0.3392414037575328,Bottom 70% - Lower Risk
2374572,202606,2026-06-15,0.38387457,0.3393595651660168,Bottom 70% - Lower Risk
2039492,202606,2026-06-15,0.38386858,0.33947772657450076,Bottom 70% - Lower Risk
2350331,202606,2026-06-15,0.38385665,0.33959588798298473,Bottom 70% - Lower Risk
2366077,202606,2026-06-15,0.38376027,0.33971404939146876,Bottom 70% - Lower Risk
2480676,202606,2026-06-15,0.38375625,0.33983221079995274,Bottom 70% - Lower Risk
2527795,202606,2026-06-15,0.38375196,0.3399503722084367,Bottom 70% - Lower Risk
2352116,202606,2026-06-15,0.3837405,0.3400685336169207,Bottom 70% - Lower Risk
2128436,202606,2026-06-15,0.38369703,0.3401866950254047,Bottom 70% - Lower Risk
2107088,202606,2026-06-15,0.38369033,0.3403048564338887,Bottom 70% - Lower Risk
2509229,202606,2026-06-15,0.38368648,0.34042301784237267,Bottom 70% - Lower Risk
2072348,202606,2026-06-15,0.38365215,0.3405411792508567,Bottom 70% - Lower Risk
2054007,202606,2026-06-15,0.38363734,0.34065934065934067,Bottom 70% - Lower Risk
2489523,202604,2026-04-15,0.3836172,0.34077750206782464,Bottom 70% - Lower Risk
2074092,202606,2026-06-15,0.38360173,0.34101382488479265,Bottom 70% - Lower Risk
2600350,202606,2026-06-15,0.38360173,0.3408956634763086,Bottom 70% - Lower Risk
2018343,202606,2026-06-15,0.3835949,0.3411319862932766,Bottom 70% - Lower Risk
2298432,202606,2026-06-15,0.3835934,0.3412501477017606,Bottom 70% - Lower Risk
2389696,202606,2026-06-15,0.38357973,0.34136830911024457,Bottom 70% - Lower Risk
2127667,202606,2026-06-15,0.38345206,0.3414864705187286,Bottom 70% - Lower Risk
2101152,202603,2026-03-18,0.3834379,0.3416046319272126,Bottom 70% - Lower Risk
2510216,202606,2026-06-15,0.38341352,0.3418409547441805,Bottom 70% - Lower Risk
2234647,202606,2026-06-15,0.38341352,0.34172279333569655,Bottom 70% - Lower Risk
2542652,202606,2026-06-15,0.3833923,0.34195911615266456,Bottom 70% - Lower Risk
2607087,202606,2026-06-15,0.3833672,0.34207727756114853,Bottom 70% - Lower Risk
2050097,202606,2026-06-15,0.38334036,0.3421954389696325,Bottom 70% - Lower Risk
2154734,202606,2026-06-15,0.3832629,0.34231360037811653,Bottom 70% - Lower Risk
2200763,202606,2026-06-15,0.38325647,0.3424317617866005,Bottom 70% - Lower Risk
2287024,202606,2026-06-15,0.38324782,0.3425499231950845,Bottom 70% - Lower Risk
2144398,202606,2026-06-15,0.38324726,0.34266808460356846,Bottom 70% - Lower Risk
2028912,202606,2026-06-15,0.38322374,0.3427862460120525,Bottom 70% - Lower Risk
2143848,202606,2026-06-15,0.3831866,0.34290440742053646,Bottom 70% - Lower Risk
2116053,202606,2026-06-15,0.3831784,0.34302256882902044,Bottom 70% - Lower Risk
2256413,202606,2026-06-15,0.38317025,0.3431407302375044,Bottom 70% - Lower Risk
2195977,202606,2026-06-15,0.38316873,0.34325889164598844,Bottom 70% - Lower Risk
2352767,202606,2026-06-15,0.38315743,0.3433770530544724,Bottom 70% - Lower Risk
2391387,202606,2026-06-15,0.38314742,0.3434952144629564,Bottom 70% - Lower Risk
2054700,202606,2026-06-15,0.38305447,0.34361337587144036,Bottom 70% - Lower Risk
2192201,202606,2026-06-15,0.3830429,0.3437315372799244,Bottom 70% - Lower Risk
2377794,202606,2026-06-15,0.38299263,0.34384969868840837,Bottom 70% - Lower Risk
2309549,202606,2026-06-15,0.38298067,0.34396786009689234,Bottom 70% - Lower Risk
2509657,202606,2026-06-15,0.38296965,0.34408602150537637,Bottom 70% - Lower Risk
2610585,202606,2026-06-15,0.3829367,0.3443223443223443,Bottom 70% - Lower Risk
2608902,202606,2026-06-15,0.3829367,0.34420418291386035,Bottom 70% - Lower Risk
2477152,202606,2026-06-15,0.3829367,0.3444405057308283,Bottom 70% - Lower Risk
2516501,202606,2026-06-15,0.38289964,0.3445586671393123,Bottom 70% - Lower Risk
2474087,202606,2026-06-15,0.38283113,0.3446768285477963,Bottom 70% - Lower Risk
2359031,202606,2026-06-15,0.38280767,0.34491315136476425,Bottom 70% - Lower Risk
2470064,202606,2026-06-15,0.38280767,0.3450313127732483,Bottom 70% - Lower Risk
2577594,202606,2026-06-15,0.38280767,0.34514947418173225,Bottom 70% - Lower Risk
2111766,202606,2026-06-15,0.38280767,0.3447949899562803,Bottom 70% - Lower Risk
2531775,202604,2026-04-15,0.38280135,0.3452676355902162,Bottom 70% - Lower Risk
2408965,202606,2026-06-15,0.38276783,0.3453857969987002,Bottom 70% - Lower Risk
2188882,202606,2026-06-15,0.382728,0.34550395840718423,Bottom 70% - Lower Risk
2342660,202606,2026-06-15,0.3827237,0.3456221198156682,Bottom 70% - Lower Risk
2174284,202606,2026-06-15,0.3827222,0.3457402812241522,Bottom 70% - Lower Risk
2475621,202606,2026-06-15,0.38270164,0.34585844263263615,Bottom 70% - Lower Risk
2461133,202606,2026-06-15,0.38263518,0.3459766040411202,Bottom 70% - Lower Risk
2219269,202606,2026-06-15,0.38263416,0.34609476544960416,Bottom 70% - Lower Risk
2472675,202606,2026-06-15,0.38263008,0.34621292685808813,Bottom 70% - Lower Risk
2336315,202606,2026-06-15,0.38262782,0.34633108826657216,Bottom 70% - Lower Risk
2229152,202606,2026-06-15,0.38259324,0.34644924967505614,Bottom 70% - Lower Risk
2348294,202606,2026-06-15,0.38252962,0.3465674110835401,Bottom 70% - Lower Risk
2344931,202606,2026-06-15,0.3825252,0.3466855724920241,Bottom 70% - Lower Risk
2444299,202606,2026-06-15,0.38248348,0.3468037339005081,Bottom 70% - Lower Risk
2108646,202606,2026-06-15,0.38242796,0.3469218953089921,Bottom 70% - Lower Risk
2299229,202606,2026-06-15,0.3824057,0.34704005671747606,Bottom 70% - Lower Risk
2199041,202606,2026-06-15,0.38240364,0.34715821812596004,Bottom 70% - Lower Risk
2321960,202606,2026-06-15,0.38237077,0.34727637953444407,Bottom 70% - Lower Risk
2549032,202606,2026-06-15,0.38236898,0.34739454094292804,Bottom 70% - Lower Risk
2381040,202606,2026-06-15,0.38235658,0.347630863759896,Bottom 70% - Lower Risk
2229903,202606,2026-06-15,0.38235658,0.347512702351412,Bottom 70% - Lower Risk
2511506,202606,2026-06-15,0.38235196,0.34774902516838,Bottom 70% - Lower Risk
2171050,202606,2026-06-15,0.3823501,0.347867186576864,Bottom 70% - Lower Risk
2005318,202606,2026-06-15,0.3823011,0.34798534798534797,Bottom 70% - Lower Risk
2226429,202606,2026-06-15,0.38227725,0.348103509393832,Bottom 70% - Lower Risk
2279783,202606,2026-06-15,0.38224941,0.348221670802316,Bottom 70% - Lower Risk
2574995,202606,2026-06-15,0.38223913,0.34833983221079995,Bottom 70% - Lower Risk
2315335,202606,2026-06-15,0.38223663,0.34857615502776795,Bottom 70% - Lower Risk
2184219,202606,2026-06-15,0.38223663,0.3484579936192839,Bottom 70% - Lower Risk
2262209,202606,2026-06-15,0.38222578,0.3486943164362519,Bottom 70% - Lower Risk
2556736,202606,2026-06-15,0.38221785,0.3489306392532199,Bottom 70% - Lower Risk
2276609,202606,2026-06-15,0.38221785,0.3488124778447359,Bottom 70% - Lower Risk
2099538,202606,2026-06-15,0.38218772,0.3490488006617039,Bottom 70% - Lower Risk
2212901,202606,2026-06-15,0.38216656,0.3491669620701879,Bottom 70% - Lower Risk
2311026,202606,2026-06-15,0.38216656,0.34928512347867186,Bottom 70% - Lower Risk
2028511,202606,2026-06-15,0.38212833,0.34940328488715583,Bottom 70% - Lower Risk
2098669,202606,2026-06-15,0.38208294,0.34952144629563986,Bottom 70% - Lower Risk
2361208,202606,2026-06-15,0.38207924,0.34963960770412383,Bottom 70% - Lower Risk
2165319,202606,2026-06-15,0.38205817,0.3497577691126078,Bottom 70% - Lower Risk
2348644,202606,2026-06-15,0.38204178,0.34987593052109184,Bottom 70% - Lower Risk
2292172,202606,2026-06-15,0.3819791,0.3499940919295758,Bottom 70% - Lower Risk
2609219,202606,2026-06-15,0.38195875,0.3501122533380598,Bottom 70% - Lower Risk
2432207,202606,2026-06-15,0.38195094,0.35023041474654376,Bottom 70% - Lower Risk
2063633,202606,2026-06-15,0.38192627,0.3503485761550278,Bottom 70% - Lower Risk
2427460,202606,2026-06-15,0.38192627,0.35058489897199574,Bottom 70% - Lower Risk
2526791,202606,2026-06-15,0.38192627,0.35046673756351177,Bottom 70% - Lower Risk
2427685,202606,2026-06-15,0.38185543,0.3507030603804797,Bottom 70% - Lower Risk
2029839,202606,2026-06-15,0.38183007,0.35082122178896374,Bottom 70% - Lower Risk
2370498,202606,2026-06-15,0.38182688,0.3509393831974477,Bottom 70% - Lower Risk
2575307,202606,2026-06-15,0.38182688,0.3510575446059317,Bottom 70% - Lower Risk
2577434,202606,2026-06-15,0.38178843,0.35117570601441567,Bottom 70% - Lower Risk
2117041,202606,2026-06-15,0.38178843,0.3512938674228997,Bottom 70% - Lower Risk
2507684,202606,2026-06-15,0.38178825,0.35141202883138367,Bottom 70% - Lower Risk
2537741,202606,2026-06-15,0.38177314,0.35153019023986765,Bottom 70% - Lower Risk
2105620,202606,2026-06-15,0.3817468,0.3516483516483517,Bottom 70% - Lower Risk
2220293,202606,2026-06-15,0.381724,0.35176651305683565,Bottom 70% - Lower Risk
2260384,202606,2026-06-15,0.38171732,0.3518846744653196,Bottom 70% - Lower Risk
2388713,202606,2026-06-15,0.3817062,0.3520028358738036,Bottom 70% - Lower Risk
2386021,202606,2026-06-15,0.38167754,0.35212099728228763,Bottom 70% - Lower Risk
2460915,202606,2026-06-15,0.38166967,0.3522391586907716,Bottom 70% - Lower Risk
2458053,202606,2026-06-15,0.38166037,0.3523573200992556,Bottom 70% - Lower Risk
2278866,202606,2026-06-15,0.3816173,0.35247548150773955,Bottom 70% - Lower Risk
2518502,202606,2026-06-15,0.3816085,0.3525936429162236,Bottom 70% - Lower Risk
2117612,202606,2026-06-15,0.3816085,0.35271180432470756,Bottom 70% - Lower Risk
2510408,202606,2026-06-15,0.3815947,0.35282996573319153,Bottom 70% - Lower Risk
2291630,202606,2026-06-15,0.3815919,0.3529481271416755,Bottom 70% - Lower Risk
2606676,202606,2026-06-15,0.3815877,0.35306628855015953,Bottom 70% - Lower Risk
2134196,202606,2026-06-15,0.3815853,0.3531844499586435,Bottom 70% - Lower Risk
2217590,202606,2026-06-15,0.38154817,0.3533026113671275,Bottom 70% - Lower Risk
2262989,202606,2026-06-15,0.38148612,0.35342077277561146,Bottom 70% - Lower Risk
2530987,202606,2026-06-15,0.38146877,0.3535389341840955,Bottom 70% - Lower Risk
2518479,202606,2026-06-15,0.38146642,0.35365709559257946,Bottom 70% - Lower Risk
2192328,202606,2026-06-15,0.38146487,0.35377525700106344,Bottom 70% - Lower Risk
2477948,202606,2026-06-15,0.38146198,0.35389341840954747,Bottom 70% - Lower Risk
2580308,202606,2026-06-15,0.38145143,0.35401157981803144,Bottom 70% - Lower Risk
2162374,202606,2026-06-15,0.38144886,0.3541297412265154,Bottom 70% - Lower Risk
2188574,202606,2026-06-15,0.381438,0.3542479026349994,Bottom 70% - Lower Risk
2333776,202606,2026-06-15,0.381431,0.3543660640434834,Bottom 70% - Lower Risk
2020386,202606,2026-06-15,0.38142708,0.3544842254519674,Bottom 70% - Lower Risk
2025061,202606,2026-06-15,0.38142708,0.35460238686045137,Bottom 70% - Lower Risk
2300061,202606,2026-06-15,0.38141868,0.35472054826893534,Bottom 70% - Lower Risk
2076457,202606,2026-06-15,0.3814066,0.3548387096774194,Bottom 70% - Lower Risk
2531955,202606,2026-06-15,0.38140222,0.35495687108590335,Bottom 70% - Lower Risk
2191611,202606,2026-06-15,0.38129503,0.3550750324943873,Bottom 70% - Lower Risk
2127020,202606,2026-06-15,0.38126916,0.3551931939028713,Bottom 70% - Lower Risk
2518327,202602,2026-02-15,0.38119286,0.3553113553113553,Bottom 70% - Lower Risk
2116920,202606,2026-06-15,0.38118148,0.3554295167198393,Bottom 70% - Lower Risk
2124336,202606,2026-06-15,0.38117403,0.3555476781283233,Bottom 70% - Lower Risk
2346193,202606,2026-06-15,0.38117087,0.3556658395368073,Bottom 70% - Lower Risk
2433680,202606,2026-06-15,0.3810989,0.3557840009452913,Bottom 70% - Lower Risk
2129700,202606,2026-06-15,0.38106146,0.35590216235377525,Bottom 70% - Lower Risk
2382254,202606,2026-06-15,0.381043,0.3560203237622592,Bottom 70% - Lower Risk
2179988,202606,2026-06-15,0.38103488,0.35613848517074326,Bottom 70% - Lower Risk
2424520,202606,2026-06-15,0.3810171,0.35625664657922723,Bottom 70% - Lower Risk
2536202,202606,2026-06-15,0.3809571,0.3563748079877112,Bottom 70% - Lower Risk
2545671,202606,2026-06-15,0.38093382,0.3564929693961952,Bottom 70% - Lower Risk
2006504,202606,2026-06-15,0.3808425,0.3566111308046792,Bottom 70% - Lower Risk
2384595,202606,2026-06-15,0.3808424,0.3567292922131632,Bottom 70% - Lower Risk
2148456,202606,2026-06-15,0.38076603,0.35684745362164716,Bottom 70% - Lower Risk
2396624,202606,2026-06-15,0.38074544,0.35696561503013113,Bottom 70% - Lower Risk
2464348,202606,2026-06-15,0.38073415,0.35708377643861516,Bottom 70% - Lower Risk
2252022,202606,2026-06-15,0.3807229,0.35720193784709914,Bottom 70% - Lower Risk
2503420,202606,2026-06-15,0.38071707,0.3573200992555831,Bottom 70% - Lower Risk
2035868,202606,2026-06-15,0.38071707,0.35743826066406714,Bottom 70% - Lower Risk
2135501,202606,2026-06-15,0.38071615,0.3575564220725511,Bottom 70% - Lower Risk
2157980,202606,2026-06-15,0.3807104,0.3576745834810351,Bottom 70% - Lower Risk
2245864,202606,2026-06-15,0.38069582,0.35779274488951907,Bottom 70% - Lower Risk
2262611,202606,2026-06-15,0.38068298,0.3579109062980031,Bottom 70% - Lower Risk
2005313,202606,2026-06-15,0.38066155,0.35802906770648707,Bottom 70% - Lower Risk
2591782,202606,2026-06-15,0.38064393,0.35814722911497104,Bottom 70% - Lower Risk
2049620,202606,2026-06-15,0.38057485,0.358265390523455,Bottom 70% - Lower Risk
2570701,202606,2026-06-15,0.38053113,0.35838355193193905,Bottom 70% - Lower Risk
2125012,202606,2026-06-15,0.38050124,0.358501713340423,Bottom 70% - Lower Risk
2140398,202606,2026-06-15,0.38049746,0.358619874748907,Bottom 70% - Lower Risk
2331502,202606,2026-06-15,0.38048786,0.35873803615739097,Bottom 70% - Lower Risk
2271313,202606,2026-06-15,0.38045764,0.358856197565875,Bottom 70% - Lower Risk
2471966,202606,2026-06-15,0.38041794,0.358974358974359,Bottom 70% - Lower Risk
2231092,202606,2026-06-15,0.38041586,0.35909252038284295,Bottom 70% - Lower Risk
2217104,202606,2026-06-15,0.38041586,0.359210681791327,Bottom 70% - Lower Risk
2123602,202606,2026-06-15,0.38035175,0.35932884319981095,Bottom 70% - Lower Risk
2304121,202606,2026-06-15,0.38032046,0.3595651660167789,Bottom 70% - Lower Risk
2104384,202606,2026-06-15,0.38032046,0.35968332742526293,Bottom 70% - Lower Risk
2464468,202606,2026-06-15,0.38032046,0.35944700460829493,Bottom 70% - Lower Risk
2323947,202606,2026-06-15,0.3803083,0.3598014888337469,Bottom 70% - Lower Risk
2566302,202606,2026-06-15,0.38030797,0.3599196502422309,Bottom 70% - Lower Risk
2494558,202606,2026-06-15,0.38030797,0.36003781165071486,Bottom 70% - Lower Risk
2469087,202606,2026-06-15,0.38028163,0.3601559730591989,Bottom 70% - Lower Risk
2040596,202605,2026-05-16,0.38027087,0.36027413446768286,Bottom 70% - Lower Risk
2251040,202606,2026-06-15,0.38026935,0.36039229587616683,Bottom 70% - Lower Risk
2114679,202606,2026-06-15,0.38025698,0.3605104572846508,Bottom 70% - Lower Risk
2295996,202606,2026-06-15,0.38025698,0.36062861869313484,Bottom 70% - Lower Risk
2141082,202606,2026-06-15,0.38023618,0.3607467801016188,Bottom 70% - Lower Risk
2541703,202606,2026-06-15,0.3802346,0.3608649415101028,Bottom 70% - Lower Risk
2198885,202606,2026-06-15,0.3802073,0.3611012643270708,Bottom 70% - Lower Risk
2067025,202606,2026-06-15,0.3802073,0.36098310291858676,Bottom 70% - Lower Risk
2501389,202606,2026-06-15,0.38009185,0.36121942573555477,Bottom 70% - Lower Risk
2130989,202606,2026-06-15,0.38006723,0.36145574855252277,Bottom 70% - Lower Risk
2110775,202606,2026-06-15,0.38006723,0.36133758714403874,Bottom 70% - Lower Risk
2318387,202606,2026-06-15,0.38006467,0.3616920713694907,Bottom 70% - Lower Risk
2036998,202606,2026-06-15,0.38006467,0.36157390996100675,Bottom 70% - Lower Risk
2239984,202606,2026-06-15,0.38005614,0.3618102327779747,Bottom 70% - Lower Risk
2477812,202606,2026-06-15,0.38004875,0.3619283941864587,Bottom 70% - Lower Risk
2277889,202606,2026-06-15,0.38003713,0.3620465555949427,Bottom 70% - Lower Risk
2380788,202606,2026-06-15,0.3800252,0.3621647170034267,Bottom 70% - Lower Risk
2516370,202603,2026-03-18,0.38000903,0.36228287841191065,Bottom 70% - Lower Risk
2595239,202606,2026-06-15,0.37999213,0.3624010398203947,Bottom 70% - Lower Risk
2266597,202606,2026-06-15,0.379992,0.36251920122887865,Bottom 70% - Lower Risk
2076657,202606,2026-06-15,0.37999174,0.3626373626373626,Bottom 70% - Lower Risk
2033030,202606,2026-06-15,0.3799876,0.3627555240458466,Bottom 70% - Lower Risk
2164557,202606,2026-06-15,0.37998465,0.36287368545433063,Bottom 70% - Lower Risk
2294331,202606,2026-06-15,0.37997088,0.3629918468628146,Bottom 70% - Lower Risk
2430712,202606,2026-06-15,0.37995037,0.3631100082712986,Bottom 70% - Lower Risk
2264533,202606,2026-06-15,0.3799356,0.3632281696797826,Bottom 70% - Lower Risk
2546751,202606,2026-06-15,0.37993273,0.3633463310882666,Bottom 70% - Lower Risk
2222113,202606,2026-06-15,0.37990078,0.36346449249675056,Bottom 70% - Lower Risk
2277308,202606,2026-06-15,0.37988207,0.36358265390523453,Bottom 70% - Lower Risk
2481375,202606,2026-06-15,0.37988207,0.36370081531371856,Bottom 70% - Lower Risk
2419064,202606,2026-06-15,0.37986615,0.36381897672220254,Bottom 70% - Lower Risk
2174953,202606,2026-06-15,0.37985682,0.3640552995391705,Bottom 70% - Lower Risk
2531401,202606,2026-06-15,0.37985682,0.3639371381306865,Bottom 70% - Lower Risk
2413212,202606,2026-06-15,0.37984955,0.3641734609476545,Bottom 70% - Lower Risk
2081813,202606,2026-06-15,0.3798494,0.3642916223561385,Bottom 70% - Lower Risk
2520054,202606,2026-06-15,0.37981838,0.36440978376462246,Bottom 70% - Lower Risk
2421228,202606,2026-06-15,0.37981462,0.36452794517310644,Bottom 70% - Lower Risk
2140367,202606,2026-06-15,0.37981462,0.36464610658159047,Bottom 70% - Lower Risk
2465136,202606,2026-06-15,0.3797972,0.3651187522155264,Bottom 70% - Lower Risk
2511546,202606,2026-06-15,0.3797972,0.3654732364409784,Bottom 70% - Lower Risk
2463699,202606,2026-06-15,0.3797972,0.36476426799007444,Bottom 70% - Lower Risk
2487200,202606,2026-06-15,0.3797972,0.3652369136240104,Bottom 70% - Lower Risk
2374668,202606,2026-06-15,0.3797972,0.36500059080704245,Bottom 70% - Lower Risk
2293405,202606,2026-06-15,0.3797972,0.3648824293985584,Bottom 70% - Lower Risk
2366198,202606,2026-06-15,0.3797972,0.36535507503249437,Bottom 70% - Lower Risk
2480685,202606,2026-06-15,0.37977615,0.3655913978494624,Bottom 70% - Lower Risk
2552551,202606,2026-06-15,0.3796946,0.36570955925794635,Bottom 70% - Lower Risk
2177529,202606,2026-06-15,0.37967062,0.36594588207491435,Bottom 70% - Lower Risk
2403716,202606,2026-06-15,0.37967062,0.3658277206664303,Bottom 70% - Lower Risk
2298410,202606,2026-06-15,0.37963468,0.3660640434833983,Bottom 70% - Lower Risk
2479119,202606,2026-06-15,0.37963313,0.3661822048918823,Bottom 70% - Lower Risk
2274405,202606,2026-06-15,0.3796276,0.3663003663003663,Bottom 70% - Lower Risk
2406377,202606,2026-06-15,0.3796089,0.3664185277088503,Bottom 70% - Lower Risk
2507079,202606,2026-06-15,0.3796078,0.3665366891173343,Bottom 70% - Lower Risk
2487491,202606,2026-06-15,0.3796078,0.36665485052581825,Bottom 70% - Lower Risk
2558447,202606,2026-06-15,0.37960058,0.3667730119343023,Bottom 70% - Lower Risk
2465424,202606,2026-06-15,0.37957537,0.36689117334278626,Bottom 70% - Lower Risk
2612038,202606,2026-06-15,0.37955463,0.36700933475127023,Bottom 70% - Lower Risk
2058429,202606,2026-06-15,0.37955195,0.3671274961597542,Bottom 70% - Lower Risk
2121534,202606,2026-06-15,0.37954032,0.36724565756823824,Bottom 70% - Lower Risk
2314210,202606,2026-06-15,0.37953827,0.3673638189767222,Bottom 70% - Lower Risk
2122405,202606,2026-06-15,0.37953663,0.3674819803852062,Bottom 70% - Lower Risk
2086573,202606,2026-06-15,0.37953663,0.36760014179369016,Bottom 70% - Lower Risk
2533927,202606,2026-06-15,0.37946582,0.36795462601914214,Bottom 70% - Lower Risk
2359585,202606,2026-06-15,0.37946582,0.36783646461065816,Bottom 70% - Lower Risk
2604918,202606,2026-06-15,0.37946582,0.3677183032021742,Bottom 70% - Lower Risk
2557944,202606,2026-06-15,0.37943012,0.3680727874276261,Bottom 70% - Lower Risk
2178901,202606,2026-06-15,0.37942916,0.36819094883611014,Bottom 70% - Lower Risk
2536724,202606,2026-06-15,0.37938434,0.3683091102445941,Bottom 70% - Lower Risk
2230790,202606,2026-06-15,0.37937728,0.3684272716530781,Bottom 70% - Lower Risk
2366991,202606,2026-06-15,0.37937373,0.36854543306156207,Bottom 70% - Lower Risk
2268515,202606,2026-06-15,0.37936684,0.3686635944700461,Bottom 70% - Lower Risk
2284608,202606,2026-06-15,0.37936094,0.36878175587853007,Bottom 70% - Lower Risk
2359518,202606,2026-06-15,0.37934315,0.36889991728701405,Bottom 70% - Lower Risk
2138402,202606,2026-06-15,0.37933952,0.36937256292095,Bottom 70% - Lower Risk
2390791,202606,2026-06-15,0.37933952,0.369254401512466,Bottom 70% - Lower Risk
2355924,202606,2026-06-15,0.37933952,0.36913624010398205,Bottom 70% - Lower Risk
2361374,202606,2026-06-15,0.37933952,0.3690180786954981,Bottom 70% - Lower Risk
2458504,202606,2026-06-15,0.37930638,0.36949072432943403,Bottom 70% - Lower Risk
2153604,202606,2026-06-15,0.37929833,0.369608885737918,Bottom 70% - Lower Risk
2525176,202606,2026-06-15,0.37929833,0.369727047146402,Bottom 70% - Lower Risk
2282511,202606,2026-06-15,0.37929833,0.37019969278033793,Bottom 70% - Lower Risk
2153348,202606,2026-06-15,0.37929833,0.36996336996337,Bottom 70% - Lower Risk
2570487,202606,2026-06-15,0.37929833,0.37008153137185396,Bottom 70% - Lower Risk
2352144,202606,2026-06-15,0.37929833,0.36984520855488595,Bottom 70% - Lower Risk
2467257,202606,2026-06-15,0.37928966,0.3703178541888219,Bottom 70% - Lower Risk
2155989,202606,2026-06-15,0.37926972,0.37043601559730593,Bottom 70% - Lower Risk
2578200,202606,2026-06-15,0.37923157,0.3705541770057899,Bottom 70% - Lower Risk
2520013,202606,2026-06-15,0.37921977,0.3706723384142739,Bottom 70% - Lower Risk
2308338,202606,2026-06-15,0.3791856,0.3707904998227579,Bottom 70% - Lower Risk
2216062,202606,2026-06-15,0.37914723,0.3709086612312419,Bottom 70% - Lower Risk
2393326,202606,2026-06-15,0.37913954,0.37126314545669387,Bottom 70% - Lower Risk
2562920,202606,2026-06-15,0.37913954,0.37114498404820984,Bottom 70% - Lower Risk
2393627,202606,2026-06-15,0.37913954,0.37102682263972586,Bottom 70% - Lower Risk
2296058,202606,2026-06-15,0.37913847,0.37138130686517784,Bottom 70% - Lower Risk
2181047,202606,2026-06-15,0.37910956,0.3714994682736618,Bottom 70% - Lower Risk
2558032,202606,2026-06-15,0.37910774,0.3716176296821458,Bottom 70% - Lower Risk
2462781,202606,2026-06-15,0.37905326,0.3717357910906298,Bottom 70% - Lower Risk
2128810,202606,2026-06-15,0.37904716,0.3718539524991138,Bottom 70% - Lower Risk
2466984,202606,2026-06-15,0.3790367,0.37197211390759777,Bottom 70% - Lower Risk
2273793,202606,2026-06-15,0.3790367,0.37209027531608174,Bottom 70% - Lower Risk
2412589,202606,2026-06-15,0.37903523,0.37220843672456577,Bottom 70% - Lower Risk
2432008,202606,2026-06-15,0.3790156,0.37232659813304975,Bottom 70% - Lower Risk
2281516,202606,2026-06-15,0.37900677,0.3724447595415337,Bottom 70% - Lower Risk
2483947,202606,2026-06-15,0.3789768,0.37256292095001775,Bottom 70% - Lower Risk
2217668,202606,2026-06-15,0.37897262,0.3726810823585017,Bottom 70% - Lower Risk
2276492,202512,2025-12-16,0.37896731,0.3727992437669857,Bottom 70% - Lower Risk
2541689,202606,2026-06-15,0.37896594,0.3729174051754697,Bottom 70% - Lower Risk
2456142,202606,2026-06-15,0.37896293,0.3730355665839537,Bottom 70% - Lower Risk
2491081,202606,2026-06-15,0.3789575,0.3731537279924377,Bottom 70% - Lower Risk
2263613,202606,2026-06-15,0.37894976,0.37327188940092165,Bottom 70% - Lower Risk
2229674,202606,2026-06-15,0.3789339,0.3733900508094056,Bottom 70% - Lower Risk
2313401,202606,2026-06-15,0.37892792,0.37350821221788966,Bottom 70% - Lower Risk
2587588,202606,2026-06-15,0.37892053,0.37362637362637363,Bottom 70% - Lower Risk
2490846,202606,2026-06-15,0.37890932,0.3737445350348576,Bottom 70% - Lower Risk
2145489,202606,2026-06-15,0.3789047,0.3738626964433416,Bottom 70% - Lower Risk
2513916,202606,2026-06-15,0.37888205,0.3739808578518256,Bottom 70% - Lower Risk
2079806,202606,2026-06-15,0.37888125,0.3740990192603096,Bottom 70% - Lower Risk
2596184,202606,2026-06-15,0.37887618,0.37421718066879356,Bottom 70% - Lower Risk
2257962,202606,2026-06-15,0.37887618,0.3743353420772776,Bottom 70% - Lower Risk
2537682,202606,2026-06-15,0.3788744,0.37445350348576156,Bottom 70% - Lower Risk
2262770,202606,2026-06-15,0.3788618,0.37480798771121354,Bottom 70% - Lower Risk
2105112,202606,2026-06-15,0.3788618,0.3746898263027295,Bottom 70% - Lower Risk
2231759,202606,2026-06-15,0.3788618,0.37457166489424554,Bottom 70% - Lower Risk
2105575,202606,2026-06-15,0.37884763,0.3749261491196975,Bottom 70% - Lower Risk
2080557,202606,2026-06-15,0.37884682,0.3750443105281815,Bottom 70% - Lower Risk
2391016,202606,2026-06-15,0.37881562,0.37516247193666546,Bottom 70% - Lower Risk
2280098,202606,2026-06-15,0.37877208,0.3752806333451495,Bottom 70% - Lower Risk
2128487,202606,2026-06-15,0.37877208,0.37539879475363347,Bottom 70% - Lower Risk
2089228,202606,2026-06-15,0.37876916,0.37551695616211744,Bottom 70% - Lower Risk
2534629,202606,2026-06-15,0.37876034,0.3756351175706014,Bottom 70% - Lower Risk
2334555,202603,2026-03-18,0.37875506,0.37575327897908545,Bottom 70% - Lower Risk
2300768,202606,2026-06-15,0.37867478,0.3758714403875694,Bottom 70% - Lower Risk
2435389,202606,2026-06-15,0.37865263,0.3759896017960534,Bottom 70% - Lower Risk
2464422,202606,2026-06-15,0.37864485,0.37610776320453737,Bottom 70% - Lower Risk
2556001,202606,2026-06-15,0.37863606,0.3762259246130214,Bottom 70% - Lower Risk
2549725,202606,2026-06-15,0.3785609,0.3763440860215054,Bottom 70% - Lower Risk
2206255,202606,2026-06-15,0.3785408,0.37646224742998935,Bottom 70% - Lower Risk
2318398,202606,2026-06-15,0.3785349,0.3765804088384734,Bottom 70% - Lower Risk
2603948,202606,2026-06-15,0.37852126,0.37669857024695735,Bottom 70% - Lower Risk
2316647,202606,2026-06-15,0.37851968,0.37681673165544133,Bottom 70% - Lower Risk
2519721,202606,2026-06-15,0.37851414,0.3769348930639253,Bottom 70% - Lower Risk
2079679,202606,2026-06-15,0.37848923,0.37705305447240933,Bottom 70% - Lower Risk
2187693,202606,2026-06-15,0.37846628,0.3771712158808933,Bottom 70% - Lower Risk
2380879,202606,2026-06-15,0.37846428,0.3772893772893773,Bottom 70% - Lower Risk
2083390,202606,2026-06-15,0.37845507,0.37740753869786126,Bottom 70% - Lower Risk
2186933,202606,2026-06-15,0.37844592,0.3775257001063453,Bottom 70% - Lower Risk
2483239,202606,2026-06-15,0.37844095,0.37764386151482926,Bottom 70% - Lower Risk
2136293,202606,2026-06-15,0.3784347,0.37776202292331323,Bottom 70% - Lower Risk
2397465,202606,2026-06-15,0.3784336,0.3778801843317972,Bottom 70% - Lower Risk
2266756,202606,2026-06-15,0.37842262,0.37799834574028124,Bottom 70% - Lower Risk
2501976,202606,2026-06-15,0.37841955,0.3781165071487652,Bottom 70% - Lower Risk
2123422,202606,2026-06-15,0.3784164,0.3782346685572492,Bottom 70% - Lower Risk
2427853,202606,2026-06-15,0.37840962,0.3783528299657332,Bottom 70% - Lower Risk
2169353,202606,2026-06-15,0.37838152,0.3784709913742172,Bottom 70% - Lower Risk
2027989,202606,2026-06-15,0.3783612,0.37858915278270117,Bottom 70% - Lower Risk
2393971,202606,2026-06-15,0.37835485,0.37870731419118514,Bottom 70% - Lower Risk
2199455,202606,2026-06-15,0.378354,0.37882547559966917,Bottom 70% - Lower Risk
2125859,202606,2026-06-15,0.37834686,0.37894363700815314,Bottom 70% - Lower Risk
2508529,202606,2026-06-15,0.37834686,0.3790617984166371,Bottom 70% - Lower Risk
2330551,202606,2026-06-15,0.37832358,0.3791799598251211,Bottom 70% - Lower Risk
2275135,202606,2026-06-15,0.3783113,0.3792981212336051,Bottom 70% - Lower Risk
2078696,202606,2026-06-15,0.37826538,0.3794162826420891,Bottom 70% - Lower Risk
2225722,202606,2026-06-15,0.37825632,0.37953444405057307,Bottom 70% - Lower Risk
2184830,202606,2026-06-15,0.3782472,0.37965260545905705,Bottom 70% - Lower Risk
2374893,202606,2026-06-15,0.3781906,0.3797707668675411,Bottom 70% - Lower Risk
2321851,202606,2026-06-15,0.3781906,0.37988892827602505,Bottom 70% - Lower Risk
2561658,202606,2026-06-15,0.37816954,0.380007089684509,Bottom 70% - Lower Risk
2108941,202606,2026-06-15,0.37816715,0.38012525109299306,Bottom 70% - Lower Risk
2361906,202606,2026-06-15,0.378157,0.38024341250147703,Bottom 70% - Lower Risk
2373321,202606,2026-06-15,0.37815487,0.380361573909961,Bottom 70% - Lower Risk
2489513,202606,2026-06-15,0.37815318,0.380479735318445,Bottom 70% - Lower Risk
2352991,202606,2026-06-15,0.37810972,0.380597896726929,Bottom 70% - Lower Risk
2200926,202606,2026-06-15,0.3780914,0.380716058135413,Bottom 70% - Lower Risk
2440359,202605,2026-05-16,0.3780896,0.38083421954389696,Bottom 70% - Lower Risk
2146011,202606,2026-06-15,0.37807992,0.38107054236086496,Bottom 70% - Lower Risk
2586988,202606,2026-06-15,0.37807992,0.38095238095238093,Bottom 70% - Lower Risk
2136257,202606,2026-06-15,0.3780791,0.38118870376934894,Bottom 70% - Lower Risk
2180568,202606,2026-06-15,0.37807783,0.3813068651778329,Bottom 70% - Lower Risk
2008378,202606,2026-06-15,0.3780548,0.3814250265863169,Bottom 70% - Lower Risk
2298371,202606,2026-06-15,0.3780548,0.3815431879948009,Bottom 70% - Lower Risk
2181933,202606,2026-06-15,0.3780335,0.3816613494032849,Bottom 70% - Lower Risk
2097485,202606,2026-06-15,0.37802953,0.38177951081176886,Bottom 70% - Lower Risk
2480283,202606,2026-06-15,0.37802953,0.3818976722202529,Bottom 70% - Lower Risk
2267125,202606,2026-06-15,0.37802953,0.38201583362873687,Bottom 70% - Lower Risk
2574236,202606,2026-06-15,0.3780256,0.38213399503722084,Bottom 70% - Lower Risk
2098882,202606,2026-06-15,0.37802413,0.3822521564457048,Bottom 70% - Lower Risk
2191877,202606,2026-06-15,0.37802407,0.38237031785418885,Bottom 70% - Lower Risk
2400665,202606,2026-06-15,0.37801963,0.3824884792626728,Bottom 70% - Lower Risk
2155474,202606,2026-06-15,0.37800485,0.3826066406711568,Bottom 70% - Lower Risk
2557103,202606,2026-06-15,0.3779992,0.38272480207964077,Bottom 70% - Lower Risk
2595134,202606,2026-06-15,0.37793356,0.3828429634881248,Bottom 70% - Lower Risk
2188502,202606,2026-06-15,0.37791649,0.3829611248966088,Bottom 70% - Lower Risk
2456515,202606,2026-06-15,0.3779039,0.38307928630509275,Bottom 70% - Lower Risk
2345506,202606,2026-06-15,0.37784111,0.3831974477135767,Bottom 70% - Lower Risk
2233527,202606,2026-06-15,0.3777843,0.38331560912206075,Bottom 70% - Lower Risk
2341350,202606,2026-06-15,0.3777782,0.3834337705305447,Bottom 70% - Lower Risk
2333749,202606,2026-06-15,0.37773174,0.3835519319390287,Bottom 70% - Lower Risk
2052681,202606,2026-06-15,0.37772477,0.3836700933475127,Bottom 70% - Lower Risk
2576524,202606,2026-06-15,0.37771347,0.3837882547559967,Bottom 70% - Lower Risk
2224618,202606,2026-06-15,0.3776833,0.38402457757296465,Bottom 70% - Lower Risk
2113533,202606,2026-06-15,0.3776833,0.3839064161644807,Bottom 70% - Lower Risk
2366513,202606,2026-06-15,0.37766448,0.3841427389814487,Bottom 70% - Lower Risk
2460810,202606,2026-06-15,0.37763673,0.38426090038993266,Bottom 70% - Lower Risk
2255910,202606,2026-06-15,0.37762803,0.38437906179841663,Bottom 70% - Lower Risk
2383338,202606,2026-06-15,0.377626,0.3844972232069006,Bottom 70% - Lower Risk
2163523,202606,2026-06-15,0.37758893,0.38461538461538464,Bottom 70% - Lower Risk
2585718,202606,2026-06-15,0.377563,0.3847335460238686,Bottom 70% - Lower Risk
2390153,202606,2026-06-15,0.37754795,0.3848517074323526,Bottom 70% - Lower Risk
2487137,202606,2026-06-15,0.37753972,0.38556067588325654,Bottom 70% - Lower Risk
2331315,202606,2026-06-15,0.37753972,0.3850880302493206,Bottom 70% - Lower Risk
2291987,202606,2026-06-15,0.37753972,0.3854425144747725,Bottom 70% - Lower Risk
2327464,202606,2026-06-15,0.37753972,0.38496986884083656,Bottom 70% - Lower Risk
2511704,202606,2026-06-15,0.37753972,0.38532435306628854,Bottom 70% - Lower Risk
2600766,202606,2026-06-15,0.37753972,0.38520619165780456,Bottom 70% - Lower Risk
2080672,202606,2026-06-15,0.37753347,0.3856788372917405,Bottom 70% - Lower Risk
2605355,202606,2026-06-15,0.37752768,0.3857969987002245,Bottom 70% - Lower Risk
2596290,202606,2026-06-15,0.37752768,0.3859151601087085,Bottom 70% - Lower Risk
2167123,202606,2026-06-15,0.37752768,0.3860333215171925,Bottom 70% - Lower Risk
2303931,202606,2026-06-15,0.37752333,0.38615148292567647,Bottom 70% - Lower Risk
2245096,202606,2026-06-15,0.37750608,0.38626964433416044,Bottom 70% - Lower Risk
2591357,202606,2026-06-15,0.37746716,0.3863878057426445,Bottom 70% - Lower Risk
2333600,202606,2026-06-15,0.37746716,0.38650596715112845,Bottom 70% - Lower Risk
2550057,202606,2026-06-15,0.37743977,0.3866241285596124,Bottom 70% - Lower Risk
2322498,202606,2026-06-15,0.37743217,0.3867422899680964,Bottom 70% - Lower Risk
2544042,202606,2026-06-15,0.3774164,0.3868604513765804,Bottom 70% - Lower Risk
2448283,202606,2026-06-15,0.37740424,0.3869786127850644,Bottom 70% - Lower Risk
2448002,202606,2026-06-15,0.37740344,0.3870967741935484,Bottom 70% - Lower Risk
2345982,202606,2026-06-15,0.37736407,0.38721493560203235,Bottom 70% - Lower Risk
2285325,202606,2026-06-15,0.37735197,0.3873330970105164,Bottom 70% - Lower Risk
2362178,202606,2026-06-15,0.37731633,0.38745125841900036,Bottom 70% - Lower Risk
2149269,202606,2026-06-15,0.37731272,0.38756941982748433,Bottom 70% - Lower Risk
2319694,202606,2026-06-15,0.3773049,0.38768758123596836,Bottom 70% - Lower Risk
2157903,202603,2026-03-18,0.3772751,0.38780574264445233,Bottom 70% - Lower Risk
2541870,202606,2026-06-15,0.37725788,0.3879239040529363,Bottom 70% - Lower Risk
2549383,202606,2026-06-15,0.37724015,0.3880420654614203,Bottom 70% - Lower Risk
2353191,202606,2026-06-15,0.37717596,0.3881602268699043,Bottom 70% - Lower Risk
2184144,202606,2026-06-15,0.37716174,0.3882783882783883,Bottom 70% - Lower Risk
2517679,202606,2026-06-15,0.37714627,0.38839654968687226,Bottom 70% - Lower Risk
2483446,202606,2026-06-15,0.37712756,0.38863287250384027,Bottom 70% - Lower Risk
2122190,202606,2026-06-15,0.37712756,0.38851471109535624,Bottom 70% - Lower Risk
2491513,202606,2026-06-15,0.37707382,0.38875103391232424,Bottom 70% - Lower Risk
2063863,202606,2026-06-15,0.3770732,0.3888691953208082,Bottom 70% - Lower Risk
2170406,202602,2026-02-15,0.37705866,0.3889873567292922,Bottom 70% - Lower Risk
2543972,202606,2026-06-15,0.37696534,0.3891055181377762,Bottom 70% - Lower Risk
2489507,202606,2026-06-15,0.37695956,0.3892236795462602,Bottom 70% - Lower Risk
2101588,202606,2026-06-15,0.37694818,0.38934184095474417,Bottom 70% - Lower Risk
2557719,202606,2026-06-15,0.37694266,0.3894600023632282,Bottom 70% - Lower Risk
2177721,202606,2026-06-15,0.3769367,0.38957816377171217,Bottom 70% - Lower Risk
2452628,202606,2026-06-15,0.3769299,0.38969632518019615,Bottom 70% - Lower Risk
2385111,202606,2026-06-15,0.37687814,0.3898144865886801,Bottom 70% - Lower Risk
2086574,202606,2026-06-15,0.37687036,0.38993264799716415,Bottom 70% - Lower Risk
2243192,202606,2026-06-15,0.37684035,0.3900508094056481,Bottom 70% - Lower Risk
2365186,202606,2026-06-15,0.37683982,0.3901689708141321,Bottom 70% - Lower Risk
2198098,202606,2026-06-15,0.3768351,0.3902871322226161,Bottom 70% - Lower Risk
2111217,202606,2026-06-15,0.3768351,0.3904052936311001,Bottom 70% - Lower Risk
2490605,202606,2026-06-15,0.37683102,0.3905234550395841,Bottom 70% - Lower Risk
2536508,202606,2026-06-15,0.37683102,0.390759777856552,Bottom 70% - Lower Risk
2296962,202606,2026-06-15,0.37683102,0.39064161644806805,Bottom 70% - Lower Risk
2318597,202606,2026-06-15,0.37683102,0.39087793926503606,Bottom 70% - Lower Risk
2424521,202606,2026-06-15,0.37677684,0.39099610067352003,Bottom 70% - Lower Risk
2408912,202606,2026-06-15,0.37674755,0.391114262082004,Bottom 70% - Lower Risk
2425379,202606,2026-06-15,0.37674755,0.391232423490488,Bottom 70% - Lower Risk
2182930,202606,2026-06-15,0.37670842,0.391350584898972,Bottom 70% - Lower Risk
2019607,202606,2026-06-15,0.37670842,0.391468746307456,Bottom 70% - Lower Risk
2139411,202606,2026-06-15,0.37670842,0.39158690771593996,Bottom 70% - Lower Risk
2129668,202606,2026-06-15,0.3766908,0.39182323053290796,Bottom 70% - Lower Risk
2545847,202606,2026-06-15,0.3766908,0.391705069124424,Bottom 70% - Lower Risk
2489925,202606,2026-06-15,0.37668476,0.3920595533498759,Bottom 70% - Lower Risk
2271631,202606,2026-06-15,0.37668476,0.39194139194139194,Bottom 70% - Lower Risk
2280814,202606,2026-06-15,0.37668476,0.39217771475835994,Bottom 70% - Lower Risk
2504556,202606,2026-06-15,0.3766,0.3924140375753279,Bottom 70% - Lower Risk
2546083,202606,2026-06-15,0.3766,0.3922958761668439,Bottom 70% - Lower Risk
2271825,202606,2026-06-15,0.37658334,0.39253219898381186,Bottom 70% - Lower Risk
2405662,202606,2026-06-15,0.3765795,0.3926503603922959,Bottom 70% - Lower Risk
2286217,202606,2026-06-15,0.37656128,0.39276852180077987,Bottom 70% - Lower Risk
2226150,202606,2026-06-15,0.37655786,0.39288668320926384,Bottom 70% - Lower Risk
2089428,202606,2026-06-15,0.37655342,0.3930048446177478,Bottom 70% - Lower Risk
2132674,202606,2026-06-15,0.3765498,0.39312300602623185,Bottom 70% - Lower Risk
2050454,202606,2026-06-15,0.37652662,0.3932411674347158,Bottom 70% - Lower Risk
2570155,202606,2026-06-15,0.37648973,0.3933593288431998,Bottom 70% - Lower Risk
2187887,202606,2026-06-15,0.37648627,0.3934774902516838,Bottom 70% - Lower Risk
2454499,202606,2026-06-15,0.37647977,0.3935956516601678,Bottom 70% - Lower Risk
2373387,202606,2026-06-15,0.37646323,0.3937138130686518,Bottom 70% - Lower Risk
2182006,202606,2026-06-15,0.37642354,0.39383197447713575,Bottom 70% - Lower Risk
2085909,202606,2026-06-15,0.37640017,0.3939501358856198,Bottom 70% - Lower Risk
2211425,202606,2026-06-15,0.3763819,0.39406829729410375,Bottom 70% - Lower Risk
2306935,202606,2026-06-15,0.3763288,0.3941864587025877,Bottom 70% - Lower Risk
2235382,202606,2026-06-15,0.37630805,0.3943046201110717,Bottom 70% - Lower Risk
2501883,202606,2026-06-15,0.376304,0.39442278151955573,Bottom 70% - Lower Risk
2321350,202606,2026-06-15,0.37629205,0.3945409429280397,Bottom 70% - Lower Risk
2442181,202606,2026-06-15,0.3762761,0.3946591043365237,Bottom 70% - Lower Risk
2294452,202606,2026-06-15,0.37625867,0.39477726574500765,Bottom 70% - Lower Risk
2122919,202606,2026-06-15,0.37623852,0.39501358856197566,Bottom 70% - Lower Risk
2024473,202606,2026-06-15,0.37623852,0.3948954271534917,Bottom 70% - Lower Risk
2032555,202606,2026-06-15,0.3762271,0.39513174997045963,Bottom 70% - Lower Risk
2198670,202606,2026-06-15,0.3762209,0.39524991137894366,Bottom 70% - Lower Risk
2180402,202606,2026-06-15,0.37621328,0.39536807278742764,Bottom 70% - Lower Risk
2086199,202606,2026-06-15,0.37621328,0.3954862341959116,Bottom 70% - Lower Risk
2298590,202606,2026-06-15,0.3761393,0.3957225570128796,Bottom 70% - Lower Risk
2243574,202606,2026-06-15,0.3761393,0.3956043956043956,Bottom 70% - Lower Risk
2297474,202606,2026-06-15,0.37613508,0.3958407184213636,Bottom 70% - Lower Risk
2413115,202606,2026-06-15,0.37610495,0.39595887982984757,Bottom 70% - Lower Risk
2181840,202606,2026-06-15,0.37607437,0.39607704123833154,Bottom 70% - Lower Risk
2281965,202606,2026-06-15,0.37607145,0.39619520264681557,Bottom 70% - Lower Risk
2129853,202606,2026-06-15,0.3760539,0.39631336405529954,Bottom 70% - Lower Risk
2173374,202606,2026-06-15,0.37601927,0.3964315254637835,Bottom 70% - Lower Risk
2589747,202606,2026-06-15,0.37601927,0.3965496868722675,Bottom 70% - Lower Risk
2018317,202606,2026-06-15,0.37601867,0.3966678482807515,Bottom 70% - Lower Risk
2548031,202606,2026-06-15,0.3759826,0.3967860096892355,Bottom 70% - Lower Risk
2082456,202606,2026-06-15,0.3759699,0.39690417109771947,Bottom 70% - Lower Risk
2520469,202606,2026-06-15,0.3759699,0.3970223325062035,Bottom 70% - Lower Risk
2447885,202606,2026-06-15,0.3759699,0.3971404939146875,Bottom 70% - Lower Risk
2482540,202606,2026-06-15,0.37596777,0.39725865532317145,Bottom 70% - Lower Risk
2139469,202606,2026-06-15,0.37596366,0.3973768167316554,Bottom 70% - Lower Risk
2190086,202606,2026-06-15,0.37594986,0.39749497814013945,Bottom 70% - Lower Risk
2598152,202606,2026-06-15,0.37593627,0.39761313954862343,Bottom 70% - Lower Risk
2173228,202606,2026-06-15,0.3759348,0.3977313009571074,Bottom 70% - Lower Risk
2594989,202606,2026-06-15,0.37591824,0.3980857851825594,Bottom 70% - Lower Risk
2595837,202606,2026-06-15,0.37591824,0.3979676237740754,Bottom 70% - Lower Risk
2327904,202606,2026-06-15,0.37591824,0.3978494623655914,Bottom 70% - Lower Risk
2076451,202606,2026-06-15,0.37588197,0.39820394659104336,Bottom 70% - Lower Risk
2237080,202606,2026-06-15,0.37585732,0.39832210799952733,Bottom 70% - Lower Risk
2584902,202606,2026-06-15,0.37584406,0.39844026940801136,Bottom 70% - Lower Risk
2248269,202606,2026-06-15,0.37584293,0.39855843081649533,Bottom 70% - Lower Risk
2324915,202606,2026-06-15,0.37583962,0.3986765922249793,Bottom 70% - Lower Risk
2237735,202606,2026-06-15,0.3758222,0.3987947536334633,Bottom 70% - Lower Risk
2180642,202606,2026-06-15,0.3758122,0.3989129150419473,Bottom 70% - Lower Risk
2587295,202606,2026-06-15,0.3758122,0.3990310764504313,Bottom 70% - Lower Risk
2041631,202606,2026-06-15,0.37580627,0.39914923785891526,Bottom 70% - Lower Risk
2392225,202606,2026-06-15,0.37580028,0.3992673992673993,Bottom 70% - Lower Risk
2168054,202606,2026-06-15,0.37577242,0.39950372208436724,Bottom 70% - Lower Risk
2260551,202606,2026-06-15,0.37577242,0.39938556067588327,Bottom 70% - Lower Risk
2318885,202606,2026-06-15,0.37576202,0.3996218834928512,Bottom 70% - Lower Risk
2370713,202606,2026-06-15,0.37575996,0.39974004490133525,Bottom 70% - Lower Risk
2348920,202606,2026-06-15,0.37575948,0.3998582063098192,Bottom 70% - Lower Risk
2462116,202606,2026-06-15,0.37573582,0.40009452912678717,Bottom 70% - Lower Risk
2530542,202606,2026-06-15,0.37573582,0.3999763677183032,Bottom 70% - Lower Risk
2450304,202606,2026-06-15,0.3757296,0.4002126905352712,Bottom 70% - Lower Risk
2252328,202606,2026-06-15,0.3757197,0.4005671747607231,Bottom 70% - Lower Risk
2251864,202606,2026-06-15,0.3757197,0.4003308519437552,Bottom 70% - Lower Risk
2108307,202606,2026-06-15,0.3757197,0.40044901335223915,Bottom 70% - Lower Risk
2444319,202606,2026-06-15,0.3757152,0.4008034975776911,Bottom 70% - Lower Risk
2206313,202606,2026-06-15,0.3757152,0.40068533616920715,Bottom 70% - Lower Risk
2507640,202606,2026-06-15,0.37555873,0.4009216589861751,Bottom 70% - Lower Risk
2455669,202606,2026-06-15,0.37555286,0.40103982039465913,Bottom 70% - Lower Risk
2212885,202606,2026-06-15,0.37554604,0.4011579818031431,Bottom 70% - Lower Risk
2483473,202603,2026-03-18,0.37554422,0.4012761432116271,Bottom 70% - Lower Risk
2081480,202606,2026-06-15,0.37553403,0.40139430462011105,Bottom 70% - Lower Risk
2608468,202606,2026-06-15,0.37549043,0.4015124660285951,Bottom 70% - Lower Risk
2551353,202606,2026-06-15,0.37548834,0.40163062743707906,Bottom 70% - Lower Risk
2575783,202606,2026-06-15,0.37548754,0.40174878884556303,Bottom 70% - Lower Risk
2288944,202606,2026-06-15,0.37547678,0.401866950254047,Bottom 70% - Lower Risk
2037801,202606,2026-06-15,0.37547484,0.40198511166253104,Bottom 70% - Lower Risk
2096417,202606,2026-06-15,0.37547484,0.402103273071015,Bottom 70% - Lower Risk
2280663,202606,2026-06-15,0.3754746,0.402221434479499,Bottom 70% - Lower Risk
2198281,202606,2026-06-15,0.37546602,0.40233959588798296,Bottom 70% - Lower Risk
2264148,202606,2026-06-15,0.37546086,0.402457757296467,Bottom 70% - Lower Risk
2084858,202606,2026-06-15,0.37544572,0.40257591870495096,Bottom 70% - Lower Risk
2040750,202606,2026-06-15,0.37543893,0.40269408011343494,Bottom 70% - Lower Risk
2349842,202606,2026-06-15,0.37543383,0.40281224152191897,Bottom 70% - Lower Risk
2502194,202606,2026-06-15,0.3753913,0.40293040293040294,Bottom 70% - Lower Risk
2500146,202606,2026-06-15,0.37538022,0.4030485643388869,Bottom 70% - Lower Risk
2051140,202603,2026-03-18,0.37535775,0.4031667257473709,Bottom 70% - Lower Risk
2304881,202606,2026-06-15,0.37534922,0.4032848871558549,Bottom 70% - Lower Risk
2308302,202606,2026-06-15,0.37533325,0.4034030485643389,Bottom 70% - Lower Risk
2381660,202606,2026-06-15,0.375326,0.40352120997282287,Bottom 70% - Lower Risk
2474857,202606,2026-06-15,0.3753153,0.40363937138130684,Bottom 70% - Lower Risk
2505344,202606,2026-06-15,0.37530255,0.40387569419827485,Bottom 70% - Lower Risk
2411601,202606,2026-06-15,0.37530255,0.4037575327897909,Bottom 70% - Lower Risk
2531718,202606,2026-06-15,0.37529513,0.4039938556067588,Bottom 70% - Lower Risk
2067428,202606,2026-06-15,0.37529513,0.4041120170152428,Bottom 70% - Lower Risk
2612610,202606,2026-06-15,0.3752695,0.4042301784237268,Bottom 70% - Lower Risk
2588578,202606,2026-06-15,0.37526917,0.4043483398322108,Bottom 70% - Lower Risk
2457634,202606,2026-06-15,0.375266,0.4044665012406948,Bottom 70% - Lower Risk
2404058,202606,2026-06-15,0.37520093,0.4045846626491788,Bottom 70% - Lower Risk
2229899,202606,2026-06-15,0.37518865,0.4047028240576628,Bottom 70% - Lower Risk
2534111,202606,2026-06-15,0.37518734,0.40482098546614675,Bottom 70% - Lower Risk
2280568,202606,2026-06-15,0.37514922,0.40493914687463073,Bottom 70% - Lower Risk
2190234,202606,2026-06-15,0.37512773,0.40505730828311476,Bottom 70% - Lower Risk
2599696,202606,2026-06-15,0.37512773,0.40517546969159873,Bottom 70% - Lower Risk
2615343,202606,2026-06-15,0.3751082,0.4052936311000827,Bottom 70% - Lower Risk
2231121,202606,2026-06-15,0.37509966,0.4054117925085667,Bottom 70% - Lower Risk
2446117,202606,2026-06-15,0.37508836,0.4055299539170507,Bottom 70% - Lower Risk
2315103,202606,2026-06-15,0.37507978,0.4056481153255347,Bottom 70% - Lower Risk
2561827,202606,2026-06-15,0.37507766,0.40576627673401866,Bottom 70% - Lower Risk
2470644,202606,2026-06-15,0.37505898,0.40588443814250263,Bottom 70% - Lower Risk
2009683,202606,2026-06-15,0.37505084,0.40600259955098666,Bottom 70% - Lower Risk
2126610,202606,2026-06-15,0.37501526,0.40612076095947064,Bottom 70% - Lower Risk
2443171,202606,2026-06-15,0.37499097,0.4062389223679546,Bottom 70% - Lower Risk
2230795,202606,2026-06-15,0.37494972,0.4063570837764386,Bottom 70% - Lower Risk
2209617,202606,2026-06-15,0.37492526,0.4064752451849226,Bottom 70% - Lower Risk
2564580,202606,2026-06-15,0.37492526,0.4065934065934066,Bottom 70% - Lower Risk
2453363,202606,2026-06-15,0.37491107,0.40671156800189057,Bottom 70% - Lower Risk
2036797,202606,2026-06-15,0.3748882,0.4068297294103746,Bottom 70% - Lower Risk
2189674,202606,2026-06-15,0.3748882,0.40694789081885857,Bottom 70% - Lower Risk
2465011,202606,2026-06-15,0.37487373,0.40706605222734255,Bottom 70% - Lower Risk
2229027,202606,2026-06-15,0.37487373,0.4071842136358265,Bottom 70% - Lower Risk
2576901,202606,2026-06-15,0.37485516,0.40730237504431055,Bottom 70% - Lower Risk
2466611,202606,2026-06-15,0.37482592,0.4074205364527945,Bottom 70% - Lower Risk
2126821,202606,2026-06-15,0.3748158,0.4075386978612785,Bottom 70% - Lower Risk
2521332,202606,2026-06-15,0.37480286,0.4076568592697625,Bottom 70% - Lower Risk
2480974,202606,2026-06-15,0.3748013,0.4077750206782465,Bottom 70% - Lower Risk
2230640,202606,2026-06-15,0.3748013,0.4078931820867305,Bottom 70% - Lower Risk
2039524,202606,2026-06-15,0.37479025,0.40801134349521445,Bottom 70% - Lower Risk
2041367,202606,2026-06-15,0.37476534,0.4081295049036984,Bottom 70% - Lower Risk
2389321,202606,2026-06-15,0.37476534,0.40824766631218246,Bottom 70% - Lower Risk
2223673,202606,2026-06-15,0.37476534,0.40836582772066643,Bottom 70% - Lower Risk
2400274,202606,2026-06-15,0.37476468,0.4084839891291504,Bottom 70% - Lower Risk
2415369,202606,2026-06-15,0.37476173,0.40860215053763443,Bottom 70% - Lower Risk
2514564,202606,2026-06-15,0.3747587,0.4087203119461184,Bottom 70% - Lower Risk
2157545,202606,2026-06-15,0.37472996,0.4088384733546024,Bottom 70% - Lower Risk
2589596,202606,2026-06-15,0.3746886,0.40895663476308636,Bottom 70% - Lower Risk
2471317,202606,2026-06-15,0.3746592,0.4090747961715704,Bottom 70% - Lower Risk
2324408,202606,2026-06-15,0.37464577,0.40919295758005436,Bottom 70% - Lower Risk
2529489,202606,2026-06-15,0.37462386,0.4094292803970223,Bottom 70% - Lower Risk
2050214,202606,2026-06-15,0.37462386,0.40931111898853834,Bottom 70% - Lower Risk
2156572,202606,2026-06-15,0.37462088,0.40954744180550634,Bottom 70% - Lower Risk
2056585,202606,2026-06-15,0.37462023,0.4096656032139903,Bottom 70% - Lower Risk
2249726,202606,2026-06-15,0.3746131,0.4097837646224743,Bottom 70% - Lower Risk
2116632,202606,2026-06-15,0.37461138,0.40990192603095826,Bottom 70% - Lower Risk
2152272,202606,2026-06-15,0.37458587,0.4100200874394423,Bottom 70% - Lower Risk
2092853,202606,2026-06-15,0.37449265,0.41013824884792627,Bottom 70% - Lower Risk
2266340,202606,2026-06-15,0.37447503,0.41025641025641024,Bottom 70% - Lower Risk
2367204,202606,2026-06-15,0.37446654,0.41037457166489427,Bottom 70% - Lower Risk
2219449,202606,2026-06-15,0.374465,0.4107290558903462,Bottom 70% - Lower Risk
2199710,202604,2026-04-15,0.374465,0.41049273307337825,Bottom 70% - Lower Risk
2351810,202601,2026-01-15,0.374465,0.4106108944818622,Bottom 70% - Lower Risk
2459668,202606,2026-06-15,0.37441227,0.4108472172988302,Bottom 70% - Lower Risk
2157415,202606,2026-06-15,0.37440225,0.4109653787073142,Bottom 70% - Lower Risk
2188807,202606,2026-06-15,0.3743753,0.4110835401157982,Bottom 70% - Lower Risk
2169585,202606,2026-06-15,0.3743191,0.41120170152428215,Bottom 70% - Lower Risk
2315558,202606,2026-06-15,0.3743058,0.4113198629327662,Bottom 70% - Lower Risk
2570408,202606,2026-06-15,0.37423524,0.41143802434125015,Bottom 70% - Lower Risk
2354681,202606,2026-06-15,0.37422144,0.4115561857497341,Bottom 70% - Lower Risk
2529513,202606,2026-06-15,0.3742121,0.4116743471582181,Bottom 70% - Lower Risk
2132082,202606,2026-06-15,0.3741514,0.41179250856670213,Bottom 70% - Lower Risk
2238965,202606,2026-06-15,0.37414488,0.4120288313836701,Bottom 70% - Lower Risk
2104136,202606,2026-06-15,0.37414488,0.4119106699751861,Bottom 70% - Lower Risk
2019735,202606,2026-06-15,0.37408835,0.4121469927921541,Bottom 70% - Lower Risk
2210454,202606,2026-06-15,0.3740871,0.4122651542006381,Bottom 70% - Lower Risk
2205187,202606,2026-06-15,0.37407374,0.41238331560912206,Bottom 70% - Lower Risk
2583211,202606,2026-06-15,0.37406543,0.41250147701760603,Bottom 70% - Lower Risk
2143792,202606,2026-06-15,0.3740598,0.41261963842609006,Bottom 70% - Lower Risk
2283785,202606,2026-06-15,0.3740543,0.41273779983457404,Bottom 70% - Lower Risk
2335266,202606,2026-06-15,0.3740543,0.412855961243058,Bottom 70% - Lower Risk
2504801,202606,2026-06-15,0.37402955,0.412974122651542,Bottom 70% - Lower Risk
2222900,202606,2026-06-15,0.37400657,0.413092284060026,Bottom 70% - Lower Risk
2349983,202606,2026-06-15,0.373992,0.41321044546851,Bottom 70% - Lower Risk
2257892,202606,2026-06-15,0.3739358,0.41332860687699396,Bottom 70% - Lower Risk
2007462,202606,2026-06-15,0.3739222,0.41344676828547794,Bottom 70% - Lower Risk
2552367,202606,2026-06-15,0.37386933,0.41356492969396197,Bottom 70% - Lower Risk
2088287,202606,2026-06-15,0.37384033,0.41368309110244594,Bottom 70% - Lower Risk
2189756,202606,2026-06-15,0.37382585,0.4138012525109299,Bottom 70% - Lower Risk
2005834,202606,2026-06-15,0.3737546,0.4139194139194139,Bottom 70% - Lower Risk
2320380,202606,2026-06-15,0.3737546,0.4140375753278979,Bottom 70% - Lower Risk
2270774,202606,2026-06-15,0.3737322,0.4141557367363819,Bottom 70% - Lower Risk
2125336,202606,2026-06-15,0.37372315,0.41427389814486587,Bottom 70% - Lower Risk
2327019,202606,2026-06-15,0.3736694,0.4143920595533499,Bottom 70% - Lower Risk
2351831,202606,2026-06-15,0.3736677,0.4145102209618339,Bottom 70% - Lower Risk
2072106,202606,2026-06-15,0.373646,0.41462838237031785,Bottom 70% - Lower Risk
2523801,202606,2026-06-15,0.3736084,0.4147465437788018,Bottom 70% - Lower Risk
2261751,202606,2026-06-15,0.3735556,0.41486470518728585,Bottom 70% - Lower Risk
2560277,202606,2026-06-15,0.3735448,0.41498286659576983,Bottom 70% - Lower Risk
2443621,202602,2026-02-15,0.3735149,0.4151010280042538,Bottom 70% - Lower Risk
2255530,202606,2026-06-15,0.37348953,0.4152191894127378,Bottom 70% - Lower Risk
2463117,202606,2026-06-15,0.37347084,0.4153373508212218,Bottom 70% - Lower Risk
2320983,202606,2026-06-15,0.3734674,0.4154555122297058,Bottom 70% - Lower Risk
2550679,202606,2026-06-15,0.373415,0.41557367363818976,Bottom 70% - Lower Risk
2065766,202606,2026-06-15,0.37333623,0.41569183504667373,Bottom 70% - Lower Risk
2454490,202606,2026-06-15,0.37332842,0.41580999645515776,Bottom 70% - Lower Risk
2444037,202606,2026-06-15,0.37332332,0.41592815786364173,Bottom 70% - Lower Risk
2313416,202606,2026-06-15,0.3733167,0.4160463192721257,Bottom 70% - Lower Risk
2230752,202601,2026-01-15,0.37330952,0.41616448068060974,Bottom 70% - Lower Risk
2174118,202512,2025-12-16,0.37328723,0.4162826420890937,Bottom 70% - Lower Risk
2003668,202606,2026-06-15,0.3732761,0.4164008034975777,Bottom 70% - Lower Risk
2175657,202606,2026-06-15,0.37327367,0.41651896490606166,Bottom 70% - Lower Risk
2355003,202606,2026-06-15,0.37327367,0.41675528772302967,Bottom 70% - Lower Risk
2293794,202606,2026-06-15,0.37327367,0.4166371263145457,Bottom 70% - Lower Risk
2563311,202606,2026-06-15,0.37322128,0.4169916105399976,Bottom 70% - Lower Risk
2154176,202606,2026-06-15,0.37322128,0.41687344913151364,Bottom 70% - Lower Risk
2236723,202606,2026-06-15,0.3732148,0.41710977194848164,Bottom 70% - Lower Risk
2474682,202602,2026-02-15,0.37318435,0.4172279333569656,Bottom 70% - Lower Risk
2526879,202606,2026-06-15,0.3731613,0.4173460947654496,Bottom 70% - Lower Risk
2086284,202606,2026-06-15,0.37315932,0.41746425617393357,Bottom 70% - Lower Risk
2185847,202606,2026-06-15,0.3731564,0.4175824175824176,Bottom 70% - Lower Risk
2049970,202606,2026-06-15,0.37314698,0.41770057899090157,Bottom 70% - Lower Risk
2312062,202606,2026-06-15,0.37313256,0.4179369018078696,Bottom 70% - Lower Risk
2148103,202606,2026-06-15,0.37313256,0.41805506321635355,Bottom 70% - Lower Risk
2037028,202606,2026-06-15,0.37313256,0.41781874039938555,Bottom 70% - Lower Risk
2188753,202606,2026-06-15,0.37313175,0.4181732246248375,Bottom 70% - Lower Risk
2144550,202606,2026-06-15,0.373105,0.4182913860333215,Bottom 70% - Lower Risk
2508251,202606,2026-06-15,0.37301534,0.41840954744180553,Bottom 70% - Lower Risk
2482844,202606,2026-06-15,0.37297657,0.4186458702587735,Bottom 70% - Lower Risk
2515562,202606,2026-06-15,0.37297657,0.4185277088502895,Bottom 70% - Lower Risk
2012539,202606,2026-06-15,0.37297282,0.41876403166725745,Bottom 70% - Lower Risk
2036313,202606,2026-06-15,0.37295356,0.4188821930757415,Bottom 70% - Lower Risk
2170450,202606,2026-06-15,0.37294787,0.41900035448422546,Bottom 70% - Lower Risk
2301386,202606,2026-06-15,0.37293348,0.41911851589270943,Bottom 70% - Lower Risk
2386314,202606,2026-06-15,0.3729259,0.4192366773011934,Bottom 70% - Lower Risk
2408604,202606,2026-06-15,0.37292328,0.41935483870967744,Bottom 70% - Lower Risk
2204967,202606,2026-06-15,0.37286898,0.4194730001181614,Bottom 70% - Lower Risk
2187884,202606,2026-06-15,0.37285846,0.4195911615266454,Bottom 70% - Lower Risk
2374204,202606,2026-06-15,0.37285846,0.4197093229351294,Bottom 70% - Lower Risk
2237257,202606,2026-06-15,0.37285846,0.4198274843436134,Bottom 70% - Lower Risk
2288863,202606,2026-06-15,0.3728533,0.41994564575209736,Bottom 70% - Lower Risk
2267001,202606,2026-06-15,0.3728428,0.42006380716058134,Bottom 70% - Lower Risk
2324921,202606,2026-06-15,0.3728041,0.42018196856906537,Bottom 70% - Lower Risk
2094588,202606,2026-06-15,0.37276155,0.42030012997754934,Bottom 70% - Lower Risk
2165944,202606,2026-06-15,0.37273803,0.4204182913860333,Bottom 70% - Lower Risk
2325620,202606,2026-06-15,0.37273002,0.4206546142030013,Bottom 70% - Lower Risk
2507215,202606,2026-06-15,0.37273002,0.4205364527945173,Bottom 70% - Lower Risk
2547579,202606,2026-06-15,0.3726839,0.4207727756114853,Bottom 70% - Lower Risk
2552406,202606,2026-06-15,0.3726826,0.42089093701996927,Bottom 70% - Lower Risk
2565900,202606,2026-06-15,0.37265846,0.42100909842845324,Bottom 70% - Lower Risk
2252583,202606,2026-06-15,0.37264124,0.4211272598369373,Bottom 70% - Lower Risk
2527404,202606,2026-06-15,0.37259546,0.42124542124542125,Bottom 70% - Lower Risk
2544416,202606,2026-06-15,0.37256548,0.4213635826539052,Bottom 70% - Lower Risk
2167748,202606,2026-06-15,0.37256548,0.4214817440623892,Bottom 70% - Lower Risk
2131437,202606,2026-06-15,0.37255955,0.4215999054708732,Bottom 70% - Lower Risk
2542007,202606,2026-06-15,0.37253752,0.4217180668793572,Bottom 70% - Lower Risk
2591347,202606,2026-06-15,0.37251738,0.4218362282878412,Bottom 70% - Lower Risk
2300044,202606,2026-06-15,0.37248874,0.4219543896963252,Bottom 70% - Lower Risk
2561346,202606,2026-06-15,0.37248495,0.4220725511048092,Bottom 70% - Lower Risk
2528879,202606,2026-06-15,0.37248495,0.42219071251329315,Bottom 70% - Lower Risk
2478976,202606,2026-06-15,0.37242195,0.42230887392177713,Bottom 70% - Lower Risk
2530497,202606,2026-06-15,0.37239346,0.42242703533026116,Bottom 70% - Lower Risk
2357809,202606,2026-06-15,0.3723774,0.42254519673874513,Bottom 70% - Lower Risk
2388199,202606,2026-06-15,0.37237117,0.4226633581472291,Bottom 70% - Lower Risk
2254113,202606,2026-06-15,0.37236264,0.4227815195557131,Bottom 70% - Lower Risk
2331599,202606,2026-06-15,0.37233722,0.4228996809641971,Bottom 70% - Lower Risk
2242280,202606,2026-06-15,0.37231144,0.4230178423726811,Bottom 70% - Lower Risk
2172299,202606,2026-06-15,0.37229523,0.42313600378116506,Bottom 70% - Lower Risk
2469606,202606,2026-06-15,0.37227586,0.42325416518964903,Bottom 70% - Lower Risk
2500964,202606,2026-06-15,0.37227586,0.42337232659813306,Bottom 70% - Lower Risk
2561442,202606,2026-06-15,0.37226713,0.42349048800661704,Bottom 70% - Lower Risk
2007714,202606,2026-06-15,0.3722466,0.423608649415101,Bottom 70% - Lower Risk
2553429,202606,2026-06-15,0.37222183,0.42372681082358504,Bottom 70% - Lower Risk
2310969,202606,2026-06-15,0.37221065,0.423963133640553,Bottom 70% - Lower Risk
2033149,202606,2026-06-15,0.37221065,0.423844972232069,Bottom 70% - Lower Risk
2208498,202606,2026-06-15,0.3722088,0.42408129504903697,Bottom 70% - Lower Risk
2187707,202604,2026-04-15,0.37219042,0.424199456457521,Bottom 70% - Lower Risk
2571735,202606,2026-06-15,0.37214908,0.42431761786600497,Bottom 70% - Lower Risk
2490500,202606,2026-06-15,0.3721204,0.42443577927448894,Bottom 70% - Lower Risk
2063891,202606,2026-06-15,0.3721021,0.4245539406829729,Bottom 70% - Lower Risk
2344904,202606,2026-06-15,0.37206692,0.42467210209145695,Bottom 70% - Lower Risk
2396265,202606,2026-06-15,0.37206692,0.4247902634999409,Bottom 70% - Lower Risk
2178953,202606,2026-06-15,0.37206352,0.42502658631690887,Bottom 70% - Lower Risk
2177165,202606,2026-06-15,0.37206352,0.4251447477253929,Bottom 70% - Lower Risk
2359218,202606,2026-06-15,0.37206352,0.4249084249084249,Bottom 70% - Lower Risk
2547786,202606,2026-06-15,0.37204698,0.4252629091338769,Bottom 70% - Lower Risk
2236863,202606,2026-06-15,0.37201744,0.42538107054236085,Bottom 70% - Lower Risk
2556168,202606,2026-06-15,0.37199625,0.4254992319508449,Bottom 70% - Lower Risk
2533794,202606,2026-06-15,0.37198314,0.42561739335932885,Bottom 70% - Lower Risk
2479307,202606,2026-06-15,0.37198314,0.42573555476781283,Bottom 70% - Lower Risk
2277829,202606,2026-06-15,0.37195358,0.4258537161762968,Bottom 70% - Lower Risk
2428320,202606,2026-06-15,0.37194592,0.42597187758478083,Bottom 70% - Lower Risk
2391721,202606,2026-06-15,0.3719005,0.4260900389932648,Bottom 70% - Lower Risk
2535313,202606,2026-06-15,0.37189433,0.4262082004017488,Bottom 70% - Lower Risk
2036047,202606,2026-06-15,0.37182885,0.42632636181023276,Bottom 70% - Lower Risk
2599048,202606,2026-06-15,0.37181506,0.4264445232187168,Bottom 70% - Lower Risk
2389151,202606,2026-06-15,0.37181506,0.42656268462720076,Bottom 70% - Lower Risk
2331626,202606,2026-06-15,0.37175828,0.42668084603568474,Bottom 70% - Lower Risk
2353602,202606,2026-06-15,0.37175828,0.4267990074441687,Bottom 70% - Lower Risk
2591106,202606,2026-06-15,0.3717563,0.42691716885265274,Bottom 70% - Lower Risk
2561288,202606,2026-06-15,0.37175432,0.4270353302611367,Bottom 70% - Lower Risk
2125186,202606,2026-06-15,0.3717458,0.4271534916696207,Bottom 70% - Lower Risk
2254606,202606,2026-06-15,0.3716996,0.4272716530781047,Bottom 70% - Lower Risk
2325038,202606,2026-06-15,0.37169686,0.4273898144865887,Bottom 70% - Lower Risk
2497832,202606,2026-06-15,0.37169686,0.42750797589507267,Bottom 70% - Lower Risk
2392005,202606,2026-06-15,0.37165406,0.42762613730355664,Bottom 70% - Lower Risk
2539638,202606,2026-06-15,0.3716182,0.42774429871204067,Bottom 70% - Lower Risk
2094328,202606,2026-06-15,0.37154645,0.42786246012052465,Bottom 70% - Lower Risk
2589790,202606,2026-06-15,0.37152416,0.4280987829374926,Bottom 70% - Lower Risk
2592567,202606,2026-06-15,0.37152416,0.4279806215290086,Bottom 70% - Lower Risk
2491222,202606,2026-06-15,0.37151897,0.4282169443459766,Bottom 70% - Lower Risk
2091768,202606,2026-06-15,0.37150565,0.4283351057544606,Bottom 70% - Lower Risk
2225566,202606,2026-06-15,0.37150565,0.4284532671629446,Bottom 70% - Lower Risk
2152443,202606,2026-06-15,0.37150216,0.42857142857142855,Bottom 70% - Lower Risk
2433096,202606,2026-06-15,0.3714979,0.4286895899799126,Bottom 70% - Lower Risk
2581663,202606,2026-06-15,0.37143236,0.42880775138839655,Bottom 70% - Lower Risk
2267196,202606,2026-06-15,0.37143236,0.4289259127968805,Bottom 70% - Lower Risk
2185005,202606,2026-06-15,0.37140098,0.4290440742053645,Bottom 70% - Lower Risk
2516422,202606,2026-06-15,0.3713684,0.42916223561384853,Bottom 70% - Lower Risk
2240897,202606,2026-06-15,0.37131917,0.4292803970223325,Bottom 70% - Lower Risk
2218500,202606,2026-06-15,0.37131283,0.4293985584308165,Bottom 70% - Lower Risk
2220136,202606,2026-06-15,0.37129718,0.4295167198393005,Bottom 70% - Lower Risk
2175552,202606,2026-06-15,0.37128168,0.4296348812477845,Bottom 70% - Lower Risk
2605249,202606,2026-06-15,0.37126127,0.42998936547323646,Bottom 70% - Lower Risk
2434517,202606,2026-06-15,0.37126127,0.42975304265626846,Bottom 70% - Lower Risk
2588263,202605,2026-05-16,0.37126127,0.42987120406475243,Bottom 70% - Lower Risk
2396542,202606,2026-06-15,0.37122044,0.43010752688172044,Bottom 70% - Lower Risk
2513458,202601,2026-01-15,0.37121263,0.4302256882902044,Bottom 70% - Lower Risk
2504182,202606,2026-06-15,0.37117794,0.4303438496986884,Bottom 70% - Lower Risk
2521302,202606,2026-06-15,0.37113538,0.4304620111071724,Bottom 70% - Lower Risk
2609233,202606,2026-06-15,0.37112442,0.4305801725156564,Bottom 70% - Lower Risk
2555186,202603,2026-03-18,0.37111565,0.43069833392414036,Bottom 70% - Lower Risk
2388731,202606,2026-06-15,0.37110424,0.43081649533262434,Bottom 70% - Lower Risk
2522578,202606,2026-06-15,0.37109992,0.43093465674110837,Bottom 70% - Lower Risk
2485719,202606,2026-06-15,0.37109703,0.43105281814959234,Bottom 70% - Lower Risk
2524120,202606,2026-06-15,0.37108824,0.4311709795580763,Bottom 70% - Lower Risk
2489263,202606,2026-06-15,0.3710836,0.43128914096656035,Bottom 70% - Lower Risk
2606433,202606,2026-06-15,0.37107128,0.4314073023750443,Bottom 70% - Lower Risk
2300065,202606,2026-06-15,0.37103084,0.4315254637835283,Bottom 70% - Lower Risk
2131489,202606,2026-06-15,0.3710185,0.43164362519201227,Bottom 70% - Lower Risk
2272028,202606,2026-06-15,0.37099683,0.4317617866004963,Bottom 70% - Lower Risk
2250010,202606,2026-06-15,0.37097472,0.4318799480089803,Bottom 70% - Lower Risk
2127284,202606,2026-06-15,0.37097177,0.43199810941746425,Bottom 70% - Lower Risk
2300105,202606,2026-06-15,0.3709473,0.4321162708259482,Bottom 70% - Lower Risk
2488099,202606,2026-06-15,0.3708692,0.4323525936429162,Bottom 70% - Lower Risk
2218325,202606,2026-06-15,0.3708692,0.43223443223443225,Bottom 70% - Lower Risk
2258902,202606,2026-06-15,0.37086797,0.4325889164598842,Bottom 70% - Lower Risk
2537486,202606,2026-06-15,0.37086797,0.4324707550514002,Bottom 70% - Lower Risk
2300521,202606,2026-06-15,0.37086082,0.4327070778683682,Bottom 70% - Lower Risk
2448129,202606,2026-06-15,0.37084267,0.4328252392768522,Bottom 70% - Lower Risk
2435287,202606,2026-06-15,0.3708319,0.43294340068533615,Bottom 70% - Lower Risk
2209379,202606,2026-06-15,0.37083176,0.4330615620938202,Bottom 70% - Lower Risk
2219288,202606,2026-06-15,0.37080035,0.43317972350230416,Bottom 70% - Lower Risk
2250396,202606,2026-06-15,0.3707916,0.43329788491078813,Bottom 70% - Lower Risk
2539517,202606,2026-06-15,0.37078536,0.4334160463192721,Bottom 70% - Lower Risk
2134658,202606,2026-06-15,0.3707229,0.43353420772775614,Bottom 70% - Lower Risk
2133664,202606,2026-06-15,0.3707229,0.4336523691362401,Bottom 70% - Lower Risk
2082282,202606,2026-06-15,0.37070218,0.4337705305447241,Bottom 70% - Lower Risk
2334982,202606,2026-06-15,0.37068966,0.43388869195320806,Bottom 70% - Lower Risk
2080353,202606,2026-06-15,0.3706739,0.4340068533616921,Bottom 70% - Lower Risk
2355765,202606,2026-06-15,0.37064496,0.43412501477017607,Bottom 70% - Lower Risk
2295350,202606,2026-06-15,0.3706046,0.43424317617866004,Bottom 70% - Lower Risk
2338755,202606,2026-06-15,0.3705764,0.434361337587144,Bottom 70% - Lower Risk
2532633,202606,2026-06-15,0.3705472,0.43447949899562804,Bottom 70% - Lower Risk
2497591,202606,2026-06-15,0.3705288,0.434597660404112,Bottom 70% - Lower Risk
2435665,202601,2026-01-15,0.37052572,0.434715821812596,Bottom 70% - Lower Risk
2197187,202606,2026-06-15,0.37048656,0.43483398322108,Bottom 70% - Lower Risk
2589073,202606,2026-06-15,0.3704798,0.434952144629564,Bottom 70% - Lower Risk
2197719,202606,2026-06-15,0.37046716,0.43507030603804797,Bottom 70% - Lower Risk
2412637,202606,2026-06-15,0.37044683,0.435306628855016,Bottom 70% - Lower Risk
2041934,202606,2026-06-15,0.37044683,0.43518846744653195,Bottom 70% - Lower Risk
2382794,202606,2026-06-15,0.37044683,0.43542479026349995,Bottom 70% - Lower Risk
2215704,202606,2026-06-15,0.37039605,0.4355429516719839,Bottom 70% - Lower Risk
2593726,202606,2026-06-15,0.37031788,0.4356611130804679,Bottom 70% - Lower Risk
2404837,202606,2026-06-15,0.37024537,0.43577927448895193,Bottom 70% - Lower Risk
2223267,202606,2026-06-15,0.37019855,0.4358974358974359,Bottom 70% - Lower Risk
2096685,202606,2026-06-15,0.370185,0.4360155973059199,Bottom 70% - Lower Risk
2328923,202606,2026-06-15,0.37014776,0.43613375871440385,Bottom 70% - Lower Risk
2281882,202606,2026-06-15,0.3700409,0.4362519201228879,Bottom 70% - Lower Risk
2417861,202606,2026-06-15,0.37001225,0.43637008153137186,Bottom 70% - Lower Risk
2194659,202606,2026-06-15,0.37001225,0.43648824293985583,Bottom 70% - Lower Risk
2199680,202606,2026-06-15,0.37001225,0.4366064043483398,Bottom 70% - Lower Risk
2046623,202606,2026-06-15,0.36996397,0.43672456575682383,Bottom 70% - Lower Risk
2203138,202606,2026-06-15,0.36994952,0.4368427271653078,Bottom 70% - Lower Risk
2581765,202606,2026-06-15,0.36994871,0.4369608885737918,Bottom 70% - Lower Risk
2063022,202606,2026-06-15,0.36993825,0.4370790499822758,Bottom 70% - Lower Risk
2444426,202606,2026-06-15,0.3699183,0.4371972113907598,Bottom 70% - Lower Risk
2218603,202606,2026-06-15,0.3699136,0.43731537279924376,Bottom 70% - Lower Risk
2476115,202606,2026-06-15,0.3699074,0.43743353420772774,Bottom 70% - Lower Risk
2219621,202606,2026-06-15,0.36990285,0.43755169561621177,Bottom 70% - Lower Risk
2311344,202606,2026-06-15,0.3698452,0.43766985702469574,Bottom 70% - Lower Risk
2197534,202606,2026-06-15,0.36984512,0.4377880184331797,Bottom 70% - Lower Risk
2004356,202606,2026-06-15,0.36983845,0.4379061798416637,Bottom 70% - Lower Risk
2487288,202606,2026-06-15,0.3698301,0.4380243412501477,Bottom 70% - Lower Risk
2241489,202606,2026-06-15,0.36982948,0.4381425026586317,Bottom 70% - Lower Risk
2202995,202606,2026-06-15,0.36981308,0.43826066406711567,Bottom 70% - Lower Risk
2215153,202606,2026-06-15,0.3697494,0.43837882547559964,Bottom 70% - Lower Risk
2299832,202606,2026-06-15,0.36973757,0.4384969868840837,Bottom 70% - Lower Risk
2125968,202606,2026-06-15,0.36968747,0.43861514829256765,Bottom 70% - Lower Risk
2533287,202606,2026-06-15,0.36967143,0.4387333097010516,Bottom 70% - Lower Risk
2458995,202606,2026-06-15,0.36966506,0.43885147110953565,Bottom 70% - Lower Risk
2289974,202606,2026-06-15,0.36961874,0.4389696325180196,Bottom 70% - Lower Risk
2383440,202606,2026-06-15,0.36957392,0.4390877939265036,Bottom 70% - Lower Risk
2166545,202606,2026-06-15,0.36954135,0.4392059553349876,Bottom 70% - Lower Risk
2323388,202606,2026-06-15,0.36953974,0.4393241167434716,Bottom 70% - Lower Risk
2478480,202606,2026-06-15,0.36953974,0.4394422781519556,Bottom 70% - Lower Risk
2223122,202606,2026-06-15,0.36953634,0.43956043956043955,Bottom 70% - Lower Risk
2344226,202606,2026-06-15,0.36951986,0.4396786009689235,Bottom 70% - Lower Risk
2537323,202606,2026-06-15,0.36951134,0.43979676237740756,Bottom 70% - Lower Risk
2303962,202606,2026-06-15,0.36951044,0.43991492378589153,Bottom 70% - Lower Risk
2136925,202606,2026-06-15,0.369489,0.4402694080113435,Bottom 70% - Lower Risk
2341463,202606,2026-06-15,0.369489,0.4400330851943755,Bottom 70% - Lower Risk
2546651,202606,2026-06-15,0.369489,0.4401512466028595,Bottom 70% - Lower Risk
2502683,202606,2026-06-15,0.3694667,0.4403875694198275,Bottom 70% - Lower Risk
2169105,202606,2026-06-15,0.36942822,0.44050573082831146,Bottom 70% - Lower Risk
2537170,202606,2026-06-15,0.36935517,0.4406238922367955,Bottom 70% - Lower Risk
2123423,202603,2026-03-18,0.36928225,0.44074205364527946,Bottom 70% - Lower Risk
2404673,202602,2026-02-15,0.36927015,0.44086021505376344,Bottom 70% - Lower Risk
2593928,202606,2026-06-15,0.36925238,0.4409783764622474,Bottom 70% - Lower Risk
2104349,202606,2026-06-15,0.36924595,0.44109653787073144,Bottom 70% - Lower Risk
2386983,202606,2026-06-15,0.36921564,0.4412146992792154,Bottom 70% - Lower Risk
2334607,202606,2026-06-15,0.3691843,0.4413328606876994,Bottom 70% - Lower Risk
2316585,202606,2026-06-15,0.3691798,0.44145102209618337,Bottom 70% - Lower Risk
2074268,202606,2026-06-15,0.36917973,0.4415691835046674,Bottom 70% - Lower Risk
2201194,202606,2026-06-15,0.36917818,0.44168734491315137,Bottom 70% - Lower Risk
2448359,202606,2026-06-15,0.369144,0.44180550632163534,Bottom 70% - Lower Risk
2166059,202606,2026-06-15,0.36913905,0.44204182913860335,Bottom 70% - Lower Risk
2161363,202606,2026-06-15,0.36913905,0.4419236677301193,Bottom 70% - Lower Risk
2059019,202606,2026-06-15,0.36913046,0.4422781519555713,Bottom 70% - Lower Risk
2053621,202606,2026-06-15,0.36913046,0.4421599905470873,Bottom 70% - Lower Risk
2510335,202606,2026-06-15,0.36910817,0.4423963133640553,Bottom 70% - Lower Risk
2319868,202606,2026-06-15,0.36907303,0.4425144747725393,Bottom 70% - Lower Risk
2295385,202606,2026-06-15,0.36907014,0.4426326361810233,Bottom 70% - Lower Risk
2191624,202606,2026-06-15,0.36906594,0.44275079758950725,Bottom 70% - Lower Risk
2279368,202606,2026-06-15,0.36900678,0.4428689589979913,Bottom 70% - Lower Risk
2138530,202606,2026-06-15,0.3689836,0.44298712040647525,Bottom 70% - Lower Risk
2371230,202606,2026-06-15,0.36898127,0.44310528181495923,Bottom 70% - Lower Risk
2283871,202606,2026-06-15,0.36897936,0.4432234432234432,Bottom 70% - Lower Risk
2304972,202606,2026-06-15,0.36896843,0.44334160463192723,Bottom 70% - Lower Risk
2275204,202606,2026-06-15,0.3689632,0.4434597660404112,Bottom 70% - Lower Risk
2465876,202606,2026-06-15,0.36895168,0.4435779274488952,Bottom 70% - Lower Risk
2352843,202606,2026-06-15,0.3689487,0.44369608885737916,Bottom 70% - Lower Risk
2039729,202606,2026-06-15,0.36893994,0.4438142502658632,Bottom 70% - Lower Risk
2114229,202606,2026-06-15,0.3689056,0.44393241167434716,Bottom 70% - Lower Risk
2337171,202606,2026-06-15,0.36889386,0.44405057308283113,Bottom 70% - Lower Risk
2473186,202606,2026-06-15,0.368863,0.4441687344913151,Bottom 70% - Lower Risk
2094050,202606,2026-06-15,0.36883664,0.44428689589979914,Bottom 70% - Lower Risk
2477581,202606,2026-06-15,0.368823,0.4444050573082831,Bottom 70% - Lower Risk
2557248,202606,2026-06-15,0.3688184,0.4445232187167671,Bottom 70% - Lower Risk
2125962,202606,2026-06-15,0.3688072,0.4446413801252511,Bottom 70% - Lower Risk
2570829,202606,2026-06-15,0.3687895,0.4447595415337351,Bottom 70% - Lower Risk
2063060,202606,2026-06-15,0.3687611,0.44487770294221907,Bottom 70% - Lower Risk
2049455,202606,2026-06-15,0.36873353,0.44499586435070304,Bottom 70% - Lower Risk
2537515,202606,2026-06-15,0.36871257,0.44511402575918707,Bottom 70% - Lower Risk
2533791,202606,2026-06-15,0.36870345,0.44523218716767105,Bottom 70% - Lower Risk
2057921,202606,2026-06-15,0.36864486,0.445468509984639,Bottom 70% - Lower Risk
2463006,202606,2026-06-15,0.36864486,0.445350348576155,Bottom 70% - Lower Risk
2445052,202606,2026-06-15,0.36861396,0.445586671393123,Bottom 70% - Lower Risk
2259608,202606,2026-06-15,0.36860028,0.445704832801607,Bottom 70% - Lower Risk
2135745,202606,2026-06-15,0.36857775,0.445822994210091,Bottom 70% - Lower Risk
2257302,202606,2026-06-15,0.36856812,0.44594115561857495,Bottom 70% - Lower Risk
2276101,202606,2026-06-15,0.36850837,0.446059317027059,Bottom 70% - Lower Risk
2119040,202606,2026-06-15,0.3684817,0.44617747843554295,Bottom 70% - Lower Risk
2611901,202606,2026-06-15,0.36840487,0.4462956398440269,Bottom 70% - Lower Risk
2378170,202606,2026-06-15,0.3682476,0.44641380125251096,Bottom 70% - Lower Risk
2034075,202606,2026-06-15,0.36824062,0.44653196266099493,Bottom 70% - Lower Risk
2540305,202606,2026-06-15,0.3682402,0.4466501240694789,Bottom 70% - Lower Risk
2386015,202606,2026-06-15,0.36823392,0.4468864468864469,Bottom 70% - Lower Risk
2358059,202606,2026-06-15,0.36823392,0.4467682854779629,Bottom 70% - Lower Risk
2053532,202606,2026-06-15,0.3682031,0.4470046082949309,Bottom 70% - Lower Risk
2425688,202606,2026-06-15,0.3681747,0.44712276970341486,Bottom 70% - Lower Risk
2231920,202606,2026-06-15,0.3681684,0.44724093111189883,Bottom 70% - Lower Risk
2298126,202604,2026-04-15,0.3681589,0.44747725392886684,Bottom 70% - Lower Risk
2055621,202606,2026-06-15,0.3681589,0.44735909252038286,Bottom 70% - Lower Risk
2451073,202606,2026-06-15,0.3681564,0.4475954153373508,Bottom 70% - Lower Risk
2436412,202606,2026-06-15,0.368152,0.4477135767458348,Bottom 70% - Lower Risk
2450217,202606,2026-06-15,0.368152,0.4478317381543188,Bottom 70% - Lower Risk
2253656,202606,2026-06-15,0.36814934,0.4479498995628028,Bottom 70% - Lower Risk
2525694,202606,2026-06-15,0.3680884,0.44806806097128676,Bottom 70% - Lower Risk
2116598,202606,2026-06-15,0.36808595,0.4481862223797708,Bottom 70% - Lower Risk
2399848,202606,2026-06-15,0.36805055,0.44830438378825477,Bottom 70% - Lower Risk
2398332,202606,2026-06-15,0.36804733,0.44842254519673874,Bottom 70% - Lower Risk
2080201,202606,2026-06-15,0.36803654,0.4485407066052227,Bottom 70% - Lower Risk
2349730,202606,2026-06-15,0.36803037,0.44865886801370675,Bottom 70% - Lower Risk
2259550,202606,2026-06-15,0.36799902,0.4487770294221907,Bottom 70% - Lower Risk
2496318,202606,2026-06-15,0.36795673,0.4488951908306747,Bottom 70% - Lower Risk
2290185,202606,2026-06-15,0.36795303,0.44901335223915867,Bottom 70% - Lower Risk
2092751,202606,2026-06-15,0.367863,0.4491315136476427,Bottom 70% - Lower Risk
2188658,202606,2026-06-15,0.3678238,0.4492496750561267,Bottom 70% - Lower Risk
2474497,202605,2026-05-16,0.36780974,0.44936783646461065,Bottom 70% - Lower Risk
2116023,202606,2026-06-15,0.36779717,0.4494859978730946,Bottom 70% - Lower Risk
2197039,202604,2026-04-15,0.36778632,0.44960415928157865,Bottom 70% - Lower Risk
2612628,202606,2026-06-15,0.36776784,0.4497223206900626,Bottom 70% - Lower Risk
2555968,202606,2026-06-15,0.36776552,0.4498404820985466,Bottom 70% - Lower Risk
2468489,202606,2026-06-15,0.3677438,0.4501949663239986,Bottom 70% - Lower Risk
2557516,202606,2026-06-15,0.3677438,0.4500768049155146,Bottom 70% - Lower Risk
2222585,202606,2026-06-15,0.3677438,0.44995864350703063,Bottom 70% - Lower Risk
2439253,202606,2026-06-15,0.36770776,0.45031312773248255,Bottom 70% - Lower Risk
2180688,202606,2026-06-15,0.36767998,0.4504312891409666,Bottom 70% - Lower Risk
2117594,202606,2026-06-15,0.3676474,0.45054945054945056,Bottom 70% - Lower Risk
2133152,202606,2026-06-15,0.36762992,0.45066761195793453,Bottom 70% - Lower Risk
2499209,202606,2026-06-15,0.36755246,0.4507857733664185,Bottom 70% - Lower Risk
2162734,202606,2026-06-15,0.3675325,0.45090393477490254,Bottom 70% - Lower Risk
2217493,202606,2026-06-15,0.36742157,0.4510220961833865,Bottom 70% - Lower Risk
2389077,202606,2026-06-15,0.36736467,0.45125841900035446,Bottom 70% - Lower Risk
2148172,202606,2026-06-15,0.36736467,0.4511402575918705,Bottom 70% - Lower Risk
2304314,202606,2026-06-15,0.36733428,0.4513765804088385,Bottom 70% - Lower Risk
2181325,202606,2026-06-15,0.36732233,0.45149474181732246,Bottom 70% - Lower Risk
2321538,202606,2026-06-15,0.36732233,0.45161290322580644,Bottom 70% - Lower Risk
2306199,202602,2026-02-15,0.3673167,0.4517310646342904,Bottom 70% - Lower Risk
2416786,202606,2026-06-15,0.36729574,0.45184922604277444,Bottom 70% - Lower Risk
2241704,202606,2026-06-15,0.36729574,0.4519673874512584,Bottom 70% - Lower Risk
2168293,202606,2026-06-15,0.36727828,0.4520855488597424,Bottom 70% - Lower Risk
2304389,202606,2026-06-15,0.36721107,0.4522037102682264,Bottom 70% - Lower Risk
2042859,202606,2026-06-15,0.36716774,0.4523218716767104,Bottom 70% - Lower Risk
2442173,202606,2026-06-15,0.36716676,0.45244003308519437,Bottom 70% - Lower Risk
2113682,202606,2026-06-15,0.36716187,0.45255819449367835,Bottom 70% - Lower Risk
2463866,202606,2026-06-15,0.3671533,0.4526763559021624,Bottom 70% - Lower Risk
2487969,202606,2026-06-15,0.36712173,0.45279451731064635,Bottom 70% - Lower Risk
2269305,202606,2026-06-15,0.3670709,0.4529126787191303,Bottom 70% - Lower Risk
2109152,202606,2026-06-15,0.36706382,0.4530308401276143,Bottom 70% - Lower Risk
2507273,202606,2026-06-15,0.36704388,0.45314900153609833,Bottom 70% - Lower Risk
2280532,202606,2026-06-15,0.36704388,0.4532671629445823,Bottom 70% - Lower Risk
2263252,202606,2026-06-15,0.36702573,0.4533853243530663,Bottom 70% - Lower Risk
2118062,202606,2026-06-15,0.36698946,0.4536216471700343,Bottom 70% - Lower Risk
2229476,202606,2026-06-15,0.36698946,0.45350348576155025,Bottom 70% - Lower Risk
2039708,202606,2026-06-15,0.36698124,0.45373980857851826,Bottom 70% - Lower Risk
2066286,202606,2026-06-15,0.366954,0.45385796998700223,Bottom 70% - Lower Risk
2590267,202606,2026-06-15,0.36694705,0.45397613139548626,Bottom 70% - Lower Risk
2098326,202606,2026-06-15,0.36694705,0.45409429280397023,Bottom 70% - Lower Risk
2043049,202606,2026-06-15,0.36694026,0.4542124542124542,Bottom 70% - Lower Risk
2472257,202606,2026-06-15,0.36693692,0.4543306156209382,Bottom 70% - Lower Risk
2193552,202606,2026-06-15,0.36691204,0.4544487770294222,Bottom 70% - Lower Risk
2517057,202605,2026-05-16,0.3668316,0.4545669384379062,Bottom 70% - Lower Risk
2255501,202606,2026-06-15,0.366809,0.45468509984639016,Bottom 70% - Lower Risk
2489572,202606,2026-06-15,0.36678496,0.45480326125487414,Bottom 70% - Lower Risk
2219634,202606,2026-06-15,0.36669073,0.45503958407184214,Bottom 70% - Lower Risk
2453678,202606,2026-06-15,0.36669073,0.45492142266335817,Bottom 70% - Lower Risk
2018481,202606,2026-06-15,0.36666965,0.4551577454803261,Bottom 70% - Lower Risk
2261619,202606,2026-06-15,0.36664757,0.4552759068888101,Bottom 70% - Lower Risk
2494693,202606,2026-06-15,0.36657873,0.4555122297057781,Bottom 70% - Lower Risk
2475029,202606,2026-06-15,0.36657873,0.4553940682972941,Bottom 70% - Lower Risk
2032319,202606,2026-06-15,0.36657098,0.45563039111426207,Bottom 70% - Lower Risk
2149430,202606,2026-06-15,0.36656392,0.4557485525227461,Bottom 70% - Lower Risk
2119783,202606,2026-06-15,0.36656392,0.45586671393123007,Bottom 70% - Lower Risk
2551637,202606,2026-06-15,0.3665559,0.45598487533971405,Bottom 70% - Lower Risk
2236230,202606,2026-06-15,0.36648223,0.456103036748198,Bottom 70% - Lower Risk
2392058,202606,2026-06-15,0.36646134,0.45622119815668205,Bottom 70% - Lower Risk
2407286,202606,2026-06-15,0.36646032,0.456339359565166,Bottom 70% - Lower Risk
2441306,202606,2026-06-15,0.36645737,0.45645752097365,Bottom 70% - Lower Risk
2030024,202606,2026-06-15,0.36645564,0.456575682382134,Bottom 70% - Lower Risk
2557754,202606,2026-06-15,0.36643285,0.456693843790618,Bottom 70% - Lower Risk
2577966,202606,2026-06-15,0.36643285,0.45693016660758595,Bottom 70% - Lower Risk
2564805,202606,2026-06-15,0.36643285,0.456812005199102,Bottom 70% - Lower Risk
2442400,202606,2026-06-15,0.36642906,0.4570483280160699,Bottom 70% - Lower Risk
2404934,202606,2026-06-15,0.36642906,0.45716648942455396,Bottom 70% - Lower Risk
2314156,202606,2026-06-15,0.3664269,0.45728465083303793,Bottom 70% - Lower Risk
2509443,202606,2026-06-15,0.36633888,0.4574028122415219,Bottom 70% - Lower Risk
2014581,202606,2026-06-15,0.36633313,0.45752097365000594,Bottom 70% - Lower Risk
2375981,202606,2026-06-15,0.36633247,0.4576391350584899,Bottom 70% - Lower Risk
2301258,202606,2026-06-15,0.3663246,0.4577572964669739,Bottom 70% - Lower Risk
2156935,202606,2026-06-15,0.3663246,0.45787545787545786,Bottom 70% - Lower Risk
2132105,202606,2026-06-15,0.36631578,0.4579936192839419,Bottom 70% - Lower Risk
2454785,202606,2026-06-15,0.36630997,0.45811178069242586,Bottom 70% - Lower Risk
2131753,202606,2026-06-15,0.36630407,0.45822994210090984,Bottom 70% - Lower Risk
2138661,202606,2026-06-15,0.36629257,0.4583481035093938,Bottom 70% - Lower Risk
2502326,202606,2026-06-15,0.36627796,0.45846626491787784,Bottom 70% - Lower Risk
2505145,202606,2026-06-15,0.36627474,0.4585844263263618,Bottom 70% - Lower Risk
2500896,202606,2026-06-15,0.3662362,0.4587025877348458,Bottom 70% - Lower Risk
2217562,202606,2026-06-15,0.36622846,0.45882074914332976,Bottom 70% - Lower Risk
2464426,202606,2026-06-15,0.3662213,0.4589389105518138,Bottom 70% - Lower Risk
2536682,202606,2026-06-15,0.3662113,0.45905707196029777,Bottom 70% - Lower Risk
2326977,202606,2026-06-15,0.36619714,0.45917523336878174,Bottom 70% - Lower Risk
2260026,202606,2026-06-15,0.36613765,0.4592933947772657,Bottom 70% - Lower Risk
2226135,202606,2026-06-15,0.3660918,0.45941155618574975,Bottom 70% - Lower Risk
2309694,202606,2026-06-15,0.36605662,0.4595297175942337,Bottom 70% - Lower Risk
2151459,202606,2026-06-15,0.36602533,0.4596478790027177,Bottom 70% - Lower Risk
2361679,202606,2026-06-15,0.3660153,0.4597660404112017,Bottom 70% - Lower Risk
2272091,202603,2026-03-18,0.36600742,0.4598842018196857,Bottom 70% - Lower Risk
2258683,202606,2026-06-15,0.36599538,0.4600023632281697,Bottom 70% - Lower Risk
2179819,202606,2026-06-15,0.36595908,0.46012052463665365,Bottom 70% - Lower Risk
2572275,202606,2026-06-15,0.36595812,0.4602386860451377,Bottom 70% - Lower Risk
2160480,202606,2026-06-15,0.3659561,0.46035684745362165,Bottom 70% - Lower Risk
2310984,202606,2026-06-15,0.3659038,0.46047500886210563,Bottom 70% - Lower Risk
2188037,202606,2026-06-15,0.36588722,0.4605931702705896,Bottom 70% - Lower Risk
2439851,202606,2026-06-15,0.3658741,0.46071133167907363,Bottom 70% - Lower Risk
2605412,202606,2026-06-15,0.3658741,0.4608294930875576,Bottom 70% - Lower Risk
2531020,202606,2026-06-15,0.36581674,0.4609476544960416,Bottom 70% - Lower Risk
2311191,202606,2026-06-15,0.36581004,0.46106581590452556,Bottom 70% - Lower Risk
2059896,202606,2026-06-15,0.36579132,0.46165662294694554,Bottom 70% - Lower Risk
2174843,202606,2026-06-15,0.36579132,0.46130213872149356,Bottom 70% - Lower Risk
2143734,202606,2026-06-15,0.36579132,0.4611839773130096,Bottom 70% - Lower Risk
2277645,202606,2026-06-15,0.36579132,0.46153846153846156,Bottom 70% - Lower Risk
2187104,202606,2026-06-15,0.36579132,0.4617747843554295,Bottom 70% - Lower Risk
2113467,202606,2026-06-15,0.36579132,0.46142030012997753,Bottom 70% - Lower Risk
2539804,202606,2026-06-15,0.36577323,0.4618929457639135,Bottom 70% - Lower Risk
2115907,202606,2026-06-15,0.36576125,0.4620111071723975,Bottom 70% - Lower Risk
2543388,202603,2026-03-18,0.36574572,0.4621292685808815,Bottom 70% - Lower Risk
2365638,202606,2026-06-15,0.3657153,0.46224742998936547,Bottom 70% - Lower Risk
2527474,202606,2026-06-15,0.3656591,0.46236559139784944,Bottom 70% - Lower Risk
2580648,202606,2026-06-15,0.36560124,0.46248375280633347,Bottom 70% - Lower Risk
2576566,202606,2026-06-15,0.36558968,0.46260191421481744,Bottom 70% - Lower Risk
2445223,202606,2026-06-15,0.36555168,0.4627200756233014,Bottom 70% - Lower Risk
2151157,202606,2026-06-15,0.36555058,0.4628382370317854,Bottom 70% - Lower Risk
2064369,202606,2026-06-15,0.36553052,0.4629563984402694,Bottom 70% - Lower Risk
2544481,202606,2026-06-15,0.3655075,0.4630745598487534,Bottom 70% - Lower Risk
2209432,202606,2026-06-15,0.36549547,0.46319272125723737,Bottom 70% - Lower Risk
2494306,202606,2026-06-15,0.3654917,0.4633108826657214,Bottom 70% - Lower Risk
2343885,202606,2026-06-15,0.3654251,0.4634290440742054,Bottom 70% - Lower Risk
2162134,202606,2026-06-15,0.36541677,0.46354720548268935,Bottom 70% - Lower Risk
2234285,202606,2026-06-15,0.36537176,0.4636653668911733,Bottom 70% - Lower Risk
2035163,202606,2026-06-15,0.36536455,0.46378352829965735,Bottom 70% - Lower Risk
2478795,202606,2026-06-15,0.3653183,0.46390168970814133,Bottom 70% - Lower Risk
2180930,202606,2026-06-15,0.36531505,0.4640198511166253,Bottom 70% - Lower Risk
2096903,202606,2026-06-15,0.36525905,0.4641380125251093,Bottom 70% - Lower Risk
2600304,202606,2026-06-15,0.36517325,0.4642561739335933,Bottom 70% - Lower Risk
2378991,202606,2026-06-15,0.36513245,0.4643743353420773,Bottom 70% - Lower Risk
2178596,202606,2026-06-15,0.3651264,0.46449249675056126,Bottom 70% - Lower Risk
2173459,202606,2026-06-15,0.36510628,0.46461065815904523,Bottom 70% - Lower Risk
2281835,202606,2026-06-15,0.36507753,0.46472881956752926,Bottom 70% - Lower Risk
2514653,202606,2026-06-15,0.36504254,0.46484698097601324,Bottom 70% - Lower Risk
2288336,202606,2026-06-15,0.36502805,0.4649651423844972,Bottom 70% - Lower Risk
2563378,202606,2026-06-15,0.36501643,0.46508330379298124,Bottom 70% - Lower Risk
2240782,202606,2026-06-15,0.36495,0.4652014652014652,Bottom 70% - Lower Risk
2511267,202606,2026-06-15,0.364949,0.4653196266099492,Bottom 70% - Lower Risk
2259535,202606,2026-06-15,0.3649017,0.46543778801843316,Bottom 70% - Lower Risk
2416578,202606,2026-06-15,0.36488715,0.4655559494269172,Bottom 70% - Lower Risk
2556081,202606,2026-06-15,0.3648293,0.46567411083540117,Bottom 70% - Lower Risk
2272971,202606,2026-06-15,0.3647559,0.46579227224388514,Bottom 70% - Lower Risk
2595110,202606,2026-06-15,0.3647559,0.46602859506085315,Bottom 70% - Lower Risk
2553891,202606,2026-06-15,0.3647559,0.4659104336523691,Bottom 70% - Lower Risk
2142333,202606,2026-06-15,0.36475164,0.4661467564693371,Bottom 70% - Lower Risk
2359375,202606,2026-06-15,0.364744,0.4662649178778211,Bottom 70% - Lower Risk
2541171,202606,2026-06-15,0.36473954,0.46638307928630507,Bottom 70% - Lower Risk
2029290,202606,2026-06-15,0.36472476,0.4665012406947891,Bottom 70% - Lower Risk
2120864,202606,2026-06-15,0.36472476,0.4666194021032731,Bottom 70% - Lower Risk
2452418,202606,2026-06-15,0.3647011,0.46673756351175705,Bottom 70% - Lower Risk
2454029,202606,2026-06-15,0.36468208,0.466855724920241,Bottom 70% - Lower Risk
2571268,202606,2026-06-15,0.36466387,0.46697388632872505,Bottom 70% - Lower Risk
2534687,202606,2026-06-15,0.36466387,0.467092047737209,Bottom 70% - Lower Risk
2475294,202606,2026-06-15,0.36458188,0.467210209145693,Bottom 70% - Lower Risk
2458320,202606,2026-06-15,0.36456567,0.46732837055417703,Bottom 70% - Lower Risk
2472864,202606,2026-06-15,0.36453345,0.467446531962661,Bottom 70% - Lower Risk
2008089,202606,2026-06-15,0.36450234,0.467564693371145,Bottom 70% - Lower Risk
2484291,202606,2026-06-15,0.36449325,0.46768285477962895,Bottom 70% - Lower Risk
2070312,202606,2026-06-15,0.36449248,0.467801016188113,Bottom 70% - Lower Risk
2367856,202606,2026-06-15,0.36446872,0.46791917759659696,Bottom 70% - Lower Risk
2492274,202606,2026-06-15,0.36446872,0.4681555004135649,Bottom 70% - Lower Risk
2574626,202606,2026-06-15,0.36446872,0.46803733900508093,Bottom 70% - Lower Risk
2285248,202606,2026-06-15,0.3644536,0.46827366182204894,Bottom 70% - Lower Risk
2355878,202604,2026-04-15,0.36439213,0.4683918232305329,Bottom 70% - Lower Risk
2186560,202606,2026-06-15,0.3643689,0.4685099846390169,Bottom 70% - Lower Risk
2456025,202604,2026-04-15,0.36432981,0.46862814604750086,Bottom 70% - Lower Risk
2108338,202606,2026-06-15,0.3643114,0.4687463074559849,Bottom 70% - Lower Risk
2054154,202606,2026-06-15,0.36428264,0.46886446886446886,Bottom 70% - Lower Risk
2510359,202606,2026-06-15,0.3642826,0.46898263027295284,Bottom 70% - Lower Risk
2010163,202606,2026-06-15,0.3642652,0.46910079168143687,Bottom 70% - Lower Risk
2588122,202606,2026-06-15,0.3642221,0.46921895308992084,Bottom 70% - Lower Risk
2070754,202606,2026-06-15,0.36414686,0.4693371144984048,Bottom 70% - Lower Risk
2249033,202606,2026-06-15,0.36413878,0.4694552759068888,Bottom 70% - Lower Risk
2095564,202606,2026-06-15,0.36410254,0.4695734373153728,Bottom 70% - Lower Risk
2401480,202606,2026-06-15,0.3640784,0.46980976013234077,Bottom 70% - Lower Risk
2550119,202606,2026-06-15,0.3640784,0.4696915987238568,Bottom 70% - Lower Risk
2003023,202606,2026-06-15,0.36406875,0.46992792154082474,Bottom 70% - Lower Risk
2332490,202606,2026-06-15,0.36405692,0.4700460829493088,Bottom 70% - Lower Risk
2094142,202606,2026-06-15,0.3640562,0.47016424435779275,Bottom 70% - Lower Risk
2431547,202606,2026-06-15,0.36403587,0.4702824057662767,Bottom 70% - Lower Risk
2529404,202606,2026-06-15,0.36399093,0.4704005671747607,Bottom 70% - Lower Risk
2315867,202606,2026-06-15,0.36396682,0.4705187285832447,Bottom 70% - Lower Risk
2554884,202606,2026-06-15,0.3639596,0.4706368899917287,Bottom 70% - Lower Risk
2293346,202606,2026-06-15,0.36393467,0.4707550514002127,Bottom 70% - Lower Risk
2507373,202606,2026-06-15,0.3638837,0.4708732128086967,Bottom 70% - Lower Risk
2213037,202606,2026-06-15,0.36387372,0.4709913742171807,Bottom 70% - Lower Risk
2134415,202606,2026-06-15,0.3638468,0.47110953562566465,Bottom 70% - Lower Risk
2019253,202606,2026-06-15,0.36384594,0.47122769703414863,Bottom 70% - Lower Risk
2083881,202606,2026-06-15,0.36381826,0.47134585844263266,Bottom 70% - Lower Risk
2444737,202606,2026-06-15,0.36381826,0.47146401985111663,Bottom 70% - Lower Risk
2473463,202606,2026-06-15,0.3638119,0.4715821812596006,Bottom 70% - Lower Risk
2066350,202603,2026-03-18,0.36374673,0.4717003426680846,Bottom 70% - Lower Risk
2608113,202606,2026-06-15,0.36370653,0.4718185040765686,Bottom 70% - Lower Risk
2053498,202606,2026-06-15,0.36368912,0.4719366654850526,Bottom 70% - Lower Risk
2526424,202606,2026-06-15,0.36368176,0.47205482689353656,Bottom 70% - Lower Risk
2279994,202606,2026-06-15,0.3636057,0.47217298830202054,Bottom 70% - Lower Risk
2114010,202606,2026-06-15,0.36358863,0.47229114971050457,Bottom 70% - Lower Risk
2578381,202606,2026-06-15,0.3635785,0.47240931111898854,Bottom 70% - Lower Risk
2586540,202606,2026-06-15,0.3635785,0.4725274725274725,Bottom 70% - Lower Risk
2155375,202606,2026-06-15,0.3635785,0.4727637953444405,Bottom 70% - Lower Risk
2118518,202606,2026-06-15,0.3635785,0.47264563393595654,Bottom 70% - Lower Risk
2193472,202606,2026-06-15,0.3635785,0.4728819567529245,Bottom 70% - Lower Risk
2142772,202606,2026-06-15,0.363524,0.47300011816140847,Bottom 70% - Lower Risk
2608474,202606,2026-06-15,0.36350897,0.4731182795698925,Bottom 70% - Lower Risk
2553166,202606,2026-06-15,0.36350572,0.47323644097837647,Bottom 70% - Lower Risk
2512251,202606,2026-06-15,0.3634067,0.47335460238686045,Bottom 70% - Lower Risk
2450919,202606,2026-06-15,0.36337134,0.4734727637953444,Bottom 70% - Lower Risk
2180647,202606,2026-06-15,0.36337134,0.47359092520382845,Bottom 70% - Lower Risk
2153078,202606,2026-06-15,0.36334687,0.4737090866123124,Bottom 70% - Lower Risk
2168331,202606,2026-06-15,0.3633315,0.4738272480207964,Bottom 70% - Lower Risk
2333179,202606,2026-06-15,0.3633212,0.4739454094292804,Bottom 70% - Lower Risk
2294205,202606,2026-06-15,0.36331394,0.4740635708377644,Bottom 70% - Lower Risk
2557702,202606,2026-06-15,0.36330765,0.4741817322462484,Bottom 70% - Lower Risk
2524515,202606,2026-06-15,0.363269,0.47429989365473235,Bottom 70% - Lower Risk
2379458,202606,2026-06-15,0.36323565,0.47453621647170036,Bottom 70% - Lower Risk
2362079,202604,2026-04-15,0.36323565,0.4744180550632163,Bottom 70% - Lower Risk
2253278,202606,2026-06-15,0.36321297,0.47465437788018433,Bottom 70% - Lower Risk
2428606,202606,2026-06-15,0.36317635,0.4747725392886683,Bottom 70% - Lower Risk
2546325,202606,2026-06-15,0.36313742,0.4751270235141203,Bottom 70% - Lower Risk
2248611,202606,2026-06-15,0.36313742,0.4750088621056363,Bottom 70% - Lower Risk
2314224,202606,2026-06-15,0.36313742,0.47489070069715233,Bottom 70% - Lower Risk
2572834,202606,2026-06-15,0.36313742,0.47524518492260426,Bottom 70% - Lower Risk
2584797,202606,2026-06-15,0.36313307,0.4753633463310883,Bottom 70% - Lower Risk
2572418,202606,2026-06-15,0.36313307,0.47548150773957226,Bottom 70% - Lower Risk
2248911,202606,2026-06-15,0.36312124,0.47559966914805624,Bottom 70% - Lower Risk
2555550,202603,2026-03-18,0.36308682,0.4757178305565402,Bottom 70% - Lower Risk
2150444,202606,2026-06-15,0.36306235,0.47583599196502424,Bottom 70% - Lower Risk
2201022,202606,2026-06-15,0.36301258,0.4759541533735082,Bottom 70% - Lower Risk
2460782,202606,2026-06-15,0.36301258,0.4760723147819922,Bottom 70% - Lower Risk
2560990,202606,2026-06-15,0.36292678,0.47619047619047616,Bottom 70% - Lower Risk
2173832,202606,2026-06-15,0.36291885,0.47654496041592814,Bottom 70% - Lower Risk
2586674,202606,2026-06-15,0.36291885,0.47642679900744417,Bottom 70% - Lower Risk
2610273,202606,2026-06-15,0.36291885,0.4763086375989602,Bottom 70% - Lower Risk
2464022,202606,2026-06-15,0.3629118,0.4766631218244122,Bottom 70% - Lower Risk
2477434,202606,2026-06-15,0.36289948,0.47678128323289615,Bottom 70% - Lower Risk
2541773,202606,2026-06-15,0.3628682,0.4768994446413801,Bottom 70% - Lower Risk
2241253,202606,2026-06-15,0.3627744,0.4770176060498641,Bottom 70% - Lower Risk
2225277,202606,2026-06-15,0.36271235,0.4771357674583481,Bottom 70% - Lower Risk
2567355,202606,2026-06-15,0.3626902,0.4772539288668321,Bottom 70% - Lower Risk
2480043,202606,2026-06-15,0.36264512,0.4773720902753161,Bottom 70% - Lower Risk
2132047,202606,2026-06-15,0.36264333,0.4776084130922841,Bottom 70% - Lower Risk
2552550,202606,2026-06-15,0.36264333,0.47749025168380005,Bottom 70% - Lower Risk
2475937,202606,2026-06-15,0.36264333,0.47772657450076805,Bottom 70% - Lower Risk
2068427,202606,2026-06-15,0.36264333,0.477844735909252,Bottom 70% - Lower Risk
2332068,202606,2026-06-15,0.3626174,0.477962897317736,Bottom 70% - Lower Risk
2516282,202606,2026-06-15,0.3626152,0.47808105872622003,Bottom 70% - Lower Risk
2133132,202606,2026-06-15,0.36250937,0.478435542951672,Bottom 70% - Lower Risk
2183281,202606,2026-06-15,0.36250937,0.478199220134704,Bottom 70% - Lower Risk
2290283,202606,2026-06-15,0.36250937,0.478317381543188,Bottom 70% - Lower Risk
2443005,202606,2026-06-15,0.36245966,0.47867186576863996,Bottom 70% - Lower Risk
2506252,202606,2026-06-15,0.36245966,0.478553704360156,Bottom 70% - Lower Risk
2549203,202606,2026-06-15,0.36243647,0.47879002717712393,Bottom 70% - Lower Risk
2367409,202606,2026-06-15,0.36239183,0.47890818858560796,Bottom 70% - Lower Risk
2191325,202606,2026-06-15,0.3623721,0.47902634999409194,Bottom 70% - Lower Risk
2333794,202606,2026-06-15,0.3623701,0.4791445114025759,Bottom 70% - Lower Risk
2547055,202606,2026-06-15,0.3623547,0.4792626728110599,Bottom 70% - Lower Risk
2495400,202606,2026-06-15,0.3623121,0.4793808342195439,Bottom 70% - Lower Risk
2583420,202606,2026-06-15,0.36228618,0.47961715703651187,Bottom 70% - Lower Risk
2340112,202606,2026-06-15,0.36228618,0.4794989956280279,Bottom 70% - Lower Risk
2527597,202606,2026-06-15,0.36228618,0.47985347985347987,Bottom 70% - Lower Risk
2262041,202606,2026-06-15,0.36228618,0.47973531844499584,Bottom 70% - Lower Risk
2311158,202606,2026-06-15,0.36228102,0.47997164126196384,Bottom 70% - Lower Risk
2164687,202606,2026-06-15,0.36228102,0.48020796407893185,Bottom 70% - Lower Risk
2492673,202606,2026-06-15,0.36228102,0.4800898026704478,Bottom 70% - Lower Risk
2101659,202606,2026-06-15,0.36219677,0.4803261254874158,Bottom 70% - Lower Risk
2474123,202606,2026-06-15,0.36216882,0.4804442868958998,Bottom 70% - Lower Risk
2511976,202606,2026-06-15,0.3621507,0.48056244830438377,Bottom 70% - Lower Risk
2553312,202605,2026-05-16,0.3621374,0.4806806097128678,Bottom 70% - Lower Risk
2039546,202606,2026-06-15,0.3621296,0.4807987711213518,Bottom 70% - Lower Risk
2588654,202606,2026-06-15,0.36207253,0.48091693252983575,Bottom 70% - Lower Risk
2439456,202606,2026-06-15,0.3620696,0.4810350939383197,Bottom 70% - Lower Risk
2479267,202606,2026-06-15,0.36197793,0.48115325534680375,Bottom 70% - Lower Risk
2172976,202606,2026-06-15,0.36197054,0.48127141675528773,Bottom 70% - Lower Risk
2061360,202606,2026-06-15,0.3619568,0.4813895781637717,Bottom 70% - Lower Risk
2355150,202606,2026-06-15,0.36191958,0.4815077395722557,Bottom 70% - Lower Risk
2272469,202606,2026-06-15,0.3619155,0.4816259009807397,Bottom 70% - Lower Risk
2304509,202606,2026-06-15,0.36184573,0.4817440623892237,Bottom 70% - Lower Risk
2057331,202606,2026-06-15,0.36182958,0.48186222379770766,Bottom 70% - Lower Risk
2218381,202606,2026-06-15,0.36181933,0.48209854661467566,Bottom 70% - Lower Risk
2151010,202606,2026-06-15,0.36181933,0.48198038520619163,Bottom 70% - Lower Risk
2455231,202606,2026-06-15,0.36177647,0.48221670802315963,Bottom 70% - Lower Risk
2530473,202606,2026-06-15,0.36175287,0.4823348694316436,Bottom 70% - Lower Risk
2135987,202606,2026-06-15,0.3617375,0.48245303084012764,Bottom 70% - Lower Risk
2317566,202606,2026-06-15,0.36173397,0.4825711922486116,Bottom 70% - Lower Risk
2366462,202606,2026-06-15,0.36172763,0.4826893536570956,Bottom 70% - Lower Risk
2585152,202606,2026-06-15,0.36170805,0.48280751506557956,Bottom 70% - Lower Risk
2571487,202606,2026-06-15,0.36169448,0.4829256764740636,Bottom 70% - Lower Risk
2495712,202606,2026-06-15,0.3616807,0.48304383788254757,Bottom 70% - Lower Risk
2502028,202606,2026-06-15,0.36168012,0.48316199929103154,Bottom 70% - Lower Risk
2127077,202606,2026-06-15,0.36166942,0.4832801606995155,Bottom 70% - Lower Risk
2058735,202606,2026-06-15,0.36156794,0.48339832210799955,Bottom 70% - Lower Risk
2328904,202606,2026-06-15,0.36153218,0.4835164835164835,Bottom 70% - Lower Risk
2249398,202606,2026-06-15,0.36152852,0.4836346449249675,Bottom 70% - Lower Risk
2541911,202606,2026-06-15,0.3615069,0.48375280633345147,Bottom 70% - Lower Risk
2086914,202606,2026-06-15,0.36145353,0.4838709677419355,Bottom 70% - Lower Risk
2461163,202606,2026-06-15,0.36145124,0.4839891291504195,Bottom 70% - Lower Risk
2194577,202606,2026-06-15,0.36144057,0.48410729055890345,Bottom 70% - Lower Risk
2087401,202606,2026-06-15,0.36138406,0.4842254519673875,Bottom 70% - Lower Risk
2468232,202606,2026-06-15,0.36135247,0.48434361337587145,Bottom 70% - Lower Risk
2599486,202606,2026-06-15,0.36135247,0.4845799361928394,Bottom 70% - Lower Risk
2180008,202606,2026-06-15,0.36135247,0.4844617747843554,Bottom 70% - Lower Risk
2536976,202606,2026-06-15,0.36132506,0.48469809760132343,Bottom 70% - Lower Risk
2538918,202606,2026-06-15,0.3613155,0.4848162590098074,Bottom 70% - Lower Risk
2451715,202606,2026-06-15,0.36130956,0.4849344204182914,Bottom 70% - Lower Risk
2155729,202606,2026-06-15,0.36124164,0.48505258182677535,Bottom 70% - Lower Risk
2278948,202606,2026-06-15,0.36122158,0.4851707432352594,Bottom 70% - Lower Risk
2381058,202606,2026-06-15,0.36121652,0.48528890464374336,Bottom 70% - Lower Risk
2012833,202606,2026-06-15,0.36121073,0.48540706605222733,Bottom 70% - Lower Risk
2375969,202606,2026-06-15,0.361155,0.4855252274607113,Bottom 70% - Lower Risk
2613535,202606,2026-06-15,0.36114898,0.48564338886919534,Bottom 70% - Lower Risk
2293642,202603,2026-03-18,0.36107466,0.4857615502776793,Bottom 70% - Lower Risk
2616361,202606,2026-06-15,0.36106572,0.4858797116861633,Bottom 70% - Lower Risk
2376415,202606,2026-06-15,0.36104178,0.4859978730946473,Bottom 70% - Lower Risk
2078617,202606,2026-06-15,0.36102676,0.4861160345031313,Bottom 70% - Lower Risk
2536785,202606,2026-06-15,0.36102006,0.48623419591161526,Bottom 70% - Lower Risk
2030964,202606,2026-06-15,0.36099175,0.48635235732009924,Bottom 70% - Lower Risk
2229901,202606,2026-06-15,0.36098906,0.48647051872858327,Bottom 70% - Lower Risk
2406244,202606,2026-06-15,0.36095077,0.48658868013706724,Bottom 70% - Lower Risk
2507988,202606,2026-06-15,0.36088172,0.4867068415455512,Bottom 70% - Lower Risk
2542785,202606,2026-06-15,0.36086458,0.4868250029540352,Bottom 70% - Lower Risk
2015180,202606,2026-06-15,0.36085382,0.4869431643625192,Bottom 70% - Lower Risk
2470371,202606,2026-06-15,0.36085168,0.4870613257710032,Bottom 70% - Lower Risk
2221254,202606,2026-06-15,0.36085168,0.48717948717948717,Bottom 70% - Lower Risk
2378897,202606,2026-06-15,0.36081368,0.48729764858797114,Bottom 70% - Lower Risk
2170440,202606,2026-06-15,0.36077192,0.4874158099964552,Bottom 70% - Lower Risk
2484063,202606,2026-06-15,0.36075598,0.48753397140493915,Bottom 70% - Lower Risk
2514317,202606,2026-06-15,0.36068782,0.4876521328134231,Bottom 70% - Lower Risk
2516299,202606,2026-06-15,0.36065966,0.48777029422190715,Bottom 70% - Lower Risk
2591451,202606,2026-06-15,0.3606262,0.4878884556303911,Bottom 70% - Lower Risk
2530812,202606,2026-06-15,0.36060387,0.4880066170388751,Bottom 70% - Lower Risk
2505812,202606,2026-06-15,0.36059716,0.4881247784473591,Bottom 70% - Lower Risk
2492738,202606,2026-06-15,0.36058143,0.4882429398558431,Bottom 70% - Lower Risk
2332922,202606,2026-06-15,0.36057025,0.4883611012643271,Bottom 70% - Lower Risk
2553312,202603,2026-03-18,0.36052954,0.48847926267281105,Bottom 70% - Lower Risk
2463697,202606,2026-06-15,0.36042976,0.48859742408129503,Bottom 70% - Lower Risk
2604410,202606,2026-06-15,0.36041087,0.48871558548977906,Bottom 70% - Lower Risk
2125712,202606,2026-06-15,0.36037236,0.48883374689826303,Bottom 70% - Lower Risk
2555548,202606,2026-06-15,0.3603302,0.488951908306747,Bottom 70% - Lower Risk
2194951,202606,2026-06-15,0.36031863,0.489070069715231,Bottom 70% - Lower Risk
2059368,202606,2026-06-15,0.3603002,0.489188231123715,Bottom 70% - Lower Risk
2458782,202606,2026-06-15,0.36029354,0.489306392532199,Bottom 70% - Lower Risk
2477097,202606,2026-06-15,0.3602457,0.48942455394068296,Bottom 70% - Lower Risk
2113820,202606,2026-06-15,0.36024338,0.48954271534916693,Bottom 70% - Lower Risk
2292598,202606,2026-06-15,0.36017084,0.48966087675765096,Bottom 70% - Lower Risk
2230218,202606,2026-06-15,0.3601537,0.48977903816613494,Bottom 70% - Lower Risk
2435698,202606,2026-06-15,0.36013573,0.4898971995746189,Bottom 70% - Lower Risk
2339808,202606,2026-06-15,0.3601214,0.49001536098310294,Bottom 70% - Lower Risk
2343868,202606,2026-06-15,0.36006853,0.4901335223915869,Bottom 70% - Lower Risk
2562963,202606,2026-06-15,0.36000273,0.4902516838000709,Bottom 70% - Lower Risk
2237480,202606,2026-06-15,0.3599774,0.49036984520855487,Bottom 70% - Lower Risk
2147372,202606,2026-06-15,0.3599261,0.4904880066170389,Bottom 70% - Lower Risk
2147209,202606,2026-06-15,0.3598841,0.49060616802552287,Bottom 70% - Lower Risk
2306107,202606,2026-06-15,0.35986954,0.49072432943400685,Bottom 70% - Lower Risk
2077145,202606,2026-06-15,0.35982016,0.4908424908424908,Bottom 70% - Lower Risk
2175325,202606,2026-06-15,0.35981324,0.49096065225097485,Bottom 70% - Lower Risk
2166555,202606,2026-06-15,0.35977846,0.4911969750679428,Bottom 70% - Lower Risk
2148643,202606,2026-06-15,0.35977846,0.4910788136594588,Bottom 70% - Lower Risk
2154259,202606,2026-06-15,0.35977057,0.4913151364764268,Bottom 70% - Lower Risk
2004405,202606,2026-06-15,0.3597675,0.4914332978849108,Bottom 70% - Lower Risk
2601670,202606,2026-06-15,0.35975805,0.4915514592933948,Bottom 70% - Lower Risk
2565499,202606,2026-06-15,0.35974362,0.49166962070187875,Bottom 70% - Lower Risk
2157593,202606,2026-06-15,0.359727,0.4917877821103628,Bottom 70% - Lower Risk
2612325,202606,2026-06-15,0.3596664,0.49190594351884676,Bottom 70% - Lower Risk
2533194,202606,2026-06-15,0.3595976,0.49202410492733073,Bottom 70% - Lower Risk
2424918,202606,2026-06-15,0.3595055,0.4921422663358147,Bottom 70% - Lower Risk
2218672,202606,2026-06-15,0.35948047,0.49226042774429873,Bottom 70% - Lower Risk
2232738,202606,2026-06-15,0.35948047,0.4923785891527827,Bottom 70% - Lower Risk
2328257,202606,2026-06-15,0.35946932,0.49296939619520264,Bottom 70% - Lower Risk
2448113,202606,2026-06-15,0.35946932,0.49285123478671866,Bottom 70% - Lower Risk
2175377,202602,2026-02-15,0.35946932,0.4924967505612667,Bottom 70% - Lower Risk
2084311,202606,2026-06-15,0.35946932,0.49261491196975066,Bottom 70% - Lower Risk
2269711,202606,2026-06-15,0.35946932,0.4927330733782347,Bottom 70% - Lower Risk
2005899,202606,2026-06-15,0.35943487,0.4930875576036866,Bottom 70% - Lower Risk
2541577,202606,2026-06-15,0.3594271,0.49320571901217064,Bottom 70% - Lower Risk
2267031,202606,2026-06-15,0.3593632,0.4933238804206546,Bottom 70% - Lower Risk
2349306,202606,2026-06-15,0.35928798,0.4934420418291386,Bottom 70% - Lower Risk
2106774,202606,2026-06-15,0.35916668,0.4935602032376226,Bottom 70% - Lower Risk
2488571,202606,2026-06-15,0.35914412,0.4936783646461066,Bottom 70% - Lower Risk
2229155,202606,2026-06-15,0.359083,0.49379652605459057,Bottom 70% - Lower Risk
2071016,202606,2026-06-15,0.35902736,0.49391468746307454,Bottom 70% - Lower Risk
2220772,202606,2026-06-15,0.35900578,0.49403284887155857,Bottom 70% - Lower Risk
2575943,202606,2026-06-15,0.35888684,0.49415101028004255,Bottom 70% - Lower Risk
2316083,202606,2026-06-15,0.35885426,0.4942691716885265,Bottom 70% - Lower Risk
2328181,202606,2026-06-15,0.35881495,0.4943873330970105,Bottom 70% - Lower Risk
2555268,202603,2026-03-18,0.35879976,0.4945054945054945,Bottom 70% - Lower Risk
2559262,202606,2026-06-15,0.3587711,0.4946236559139785,Bottom 70% - Lower Risk
2530621,202606,2026-06-15,0.3586981,0.4947418173224625,Bottom 70% - Lower Risk
2134670,202606,2026-06-15,0.35864434,0.49485997873094645,Bottom 70% - Lower Risk
2315909,202606,2026-06-15,0.35860863,0.4949781401394305,Bottom 70% - Lower Risk
2019750,202606,2026-06-15,0.35860136,0.49509630154791445,Bottom 70% - Lower Risk
2571565,202606,2026-06-15,0.358571,0.4952144629563984,Bottom 70% - Lower Risk
2067348,202606,2026-06-15,0.358558,0.49533262436488246,Bottom 70% - Lower Risk
2036915,202606,2026-06-15,0.35855108,0.49545078577336643,Bottom 70% - Lower Risk
2552981,202606,2026-06-15,0.35855108,0.4955689471818504,Bottom 70% - Lower Risk
2263762,202606,2026-06-15,0.35853195,0.4956871085903344,Bottom 70% - Lower Risk
2268972,202606,2026-06-15,0.35851613,0.4958052699988184,Bottom 70% - Lower Risk
2491599,202606,2026-06-15,0.35848653,0.4959234314073024,Bottom 70% - Lower Risk
2001562,202606,2026-06-15,0.35842073,0.49604159281578636,Bottom 70% - Lower Risk
2181423,202606,2026-06-15,0.35840487,0.49615975422427033,Bottom 70% - Lower Risk
2500087,202606,2026-06-15,0.35839117,0.49627791563275436,Bottom 70% - Lower Risk
2385800,202606,2026-06-15,0.35833526,0.49639607704123834,Bottom 70% - Lower Risk
2113334,202606,2026-06-15,0.35830516,0.4965142384497223,Bottom 70% - Lower Risk
2021483,202606,2026-06-15,0.3582835,0.4966323998582063,Bottom 70% - Lower Risk
2522972,202606,2026-06-15,0.35826662,0.49698688408365826,Bottom 70% - Lower Risk
2176003,202606,2026-06-15,0.35826662,0.4968687226751743,Bottom 70% - Lower Risk
2462730,202606,2026-06-15,0.35826662,0.4967505612666903,Bottom 70% - Lower Risk
2613643,202606,2026-06-15,0.35826612,0.49710504549214224,Bottom 70% - Lower Risk
2535212,202606,2026-06-15,0.3582081,0.49722320690062627,Bottom 70% - Lower Risk
2523843,202606,2026-06-15,0.35815912,0.49734136830911024,Bottom 70% - Lower Risk
2571341,202606,2026-06-15,0.35814837,0.4974595297175942,Bottom 70% - Lower Risk
2225701,202606,2026-06-15,0.3581198,0.49757769112607825,Bottom 70% - Lower Risk
2494130,202606,2026-06-15,0.3581198,0.4976958525345622,Bottom 70% - Lower Risk
2258663,202606,2026-06-15,0.35810903,0.4978140139430462,Bottom 70% - Lower Risk
2539116,202603,2026-03-18,0.35802537,0.49793217535153017,Bottom 70% - Lower Risk
2208934,202606,2026-06-15,0.3580175,0.4980503367600142,Bottom 70% - Lower Risk
2213260,202606,2026-06-15,0.3580068,0.4981684981684982,Bottom 70% - Lower Risk
2307003,202606,2026-06-15,0.3580037,0.4984048209854661,Bottom 70% - Lower Risk
2314560,202606,2026-06-15,0.3580037,0.49828665957698215,Bottom 70% - Lower Risk
2261891,202606,2026-06-15,0.3579843,0.49852298239395015,Bottom 70% - Lower Risk
2429183,202606,2026-06-15,0.3579751,0.49864114380243413,Bottom 70% - Lower Risk
2194034,202606,2026-06-15,0.35797006,0.4987593052109181,Bottom 70% - Lower Risk
2136832,202606,2026-06-15,0.35789767,0.4988774666194021,Bottom 70% - Lower Risk
2566486,202606,2026-06-15,0.35789767,0.4989956280278861,Bottom 70% - Lower Risk
2027894,202606,2026-06-15,0.35785526,0.4991137894363701,Bottom 70% - Lower Risk
2016360,202603,2026-03-18,0.35779518,0.49923195084485406,Bottom 70% - Lower Risk
2404165,202606,2026-06-15,0.3577661,0.4993501122533381,Bottom 70% - Lower Risk
2324149,202606,2026-06-15,0.35773054,0.49958643507030603,Bottom 70% - Lower Risk
2487939,202606,2026-06-15,0.35773054,0.49946827366182206,Bottom 70% - Lower Risk
2543459,202606,2026-06-15,0.35766944,0.49970459647879,Bottom 70% - Lower Risk
2157795,202606,2026-06-15,0.35765165,0.49982275788727404,Bottom 70% - Lower Risk
2574701,202606,2026-06-15,0.35758242,0.499940919295758,Bottom 70% - Lower Risk
2156673,202606,2026-06-15,0.35754007,0.500059080704242,Bottom 70% - Lower Risk
2224059,202606,2026-06-15,0.3575263,0.500177242112726,Bottom 70% - Lower Risk
2196532,202606,2026-06-15,0.35749137,0.5002954035212099,Bottom 70% - Lower Risk
2360445,202606,2026-06-15,0.35748208,0.5004135649296939,Bottom 70% - Lower Risk
2166406,202606,2026-06-15,0.3574796,0.500649887746662,Bottom 70% - Lower Risk
2611021,202606,2026-06-15,0.3574796,0.500531726338178,Bottom 70% - Lower Risk
2551313,202606,2026-06-15,0.3574624,0.500768049155146,Bottom 70% - Lower Risk
2293564,202605,2026-05-16,0.3574208,0.5008862105636299,Bottom 70% - Lower Risk
2250435,202606,2026-06-15,0.35738295,0.5017133404230179,Bottom 70% - Lower Risk
2501913,202606,2026-06-15,0.35738295,0.5018315018315018,Bottom 70% - Lower Risk
2209035,202606,2026-06-15,0.35738295,0.5015951790145339,Bottom 70% - Lower Risk
2231732,202606,2026-06-15,0.35738295,0.5021859860569537,Bottom 70% - Lower Risk
2357542,202606,2026-06-15,0.35738295,0.5020678246484698,Bottom 70% - Lower Risk
2148514,202606,2026-06-15,0.35738295,0.5013588561975659,Bottom 70% - Lower Risk
2251425,202604,2026-04-15,0.35738295,0.5011225333805979,Bottom 70% - Lower Risk
2407813,202512,2025-12-16,0.35738295,0.5023041474654378,Bottom 70% - Lower Risk
2218495,202606,2026-06-15,0.35738295,0.5010043719721139,Bottom 70% - Lower Risk
2213266,202606,2026-06-15,0.35738295,0.5014770176060499,Bottom 70% - Lower Risk
2386146,202606,2026-06-15,0.35738295,0.5019496632399858,Bottom 70% - Lower Risk
2168112,202606,2026-06-15,0.35738295,0.5012406947890818,Bottom 70% - Lower Risk
2298125,202606,2026-06-15,0.3573659,0.5025404702824058,Bottom 70% - Lower Risk
2186652,202606,2026-06-15,0.3573659,0.5024223088739218,Bottom 70% - Lower Risk
2575395,202606,2026-06-15,0.35734987,0.5026586316908898,Bottom 70% - Lower Risk
2241937,202606,2026-06-15,0.35734987,0.5027767930993737,Bottom 70% - Lower Risk
2152856,202606,2026-06-15,0.35733747,0.5028949545078577,Bottom 70% - Lower Risk
2261782,202606,2026-06-15,0.35733366,0.5030131159163417,Bottom 70% - Lower Risk
2441654,202606,2026-06-15,0.35732916,0.5031312773248258,Bottom 70% - Lower Risk
2200908,202606,2026-06-15,0.35731176,0.5032494387333097,Bottom 70% - Lower Risk
2110128,202606,2026-06-15,0.3572914,0.5033676001417937,Bottom 70% - Lower Risk
2506752,202606,2026-06-15,0.35727882,0.5034857615502777,Bottom 70% - Lower Risk
2313189,202606,2026-06-15,0.3572358,0.5036039229587617,Bottom 70% - Lower Risk
2344378,202604,2026-04-15,0.35719812,0.5037220843672456,Bottom 70% - Lower Risk
2609166,202606,2026-06-15,0.357195,0.5038402457757296,Bottom 70% - Lower Risk
2611106,202606,2026-06-15,0.357195,0.5041947300011816,Bottom 70% - Lower Risk
2564440,202606,2026-06-15,0.357195,0.5039584071842136,Bottom 70% - Lower Risk
2272058,202606,2026-06-15,0.357195,0.5040765685926977,Bottom 70% - Lower Risk
2572141,202606,2026-06-15,0.357172,0.5043128914096656,Bottom 70% - Lower Risk
2475044,202606,2026-06-15,0.35717076,0.5044310528181496,Bottom 70% - Lower Risk
2183306,202606,2026-06-15,0.35716632,0.5045492142266336,Bottom 70% - Lower Risk
2589289,202606,2026-06-15,0.35714227,0.5046673756351175,Bottom 70% - Lower Risk
2509747,202606,2026-06-15,0.3571227,0.5047855370436015,Bottom 70% - Lower Risk
2164394,202606,2026-06-15,0.3570429,0.5049036984520856,Bottom 70% - Lower Risk
2067057,202606,2026-06-15,0.35703635,0.5050218598605696,Bottom 70% - Lower Risk
2214214,202606,2026-06-15,0.35702837,0.5051400212690536,Bottom 70% - Lower Risk
2258309,202606,2026-06-15,0.35698715,0.5052581826775375,Bottom 70% - Lower Risk
2524564,202606,2026-06-15,0.3569836,0.5053763440860215,Bottom 70% - Lower Risk
2146872,202606,2026-06-15,0.3569836,0.5054945054945055,Bottom 70% - Lower Risk
2498743,202603,2026-03-18,0.35695022,0.5056126669029894,Bottom 70% - Lower Risk
2377749,202606,2026-06-15,0.35685953,0.5057308283114734,Bottom 70% - Lower Risk
2324064,202606,2026-06-15,0.35684368,0.5058489897199575,Bottom 70% - Lower Risk
2154107,202606,2026-06-15,0.35682127,0.5059671511284415,Bottom 70% - Lower Risk
2402214,202606,2026-06-15,0.35682127,0.5060853125369255,Bottom 70% - Lower Risk
2575603,202606,2026-06-15,0.35681233,0.5062034739454094,Bottom 70% - Lower Risk
2241386,202606,2026-06-15,0.35676748,0.5063216353538934,Bottom 70% - Lower Risk
2278260,202606,2026-06-15,0.3566945,0.5064397967623774,Bottom 70% - Lower Risk
2254079,202606,2026-06-15,0.35667568,0.5065579581708614,Bottom 70% - Lower Risk
2175672,202606,2026-06-15,0.35666162,0.5066761195793454,Bottom 70% - Lower Risk
2548028,202606,2026-06-15,0.35665348,0.5067942809878294,Bottom 70% - Lower Risk
2556231,202606,2026-06-15,0.35659254,0.5069124423963134,Bottom 70% - Lower Risk
2222660,202606,2026-06-15,0.35657954,0.5070306038047974,Bottom 70% - Lower Risk
2177665,202606,2026-06-15,0.35646787,0.5071487652132813,Bottom 70% - Lower Risk
2437354,202606,2026-06-15,0.35646433,0.5072669266217653,Bottom 70% - Lower Risk
2132597,202606,2026-06-15,0.3564226,0.5073850880302493,Bottom 70% - Lower Risk
2552898,202606,2026-06-15,0.35640976,0.5075032494387333,Bottom 70% - Lower Risk
2389699,202606,2026-06-15,0.35639557,0.5076214108472173,Bottom 70% - Lower Risk
2444638,202606,2026-06-15,0.35636413,0.5077395722557013,Bottom 70% - Lower Risk
2150015,202606,2026-06-15,0.3563292,0.5078577336641853,Bottom 70% - Lower Risk
2390591,202606,2026-06-15,0.35622853,0.5079758950726693,Bottom 70% - Lower Risk
2189111,202606,2026-06-15,0.35622528,0.5080940564811532,Bottom 70% - Lower Risk
2399042,202606,2026-06-15,0.3562141,0.5082122178896372,Bottom 70% - Lower Risk
2539560,202606,2026-06-15,0.3562141,0.5083303792981212,Bottom 70% - Lower Risk
2336266,202606,2026-06-15,0.35617712,0.5084485407066052,Bottom 70% - Lower Risk
2348969,202606,2026-06-15,0.3561719,0.5085667021150893,Bottom 70% - Lower Risk
2361981,202606,2026-06-15,0.35616484,0.5086848635235732,Bottom 70% - Lower Risk
2127277,202606,2026-06-15,0.35608232,0.5088030249320572,Bottom 70% - Lower Risk
2316714,202606,2026-06-15,0.35607338,0.5089211863405412,Bottom 70% - Lower Risk
2308842,202602,2026-02-15,0.355993,0.5090393477490252,Bottom 70% - Lower Risk
2370129,202606,2026-06-15,0.355948,0.5091575091575091,Bottom 70% - Lower Risk
2408215,202606,2026-06-15,0.35585052,0.5092756705659931,Bottom 70% - Lower Risk
2395101,202606,2026-06-15,0.3558461,0.5093938319744772,Bottom 70% - Lower Risk
2212576,202606,2026-06-15,0.35576302,0.5095119933829612,Bottom 70% - Lower Risk
2297807,202606,2026-06-15,0.35573763,0.5096301547914451,Bottom 70% - Lower Risk
2418222,202606,2026-06-15,0.35571098,0.5097483161999291,Bottom 70% - Lower Risk
2294834,202606,2026-06-15,0.3556442,0.5098664776084131,Bottom 70% - Lower Risk
2152091,202606,2026-06-15,0.35564232,0.5099846390168971,Bottom 70% - Lower Risk
2327225,202606,2026-06-15,0.35564166,0.510102800425381,Bottom 70% - Lower Risk
2441804,202606,2026-06-15,0.35563466,0.510220961833865,Bottom 70% - Lower Risk
2611697,202606,2026-06-15,0.3556254,0.5104572846508331,Bottom 70% - Lower Risk
2564213,202606,2026-06-15,0.3556254,0.5103391232423491,Bottom 70% - Lower Risk
2316763,202606,2026-06-15,0.35558385,0.510575446059317,Bottom 70% - Lower Risk
2040104,202606,2026-06-15,0.35552788,0.510693607467801,Bottom 70% - Lower Risk
2002809,202606,2026-06-15,0.35551772,0.510811768876285,Bottom 70% - Lower Risk
2592862,202606,2026-06-15,0.35548836,0.510929930284769,Bottom 70% - Lower Risk
2503886,202606,2026-06-15,0.3554803,0.5110480916932529,Bottom 70% - Lower Risk
2350316,202606,2026-06-15,0.35540825,0.511166253101737,Bottom 70% - Lower Risk
2584566,202606,2026-06-15,0.35538554,0.511284414510221,Bottom 70% - Lower Risk
2374602,202606,2026-06-15,0.35538554,0.511402575918705,Bottom 70% - Lower Risk
2533374,202606,2026-06-15,0.3553377,0.511520737327189,Bottom 70% - Lower Risk
2443589,202606,2026-06-15,0.35533768,0.5117570601441569,Bottom 70% - Lower Risk
2498634,202606,2026-06-15,0.35533768,0.5116388987356729,Bottom 70% - Lower Risk
2253193,202606,2026-06-15,0.35530576,0.5118752215526409,Bottom 70% - Lower Risk
2243345,202606,2026-06-15,0.3552537,0.5119933829611248,Bottom 70% - Lower Risk
2507355,202606,2026-06-15,0.3551566,0.5121115443696089,Bottom 70% - Lower Risk
2281996,202606,2026-06-15,0.3551145,0.5122297057780929,Bottom 70% - Lower Risk
2041148,202606,2026-06-15,0.35507402,0.5123478671865769,Bottom 70% - Lower Risk
2284546,202606,2026-06-15,0.354993,0.5124660285950609,Bottom 70% - Lower Risk
2270909,202606,2026-06-15,0.35497358,0.5125841900035448,Bottom 70% - Lower Risk
2473459,202602,2026-02-15,0.35496676,0.5127023514120288,Bottom 70% - Lower Risk
2367711,202606,2026-06-15,0.35494444,0.5128205128205128,Bottom 70% - Lower Risk
2218041,202606,2026-06-15,0.35489723,0.5129386742289969,Bottom 70% - Lower Risk
2364425,202606,2026-06-15,0.35480094,0.5130568356374808,Bottom 70% - Lower Risk
2546259,202606,2026-06-15,0.3547836,0.5131749970459648,Bottom 70% - Lower Risk
2040543,202606,2026-06-15,0.3547793,0.5132931584544488,Bottom 70% - Lower Risk
2343969,202606,2026-06-15,0.35474905,0.5134113198629328,Bottom 70% - Lower Risk
2448877,202606,2026-06-15,0.35474256,0.5135294812714167,Bottom 70% - Lower Risk
2159002,202606,2026-06-15,0.35473278,0.5136476426799007,Bottom 70% - Lower Risk
2111353,202606,2026-06-15,0.35473096,0.5137658040883847,Bottom 70% - Lower Risk
2171222,202606,2026-06-15,0.35469076,0.5138839654968688,Bottom 70% - Lower Risk
2090014,202606,2026-06-15,0.35465804,0.5140021269053527,Bottom 70% - Lower Risk
2557374,202606,2026-06-15,0.35465455,0.5141202883138367,Bottom 70% - Lower Risk
2501210,202606,2026-06-15,0.35460973,0.5142384497223207,Bottom 70% - Lower Risk
2018358,202606,2026-06-15,0.3545837,0.5143566111308047,Bottom 70% - Lower Risk
2292364,202606,2026-06-15,0.3545453,0.5144747725392886,Bottom 70% - Lower Risk
2308844,202606,2026-06-15,0.35454372,0.5145929339477726,Bottom 70% - Lower Risk
2401573,202606,2026-06-15,0.35450286,0.5147110953562567,Bottom 70% - Lower Risk
2313576,202603,2026-03-18,0.35449982,0.5148292567647407,Bottom 70% - Lower Risk
2236477,202606,2026-06-15,0.35448048,0.5149474181732246,Bottom 70% - Lower Risk
2430926,202606,2026-06-15,0.35446885,0.5150655795817086,Bottom 70% - Lower Risk
2481673,202606,2026-06-15,0.3544638,0.5151837409901926,Bottom 70% - Lower Risk
2583287,202606,2026-06-15,0.35445973,0.5153019023986766,Bottom 70% - Lower Risk
2426648,202606,2026-06-15,0.35444987,0.5154200638071605,Bottom 70% - Lower Risk
2552586,202604,2026-04-15,0.3544495,0.5155382252156445,Bottom 70% - Lower Risk
2554309,202606,2026-06-15,0.35441968,0.5156563866241286,Bottom 70% - Lower Risk
2375929,202606,2026-06-15,0.35433754,0.5157745480326126,Bottom 70% - Lower Risk
2477423,202606,2026-06-15,0.3543309,0.5158927094410966,Bottom 70% - Lower Risk
2535748,202606,2026-06-15,0.3542864,0.5160108708495805,Bottom 70% - Lower Risk
2203871,202606,2026-06-15,0.35425243,0.5161290322580645,Bottom 70% - Lower Risk
2527362,202606,2026-06-15,0.35421395,0.5162471936665485,Bottom 70% - Lower Risk
2223397,202606,2026-06-15,0.35420528,0.5163653550750325,Bottom 70% - Lower Risk
2470879,202606,2026-06-15,0.35420305,0.5164835164835165,Bottom 70% - Lower Risk
2398048,202606,2026-06-15,0.35417676,0.5166016778920005,Bottom 70% - Lower Risk
2485856,202606,2026-06-15,0.35411215,0.5167198393004845,Bottom 70% - Lower Risk
2559153,202606,2026-06-15,0.35406414,0.5168380007089685,Bottom 70% - Lower Risk
2581201,202606,2026-06-15,0.35406,0.5169561621174524,Bottom 70% - Lower Risk
2328832,202602,2026-02-15,0.35405058,0.5170743235259364,Bottom 70% - Lower Risk
2582952,202606,2026-06-15,0.35402343,0.5171924849344204,Bottom 70% - Lower Risk
2442458,202606,2026-06-15,0.35402155,0.5173106463429044,Bottom 70% - Lower Risk
2113183,202601,2026-01-15,0.35399365,0.5174288077513884,Bottom 70% - Lower Risk
2216903,202606,2026-06-15,0.3539925,0.5175469691598724,Bottom 70% - Lower Risk
2057991,202606,2026-06-15,0.3539884,0.5179014533853243,Bottom 70% - Lower Risk
2561390,202606,2026-06-15,0.3539884,0.5176651305683564,Bottom 70% - Lower Risk
2349812,202606,2026-06-15,0.3539884,0.5177832919768404,Bottom 70% - Lower Risk
2152958,202606,2026-06-15,0.3539509,0.5180196147938083,Bottom 70% - Lower Risk
2175678,202604,2026-04-15,0.3538941,0.5181377762022923,Bottom 70% - Lower Risk
2155662,202606,2026-06-15,0.3538941,0.5182559376107764,Bottom 70% - Lower Risk
2587979,202606,2026-06-15,0.35389367,0.5183740990192603,Bottom 70% - Lower Risk
2190259,202606,2026-06-15,0.35385045,0.5184922604277443,Bottom 70% - Lower Risk
2312165,202606,2026-06-15,0.35380974,0.5186104218362283,Bottom 70% - Lower Risk
2450795,202606,2026-06-15,0.35380927,0.5187285832447123,Bottom 70% - Lower Risk
2391690,202606,2026-06-15,0.35380062,0.5188467446531962,Bottom 70% - Lower Risk
2620451,202606,2026-06-15,0.35380062,0.5189649060616802,Bottom 70% - Lower Risk
2311337,202606,2026-06-15,0.353761,0.5190830674701642,Bottom 70% - Lower Risk
2460891,202606,2026-06-15,0.353747,0.5192012288786483,Bottom 70% - Lower Risk
2123153,202606,2026-06-15,0.35367513,0.5193193902871323,Bottom 70% - Lower Risk
2055904,202606,2026-06-15,0.35366654,0.5194375516956162,Bottom 70% - Lower Risk
2472948,202606,2026-06-15,0.35365215,0.5195557131041002,Bottom 70% - Lower Risk
2066754,202606,2026-06-15,0.3536191,0.5196738745125842,Bottom 70% - Lower Risk
2553056,202606,2026-06-15,0.3536191,0.5197920359210682,Bottom 70% - Lower Risk
2504808,202606,2026-06-15,0.35361663,0.5199101973295521,Bottom 70% - Lower Risk
2205811,202606,2026-06-15,0.35355818,0.5200283587380362,Bottom 70% - Lower Risk
2048692,202606,2026-06-15,0.35355818,0.5201465201465202,Bottom 70% - Lower Risk
2139050,202606,2026-06-15,0.353525,0.5202646815550042,Bottom 70% - Lower Risk
2159382,202606,2026-06-15,0.35348484,0.5203828429634881,Bottom 70% - Lower Risk
2312545,202606,2026-06-15,0.35340494,0.5205010043719721,Bottom 70% - Lower Risk
2234701,202606,2026-06-15,0.35339865,0.5206191657804561,Bottom 70% - Lower Risk
2497945,202606,2026-06-15,0.35337102,0.5207373271889401,Bottom 70% - Lower Risk
2240233,202606,2026-06-15,0.35336515,0.520855488597424,Bottom 70% - Lower Risk
2158802,202606,2026-06-15,0.35331446,0.5209736500059081,Bottom 70% - Lower Risk
2477604,202606,2026-06-15,0.3532738,0.5210918114143921,Bottom 70% - Lower Risk
2319579,202606,2026-06-15,0.3532237,0.5212099728228761,Bottom 70% - Lower Risk
2340067,202606,2026-06-15,0.35312617,0.52132813423136,Bottom 70% - Lower Risk
2036940,202606,2026-06-15,0.35306656,0.521446295639844,Bottom 70% - Lower Risk
2251714,202606,2026-06-15,0.3530636,0.521564457048328,Bottom 70% - Lower Risk
2485773,202606,2026-06-15,0.35305816,0.521682618456812,Bottom 70% - Lower Risk
2448092,202606,2026-06-15,0.35305345,0.521800779865296,Bottom 70% - Lower Risk
2152989,202606,2026-06-15,0.35305107,0.52191894127378,Bottom 70% - Lower Risk
2307297,202606,2026-06-15,0.35298803,0.522037102682264,Bottom 70% - Lower Risk
2545077,202606,2026-06-15,0.35296592,0.522155264090748,Bottom 70% - Lower Risk
2385279,202606,2026-06-15,0.35295483,0.522273425499232,Bottom 70% - Lower Risk
2476960,202512,2025-12-16,0.35286793,0.5223915869077159,Bottom 70% - Lower Risk
2515200,202606,2026-06-15,0.35286793,0.5225097483161999,Bottom 70% - Lower Risk
2486882,202606,2026-06-15,0.3528535,0.5226279097246839,Bottom 70% - Lower Risk
2601661,202606,2026-06-15,0.35283917,0.522746071133168,Bottom 70% - Lower Risk
2278586,202606,2026-06-15,0.3528175,0.5228642325416519,Bottom 70% - Lower Risk
2366982,202603,2026-03-18,0.35279533,0.5229823939501359,Bottom 70% - Lower Risk
2518251,202606,2026-06-15,0.35276484,0.5234550395840718,Bottom 70% - Lower Risk
2338890,202606,2026-06-15,0.35276484,0.5232187167671039,Bottom 70% - Lower Risk
2555049,202606,2026-06-15,0.35276484,0.5231005553586199,Bottom 70% - Lower Risk
2373890,202604,2026-04-15,0.35276484,0.5233368781755878,Bottom 70% - Lower Risk
2325665,202606,2026-06-15,0.3527506,0.5235732009925558,Bottom 70% - Lower Risk
2384685,202606,2026-06-15,0.3527506,0.5236913624010399,Bottom 70% - Lower Risk
2043111,202606,2026-06-15,0.35275048,0.5238095238095238,Bottom 70% - Lower Risk
2327262,202602,2026-02-15,0.35273603,0.5239276852180078,Bottom 70% - Lower Risk
2177464,202606,2026-06-15,0.35270017,0.5240458466264918,Bottom 70% - Lower Risk
2313993,202606,2026-06-15,0.35269886,0.5241640080349758,Bottom 70% - Lower Risk
2380433,202606,2026-06-15,0.35269275,0.5242821694434597,Bottom 70% - Lower Risk
2287153,202606,2026-06-15,0.3526701,0.5244003308519437,Bottom 70% - Lower Risk
2469975,202602,2026-02-15,0.35266832,0.5245184922604278,Bottom 70% - Lower Risk
2330810,202606,2026-06-15,0.35266343,0.5246366536689118,Bottom 70% - Lower Risk
2488642,202606,2026-06-15,0.35263675,0.5247548150773957,Bottom 70% - Lower Risk
2581100,202606,2026-06-15,0.3526361,0.5248729764858797,Bottom 70% - Lower Risk
2172088,202606,2026-06-15,0.35263553,0.5249911378943637,Bottom 70% - Lower Risk
2123914,202606,2026-06-15,0.35258573,0.5251092993028477,Bottom 70% - Lower Risk
2379045,202606,2026-06-15,0.35257113,0.5252274607113316,Bottom 70% - Lower Risk
2018787,202606,2026-06-15,0.3525685,0.5253456221198156,Bottom 70% - Lower Risk
2609896,202606,2026-06-15,0.35256663,0.5254637835282997,Bottom 70% - Lower Risk
2484234,202604,2026-04-15,0.3525062,0.5255819449367837,Bottom 70% - Lower Risk
2381837,202606,2026-06-15,0.35248396,0.5257001063452676,Bottom 70% - Lower Risk
2182127,202606,2026-06-15,0.3524586,0.5258182677537516,Bottom 70% - Lower Risk
2543232,202606,2026-06-15,0.35241443,0.5259364291622356,Bottom 70% - Lower Risk
2303849,202603,2026-03-18,0.3524054,0.5260545905707196,Bottom 70% - Lower Risk
2365368,202606,2026-06-15,0.35232833,0.5261727519792035,Bottom 70% - Lower Risk
2218631,202606,2026-06-15,0.35232374,0.5262909133876876,Bottom 70% - Lower Risk
2117544,202606,2026-06-15,0.3523194,0.5264090747961716,Bottom 70% - Lower Risk
2275606,202606,2026-06-15,0.35231474,0.5265272362046556,Bottom 70% - Lower Risk
2516578,202601,2026-01-15,0.35231438,0.5266453976131396,Bottom 70% - Lower Risk
2368647,202606,2026-06-15,0.35230437,0.5267635590216235,Bottom 70% - Lower Risk
2037192,202606,2026-06-15,0.35229212,0.5268817204301075,Bottom 70% - Lower Risk
2039518,202606,2026-06-15,0.3522319,0.5269998818385915,Bottom 70% - Lower Risk
2162117,202606,2026-06-15,0.35222548,0.5271180432470755,Bottom 70% - Lower Risk
2214747,202606,2026-06-15,0.352202,0.5272362046555595,Bottom 70% - Lower Risk
2436752,202606,2026-06-15,0.3521911,0.5273543660640435,Bottom 70% - Lower Risk
2299064,202606,2026-06-15,0.35215837,0.5274725274725275,Bottom 70% - Lower Risk
2400135,202606,2026-06-15,0.35211807,0.5275906888810115,Bottom 70% - Lower Risk
2423901,202606,2026-06-15,0.35210994,0.5277088502894954,Bottom 70% - Lower Risk
2195170,202606,2026-06-15,0.35204923,0.5278270116979794,Bottom 70% - Lower Risk
2374312,202606,2026-06-15,0.3519635,0.5279451731064634,Bottom 70% - Lower Risk
2111186,202606,2026-06-15,0.35194406,0.5280633345149475,Bottom 70% - Lower Risk
2385613,202606,2026-06-15,0.35191,0.5281814959234314,Bottom 70% - Lower Risk
2533107,202606,2026-06-15,0.3517969,0.5282996573319154,Bottom 70% - Lower Risk
2067683,202606,2026-06-15,0.35178208,0.5284178187403994,Bottom 70% - Lower Risk
2497264,202606,2026-06-15,0.35177788,0.5285359801488834,Bottom 70% - Lower Risk
2602718,202606,2026-06-15,0.35176417,0.5286541415573673,Bottom 70% - Lower Risk
2211738,202606,2026-06-15,0.35172638,0.5287723029658513,Bottom 70% - Lower Risk
2187751,202606,2026-06-15,0.35168415,0.5288904643743353,Bottom 70% - Lower Risk
2213107,202606,2026-06-15,0.35168415,0.5290086257828194,Bottom 70% - Lower Risk
2074977,202606,2026-06-15,0.35164073,0.5291267871913033,Bottom 70% - Lower Risk
2121337,202606,2026-06-15,0.35164073,0.5292449485997873,Bottom 70% - Lower Risk
2105012,202606,2026-06-15,0.35158312,0.5293631100082713,Bottom 70% - Lower Risk
2144481,202606,2026-06-15,0.3514911,0.5295994328252392,Bottom 70% - Lower Risk
2556890,202606,2026-06-15,0.3514911,0.5294812714167553,Bottom 70% - Lower Risk
2490485,202604,2026-04-15,0.35142598,0.5297175942337232,Bottom 70% - Lower Risk
2177582,202606,2026-06-15,0.35140565,0.5298357556422073,Bottom 70% - Lower Risk
2411082,202606,2026-06-15,0.35140565,0.5299539170506913,Bottom 70% - Lower Risk
2184297,202606,2026-06-15,0.35140544,0.5300720784591753,Bottom 70% - Lower Risk
2240527,202606,2026-06-15,0.35138443,0.5301902398676592,Bottom 70% - Lower Risk
2380973,202603,2026-03-18,0.35134917,0.5303084012761432,Bottom 70% - Lower Risk
2197776,202606,2026-06-15,0.3513284,0.5304265626846272,Bottom 70% - Lower Risk
2111724,202606,2026-06-15,0.35131073,0.5305447240931112,Bottom 70% - Lower Risk
2327595,202606,2026-06-15,0.35131073,0.5306628855015951,Bottom 70% - Lower Risk
2100905,202606,2026-06-15,0.35131073,0.5311355311355311,Bottom 70% - Lower Risk
2283120,202606,2026-06-15,0.35131073,0.5313718539524991,Bottom 70% - Lower Risk
2291254,202606,2026-06-15,0.35131073,0.5312536925440151,Bottom 70% - Lower Risk
2424753,202606,2026-06-15,0.35131073,0.5308992083185632,Bottom 70% - Lower Risk
2440904,202606,2026-06-15,0.35131073,0.5307810469100792,Bottom 70% - Lower Risk
2238988,202606,2026-06-15,0.35131073,0.5310173697270472,Bottom 70% - Lower Risk
2219827,202606,2026-06-15,0.35131073,0.5314900153609831,Bottom 70% - Lower Risk
2500019,202606,2026-06-15,0.3512959,0.5316081767694671,Bottom 70% - Lower Risk
2313669,202606,2026-06-15,0.35122755,0.5317263381779511,Bottom 70% - Lower Risk
2271200,202606,2026-06-15,0.35122466,0.5319626609949191,Bottom 70% - Lower Risk
2088789,202606,2026-06-15,0.35122466,0.5318444995864351,Bottom 70% - Lower Risk
2519168,202606,2026-06-15,0.3511748,0.532080822403403,Bottom 70% - Lower Risk
2209036,202606,2026-06-15,0.35112646,0.532198983811887,Bottom 70% - Lower Risk
2437736,202606,2026-06-15,0.35112482,0.532317145220371,Bottom 70% - Lower Risk
2179447,202603,2026-03-18,0.3511176,0.532435306628855,Bottom 70% - Lower Risk
2370225,202606,2026-06-15,0.35108063,0.532553468037339,Bottom 70% - Lower Risk
2507914,202606,2026-06-15,0.35102025,0.532671629445823,Bottom 70% - Lower Risk
2253838,202606,2026-06-15,0.350966,0.532789790854307,Bottom 70% - Lower Risk
2550750,202606,2026-06-15,0.35089403,0.532907952262791,Bottom 70% - Lower Risk
2339121,202606,2026-06-15,0.35089403,0.533026113671275,Bottom 70% - Lower Risk
2551934,202606,2026-06-15,0.35089305,0.5331442750797589,Bottom 70% - Lower Risk
2372517,202606,2026-06-15,0.35087973,0.5332624364882429,Bottom 70% - Lower Risk
2544780,202606,2026-06-15,0.35086882,0.533498759305211,Bottom 70% - Lower Risk
2061898,202606,2026-06-15,0.35086882,0.533380597896727,Bottom 70% - Lower Risk
2173516,202606,2026-06-15,0.3508086,0.5336169207136949,Bottom 70% - Lower Risk
2234301,202606,2026-06-15,0.3507908,0.5337350821221789,Bottom 70% - Lower Risk
2091377,202606,2026-06-15,0.35076153,0.5338532435306629,Bottom 70% - Lower Risk
2504735,202606,2026-06-15,0.35072732,0.5339714049391469,Bottom 70% - Lower Risk
2481256,202606,2026-06-15,0.35072717,0.5340895663476308,Bottom 70% - Lower Risk
2297215,202606,2026-06-15,0.35072717,0.5342077277561148,Bottom 70% - Lower Risk
2099318,202606,2026-06-15,0.35072717,0.5343258891645989,Bottom 70% - Lower Risk
2569038,202606,2026-06-15,0.35072306,0.5344440505730829,Bottom 70% - Lower Risk
2393316,202606,2026-06-15,0.35071936,0.5345622119815668,Bottom 70% - Lower Risk
2608135,202606,2026-06-15,0.35070363,0.5346803733900508,Bottom 70% - Lower Risk
2330736,202606,2026-06-15,0.3506952,0.5347985347985348,Bottom 70% - Lower Risk
2581367,202606,2026-06-15,0.35061586,0.5349166962070188,Bottom 70% - Lower Risk
2225270,202606,2026-06-15,0.35060287,0.5350348576155027,Bottom 70% - Lower Risk
2091298,202606,2026-06-15,0.35055268,0.5351530190239868,Bottom 70% - Lower Risk
2550588,202606,2026-06-15,0.35052773,0.5353893418409548,Bottom 70% - Lower Risk
2468353,202606,2026-06-15,0.35052773,0.5355075032494387,Bottom 70% - Lower Risk
2456990,202606,2026-06-15,0.35052773,0.5356256646579227,Bottom 70% - Lower Risk
2486528,202606,2026-06-15,0.35052773,0.5352711804324708,Bottom 70% - Lower Risk
2611407,202606,2026-06-15,0.3504466,0.5357438260664067,Bottom 70% - Lower Risk
2330635,202606,2026-06-15,0.3504327,0.5358619874748907,Bottom 70% - Lower Risk
2461390,202606,2026-06-15,0.35042673,0.5359801488833746,Bottom 70% - Lower Risk
2126928,202606,2026-06-15,0.350422,0.5360983102918587,Bottom 70% - Lower Risk
2432939,202606,2026-06-15,0.35040742,0.5362164717003427,Bottom 70% - Lower Risk
2136222,202606,2026-06-15,0.35031843,0.5363346331088267,Bottom 70% - Lower Risk
2523931,202602,2026-02-15,0.35027924,0.5364527945173106,Bottom 70% - Lower Risk
2092831,202606,2026-06-15,0.350274,0.5365709559257946,Bottom 70% - Lower Risk
2234541,202606,2026-06-15,0.35023627,0.5366891173342786,Bottom 70% - Lower Risk
2294076,202606,2026-06-15,0.3502159,0.5368072787427626,Bottom 70% - Lower Risk
2112866,202606,2026-06-15,0.35018802,0.5369254401512467,Bottom 70% - Lower Risk
2234254,202606,2026-06-15,0.3501682,0.5370436015597306,Bottom 70% - Lower Risk
2225895,202606,2026-06-15,0.35013506,0.5371617629682146,Bottom 70% - Lower Risk
2189117,202606,2026-06-15,0.35011715,0.5372799243766986,Bottom 70% - Lower Risk
2349049,202606,2026-06-15,0.3500677,0.5373980857851826,Bottom 70% - Lower Risk
2189632,202606,2026-06-15,0.35004652,0.5375162471936665,Bottom 70% - Lower Risk
2320546,202606,2026-06-15,0.35003567,0.5376344086021505,Bottom 70% - Lower Risk
2255992,202606,2026-06-15,0.35002738,0.5377525700106345,Bottom 70% - Lower Risk
2298036,202606,2026-06-15,0.35000664,0.5378707314191186,Bottom 70% - Lower Risk
2383595,202606,2026-06-15,0.34994838,0.5379888928276025,Bottom 70% - Lower Risk
2585887,202604,2026-04-15,0.3499308,0.5381070542360865,Bottom 70% - Lower Risk
2444278,202606,2026-06-15,0.34993026,0.5382252156445705,Bottom 70% - Lower Risk
2145155,202603,2026-03-18,0.3499103,0.5383433770530545,Bottom 70% - Lower Risk
2337188,202606,2026-06-15,0.3499045,0.5384615384615384,Bottom 70% - Lower Risk
2281991,202606,2026-06-15,0.34987187,0.5385796998700224,Bottom 70% - Lower Risk
2239294,202606,2026-06-15,0.34985682,0.5386978612785064,Bottom 70% - Lower Risk
2310415,202606,2026-06-15,0.34979373,0.5388160226869905,Bottom 70% - Lower Risk
2020981,202606,2026-06-15,0.3497353,0.5389341840954744,Bottom 70% - Lower Risk
2382585,202606,2026-06-15,0.3497353,0.5390523455039584,Bottom 70% - Lower Risk
2279155,202606,2026-06-15,0.34970865,0.5391705069124424,Bottom 70% - Lower Risk
2622534,202606,2026-06-15,0.34968373,0.5392886683209264,Bottom 70% - Lower Risk
2615499,202606,2026-06-15,0.34968373,0.5394068297294103,Bottom 70% - Lower Risk
2040624,202606,2026-06-15,0.3496349,0.5395249911378943,Bottom 70% - Lower Risk
2322922,202606,2026-06-15,0.3496276,0.5396431525463784,Bottom 70% - Lower Risk
2565655,202605,2026-05-16,0.3495878,0.5397613139548624,Bottom 70% - Lower Risk
2426930,202606,2026-06-15,0.34951508,0.5398794753633464,Bottom 70% - Lower Risk
2135048,202606,2026-06-15,0.34947315,0.5399976367718303,Bottom 70% - Lower Risk
2547961,202606,2026-06-15,0.3494571,0.5401157981803143,Bottom 70% - Lower Risk
2596197,202606,2026-06-15,0.3494385,0.5402339595887983,Bottom 70% - Lower Risk
2453517,202606,2026-06-15,0.34941465,0.5404702824057662,Bottom 70% - Lower Risk
2090435,202606,2026-06-15,0.34941465,0.5405884438142503,Bottom 70% - Lower Risk
2385563,202604,2026-04-15,0.34941465,0.5403521209972822,Bottom 70% - Lower Risk
2277897,202606,2026-06-15,0.34936556,0.5407066052227343,Bottom 70% - Lower Risk
2052842,202606,2026-06-15,0.3493406,0.5408247666312183,Bottom 70% - Lower Risk
2203206,202606,2026-06-15,0.3493406,0.5409429280397022,Bottom 70% - Lower Risk
2254830,202606,2026-06-15,0.34932074,0.5410610894481862,Bottom 70% - Lower Risk
2432179,202606,2026-06-15,0.34930685,0.5411792508566702,Bottom 70% - Lower Risk
2363520,202606,2026-06-15,0.34928998,0.5412974122651542,Bottom 70% - Lower Risk
2300186,202606,2026-06-15,0.3492479,0.5414155736736382,Bottom 70% - Lower Risk
2438162,202606,2026-06-15,0.34922582,0.5415337350821222,Bottom 70% - Lower Risk
2387096,202606,2026-06-15,0.34920135,0.5416518964906062,Bottom 70% - Lower Risk
2032954,202606,2026-06-15,0.34917545,0.5417700578990902,Bottom 70% - Lower Risk
2188601,202606,2026-06-15,0.34914756,0.5418882193075741,Bottom 70% - Lower Risk
2215464,202606,2026-06-15,0.34908983,0.5420063807160581,Bottom 70% - Lower Risk
2542048,202606,2026-06-15,0.34906572,0.5421245421245421,Bottom 70% - Lower Risk
2230328,202606,2026-06-15,0.34905285,0.5422427035330261,Bottom 70% - Lower Risk
2276478,202606,2026-06-15,0.34903982,0.5423608649415101,Bottom 70% - Lower Risk
2073253,202606,2026-06-15,0.34903505,0.5424790263499941,Bottom 70% - Lower Risk
2123423,202601,2026-01-15,0.34900445,0.5425971877584781,Bottom 70% - Lower Risk
2230756,202606,2026-06-15,0.3489346,0.5427153491669621,Bottom 70% - Lower Risk
2232551,202606,2026-06-15,0.34886432,0.542833510575446,Bottom 70% - Lower Risk
2460655,202606,2026-06-15,0.34883142,0.54295167198393,Bottom 70% - Lower Risk
2097122,202606,2026-06-15,0.34881195,0.543069833392414,Bottom 70% - Lower Risk
2138986,202606,2026-06-15,0.34876716,0.5431879948008981,Bottom 70% - Lower Risk
2153180,202606,2026-06-15,0.3487137,0.543306156209382,Bottom 70% - Lower Risk
2259917,202606,2026-06-15,0.34870434,0.543424317617866,Bottom 70% - Lower Risk
2401616,202606,2026-06-15,0.3486829,0.54354247902635,Bottom 70% - Lower Risk
2166237,202606,2026-06-15,0.34867364,0.543660640434834,Bottom 70% - Lower Risk
2621483,202606,2026-06-15,0.3486587,0.543778801843318,Bottom 70% - Lower Risk
2389787,202606,2026-06-15,0.34854984,0.5438969632518019,Bottom 70% - Lower Risk
2606359,202606,2026-06-15,0.34849483,0.5440151246602859,Bottom 70% - Lower Risk
2305692,202606,2026-06-15,0.3484778,0.54413328606877,Bottom 70% - Lower Risk
2445661,202606,2026-06-15,0.34836537,0.544251447477254,Bottom 70% - Lower Risk
2566304,202604,2026-04-15,0.34836537,0.5443696088857379,Bottom 70% - Lower Risk
2093978,202606,2026-06-15,0.34835815,0.5444877702942219,Bottom 70% - Lower Risk
2566270,202606,2026-06-15,0.34835783,0.5446059317027059,Bottom 70% - Lower Risk
2602728,202606,2026-06-15,0.34835064,0.5447240931111899,Bottom 70% - Lower Risk
2550321,202606,2026-06-15,0.34835064,0.5448422545196738,Bottom 70% - Lower Risk
2431981,202606,2026-06-15,0.34834802,0.5449604159281579,Bottom 70% - Lower Risk
2245308,202606,2026-06-15,0.34828606,0.5450785773366419,Bottom 70% - Lower Risk
2299280,202606,2026-06-15,0.3482606,0.5451967387451259,Bottom 70% - Lower Risk
2170747,202606,2026-06-15,0.34819585,0.5453149001536098,Bottom 70% - Lower Risk
2441188,202606,2026-06-15,0.34819528,0.5454330615620938,Bottom 70% - Lower Risk
2283468,202606,2026-06-15,0.34813634,0.5455512229705778,Bottom 70% - Lower Risk
2335640,202606,2026-06-15,0.34812957,0.5456693843790618,Bottom 70% - Lower Risk
2098816,202606,2026-06-15,0.34807783,0.5457875457875457,Bottom 70% - Lower Risk
2563802,202606,2026-06-15,0.34804896,0.5459057071960298,Bottom 70% - Lower Risk
2382814,202606,2026-06-15,0.34802997,0.5460238686045138,Bottom 70% - Lower Risk
2008989,202606,2026-06-15,0.34802067,0.5461420300129978,Bottom 70% - Lower Risk
2542639,202606,2026-06-15,0.34799093,0.5463783528299657,Bottom 70% - Lower Risk
2278364,202606,2026-06-15,0.34799093,0.5462601914214817,Bottom 70% - Lower Risk
2619761,202606,2026-06-15,0.34795743,0.5464965142384497,Bottom 70% - Lower Risk
2618814,202606,2026-06-15,0.34795743,0.5466146756469337,Bottom 70% - Lower Risk
2167255,202606,2026-06-15,0.34792668,0.5467328370554178,Bottom 70% - Lower Risk
2173432,202606,2026-06-15,0.34789422,0.5468509984639017,Bottom 70% - Lower Risk
2302838,202606,2026-06-15,0.3478048,0.5469691598723857,Bottom 70% - Lower Risk
2120210,202606,2026-06-15,0.34777275,0.5470873212808697,Bottom 70% - Lower Risk
2222849,202606,2026-06-15,0.34773293,0.5472054826893537,Bottom 70% - Lower Risk
2200164,202606,2026-06-15,0.34773293,0.5473236440978376,Bottom 70% - Lower Risk
2038972,202606,2026-06-15,0.3477066,0.5474418055063216,Bottom 70% - Lower Risk
2061217,202606,2026-06-15,0.34767005,0.5475599669148056,Bottom 70% - Lower Risk
2433089,202606,2026-06-15,0.34765086,0.5476781283232897,Bottom 70% - Lower Risk
2150812,202606,2026-06-15,0.34759346,0.5477962897317736,Bottom 70% - Lower Risk
2418855,202512,2025-12-16,0.34759077,0.5479144511402576,Bottom 70% - Lower Risk
2148267,202606,2026-06-15,0.3475721,0.5480326125487416,Bottom 70% - Lower Risk
2122759,202606,2026-06-15,0.34755856,0.5481507739572256,Bottom 70% - Lower Risk
2003159,202606,2026-06-15,0.34754243,0.5482689353657095,Bottom 70% - Lower Risk
2504050,202606,2026-06-15,0.34753776,0.5483870967741935,Bottom 70% - Lower Risk
2062138,202606,2026-06-15,0.3475244,0.5485052581826776,Bottom 70% - Lower Risk
2392448,202606,2026-06-15,0.3475244,0.5486234195911616,Bottom 70% - Lower Risk
2187787,202606,2026-06-15,0.3475244,0.5487415809996455,Bottom 70% - Lower Risk
2533993,202606,2026-06-15,0.3475244,0.5488597424081295,Bottom 70% - Lower Risk
2308177,202606,2026-06-15,0.34750482,0.5489779038166135,Bottom 70% - Lower Risk
2035534,202606,2026-06-15,0.34747556,0.5490960652250975,Bottom 70% - Lower Risk
2569814,202606,2026-06-15,0.34742406,0.5492142266335814,Bottom 70% - Lower Risk
2144365,202606,2026-06-15,0.34742227,0.5493323880420654,Bottom 70% - Lower Risk
2011711,202606,2026-06-15,0.3473767,0.5494505494505495,Bottom 70% - Lower Risk
2363690,202606,2026-06-15,0.34733093,0.5495687108590335,Bottom 70% - Lower Risk
2224281,202606,2026-06-15,0.34731928,0.5496868722675174,Bottom 70% - Lower Risk
2100614,202606,2026-06-15,0.3472892,0.5498050336760014,Bottom 70% - Lower Risk
2475136,202602,2026-02-15,0.34725246,0.5499231950844854,Bottom 70% - Lower Risk
2121493,202606,2026-06-15,0.34724414,0.5500413564929694,Bottom 70% - Lower Risk
2515627,202606,2026-06-15,0.34723446,0.5501595179014533,Bottom 70% - Lower Risk
2296589,202512,2025-12-16,0.3472232,0.5503958407184214,Bottom 70% - Lower Risk
2176446,202606,2026-06-15,0.3472232,0.5502776793099374,Bottom 70% - Lower Risk
2610939,202606,2026-06-15,0.34721902,0.5505140021269054,Bottom 70% - Lower Risk
2555646,202606,2026-06-15,0.34721377,0.5507503249438733,Bottom 70% - Lower Risk
2190130,202606,2026-06-15,0.34721377,0.5506321635353894,Bottom 70% - Lower Risk
2020372,202606,2026-06-15,0.3471946,0.5508684863523573,Bottom 70% - Lower Risk
2439250,202606,2026-06-15,0.34716997,0.5509866477608413,Bottom 70% - Lower Risk
2542275,202606,2026-06-15,0.3471506,0.5511048091693252,Bottom 70% - Lower Risk
2172977,202606,2026-06-15,0.34714094,0.5512229705778093,Bottom 70% - Lower Risk
2244193,202606,2026-06-15,0.3471237,0.5515774548032613,Bottom 70% - Lower Risk
2086171,202606,2026-06-15,0.3471237,0.5514592933947773,Bottom 70% - Lower Risk
2426967,202606,2026-06-15,0.3471237,0.5513411319862933,Bottom 70% - Lower Risk
2261122,202606,2026-06-15,0.34701082,0.5516956162117452,Bottom 70% - Lower Risk
2512426,202601,2026-01-15,0.34699836,0.5518137776202292,Bottom 70% - Lower Risk
2171376,202606,2026-06-15,0.34698153,0.5519319390287132,Bottom 70% - Lower Risk
2454526,202606,2026-06-15,0.34695223,0.5520501004371973,Bottom 70% - Lower Risk
2098850,202606,2026-06-15,0.34692731,0.5521682618456812,Bottom 70% - Lower Risk
2418751,202606,2026-06-15,0.34692553,0.5522864232541652,Bottom 70% - Lower Risk
2219557,202606,2026-06-15,0.34689745,0.5524045846626492,Bottom 70% - Lower Risk
2236580,202606,2026-06-15,0.346877,0.5525227460711332,Bottom 70% - Lower Risk
2611520,202606,2026-06-15,0.3468569,0.5526409074796171,Bottom 70% - Lower Risk
2491699,202606,2026-06-15,0.3468404,0.5527590688881011,Bottom 70% - Lower Risk
2235351,202606,2026-06-15,0.34681827,0.5528772302965851,Bottom 70% - Lower Risk
2175678,202606,2026-06-15,0.34680536,0.5529953917050692,Bottom 70% - Lower Risk
2073665,202606,2026-06-15,0.34679374,0.5531135531135531,Bottom 70% - Lower Risk
2096221,202606,2026-06-15,0.34677732,0.5532317145220371,Bottom 70% - Lower Risk
2406625,202606,2026-06-15,0.34677732,0.5533498759305211,Bottom 70% - Lower Risk
2284542,202603,2026-03-18,0.34675848,0.5534680373390051,Bottom 70% - Lower Risk
2171056,202606,2026-06-15,0.34672484,0.553586198747489,Bottom 70% - Lower Risk
2413019,202606,2026-06-15,0.34671253,0.553704360155973,Bottom 70% - Lower Risk
2187339,202606,2026-06-15,0.34670633,0.553822521564457,Bottom 70% - Lower Risk
2446963,202606,2026-06-15,0.3467059,0.5539406829729411,Bottom 70% - Lower Risk
2544723,202606,2026-06-15,0.34670237,0.554058844381425,Bottom 70% - Lower Risk
2582533,202606,2026-06-15,0.34669665,0.554177005789909,Bottom 70% - Lower Risk
2451906,202603,2026-03-18,0.34668958,0.554295167198393,Bottom 70% - Lower Risk
2135607,202606,2026-06-15,0.34668645,0.554413328606877,Bottom 70% - Lower Risk
2613623,202606,2026-06-15,0.3466412,0.554531490015361,Bottom 70% - Lower Risk
2034385,202606,2026-06-15,0.34662974,0.5546496514238449,Bottom 70% - Lower Risk
2537931,202606,2026-06-15,0.3466289,0.554767812832329,Bottom 70% - Lower Risk
2535842,202606,2026-06-15,0.34660003,0.554885974240813,Bottom 70% - Lower Risk
2440132,202606,2026-06-15,0.34655377,0.555004135649297,Bottom 70% - Lower Risk
2153585,202606,2026-06-15,0.34649706,0.5551222970577809,Bottom 70% - Lower Risk
2516310,202601,2026-01-15,0.34648252,0.5552404584662649,Bottom 70% - Lower Risk
2295626,202606,2026-06-15,0.3464605,0.5553586198747489,Bottom 70% - Lower Risk
2299145,202606,2026-06-15,0.34645525,0.5554767812832329,Bottom 70% - Lower Risk
2551744,202606,2026-06-15,0.3464432,0.5555949426917168,Bottom 70% - Lower Risk
2437179,202606,2026-06-15,0.3464227,0.5558312655086849,Bottom 70% - Lower Risk
2476304,202606,2026-06-15,0.3464227,0.5557131041002009,Bottom 70% - Lower Risk
2422702,202606,2026-06-15,0.34641486,0.5559494269171689,Bottom 70% - Lower Risk
2251356,202606,2026-06-15,0.34638378,0.5560675883256528,Bottom 70% - Lower Risk
2265810,202602,2026-02-15,0.3463638,0.5561857497341368,Bottom 70% - Lower Risk
2004646,202512,2025-12-16,0.3463241,0.5563039111426208,Bottom 70% - Lower Risk
2202188,202606,2026-06-15,0.3462541,0.5564220725511048,Bottom 70% - Lower Risk
2350351,202606,2026-06-15,0.34622356,0.5565402339595888,Bottom 70% - Lower Risk
2110142,202606,2026-06-15,0.34622243,0.5567765567765568,Bottom 70% - Lower Risk
2309232,202606,2026-06-15,0.34622243,0.5566583953680728,Bottom 70% - Lower Risk
2580476,202604,2026-04-15,0.34619698,0.5568947181850408,Bottom 70% - Lower Risk
2064915,202606,2026-06-15,0.34617472,0.5570128795935247,Bottom 70% - Lower Risk
2136802,202606,2026-06-15,0.3461657,0.5571310410020087,Bottom 70% - Lower Risk
2035110,202606,2026-06-15,0.34616116,0.5572492024104927,Bottom 70% - Lower Risk
2436111,202606,2026-06-15,0.3461418,0.5573673638189767,Bottom 70% - Lower Risk
2070923,202606,2026-06-15,0.3461259,0.5574855252274608,Bottom 70% - Lower Risk
2620947,202606,2026-06-15,0.34611917,0.5577218480444287,Bottom 70% - Lower Risk
2423053,202606,2026-06-15,0.34611917,0.5576036866359447,Bottom 70% - Lower Risk
2159031,202606,2026-06-15,0.34607247,0.5578400094529127,Bottom 70% - Lower Risk
2386225,202606,2026-06-15,0.3460514,0.5579581708613967,Bottom 70% - Lower Risk
2084665,202606,2026-06-15,0.3460298,0.5580763322698806,Bottom 70% - Lower Risk
2340748,202606,2026-06-15,0.3460172,0.5581944936783646,Bottom 70% - Lower Risk
2231109,202606,2026-06-15,0.34597954,0.5583126550868487,Bottom 70% - Lower Risk
2171465,202606,2026-06-15,0.34595788,0.5584308164953327,Bottom 70% - Lower Risk
2365485,202606,2026-06-15,0.34593293,0.5585489779038166,Bottom 70% - Lower Risk
2188252,202606,2026-06-15,0.34590244,0.5586671393123006,Bottom 70% - Lower Risk
2487699,202606,2026-06-15,0.34587863,0.5587853007207846,Bottom 70% - Lower Risk
2339504,202606,2026-06-15,0.3458502,0.5589034621292686,Bottom 70% - Lower Risk
2190666,202606,2026-06-15,0.3458453,0.5590216235377525,Bottom 70% - Lower Risk
2264570,202606,2026-06-15,0.34582716,0.5591397849462365,Bottom 70% - Lower Risk
2473849,202606,2026-06-15,0.34581915,0.5592579463547206,Bottom 70% - Lower Risk
2504593,202606,2026-06-15,0.34581915,0.5593761077632046,Bottom 70% - Lower Risk
2175492,202606,2026-06-15,0.34581915,0.5594942691716885,Bottom 70% - Lower Risk
2300177,202606,2026-06-15,0.34575832,0.5596124305801725,Bottom 70% - Lower Risk
2574798,202606,2026-06-15,0.345742,0.5597305919886565,Bottom 70% - Lower Risk
2449240,202606,2026-06-15,0.34571877,0.5598487533971405,Bottom 70% - Lower Risk
2231904,202606,2026-06-15,0.3457107,0.5599669148056244,Bottom 70% - Lower Risk
2537527,202606,2026-06-15,0.345625,0.5600850762141085,Bottom 70% - Lower Risk
2091803,202606,2026-06-15,0.345618,0.5602032376225925,Bottom 70% - Lower Risk
2621149,202606,2026-06-15,0.34559706,0.5603213990310765,Bottom 70% - Lower Risk
2614126,202606,2026-06-15,0.3455918,0.5604395604395604,Bottom 70% - Lower Risk
2115106,202606,2026-06-15,0.34556675,0.5605577218480444,Bottom 70% - Lower Risk
2040229,202606,2026-06-15,0.34551615,0.5606758832565284,Bottom 70% - Lower Risk
2446654,202606,2026-06-15,0.34549996,0.5607940446650124,Bottom 70% - Lower Risk
2299303,202512,2025-12-16,0.34547928,0.5609122060734963,Bottom 70% - Lower Risk
2223407,202606,2026-06-15,0.34547928,0.5610303674819804,Bottom 70% - Lower Risk
2306878,202606,2026-06-15,0.34538656,0.5611485288904644,Bottom 70% - Lower Risk
2304038,202606,2026-06-15,0.34538656,0.5612666902989484,Bottom 70% - Lower Risk
2103635,202606,2026-06-15,0.3453812,0.5613848517074324,Bottom 70% - Lower Risk
2154927,202606,2026-06-15,0.3453474,0.5615030131159163,Bottom 70% - Lower Risk
2275282,202606,2026-06-15,0.34533823,0.5616211745244003,Bottom 70% - Lower Risk
2507225,202606,2026-06-15,0.34531808,0.5617393359328843,Bottom 70% - Lower Risk
2319761,202606,2026-06-15,0.34526882,0.5618574973413684,Bottom 70% - Lower Risk
2060545,202606,2026-06-15,0.34522974,0.5619756587498523,Bottom 70% - Lower Risk
2613795,202606,2026-06-15,0.3452118,0.5620938201583363,Bottom 70% - Lower Risk
2277414,202601,2026-01-15,0.34516248,0.5622119815668203,Bottom 70% - Lower Risk
2438950,202606,2026-06-15,0.34516248,0.5623301429753043,Bottom 70% - Lower Risk
2073489,202606,2026-06-15,0.3451263,0.5624483043837882,Bottom 70% - Lower Risk
2596099,202605,2026-05-16,0.34512174,0.5625664657922722,Bottom 70% - Lower Risk
2379448,202606,2026-06-15,0.34511992,0.5626846272007562,Bottom 70% - Lower Risk
2588881,202606,2026-06-15,0.3451142,0.5628027886092403,Bottom 70% - Lower Risk
2280994,202606,2026-06-15,0.34510386,0.5629209500177242,Bottom 70% - Lower Risk
2515612,202606,2026-06-15,0.34507483,0.5630391114262082,Bottom 70% - Lower Risk
2215719,202606,2026-06-15,0.34500405,0.5631572728346922,Bottom 70% - Lower Risk
2142008,202606,2026-06-15,0.3449955,0.5632754342431762,Bottom 70% - Lower Risk
2612649,202606,2026-06-15,0.3449768,0.5633935956516601,Bottom 70% - Lower Risk
2586163,202606,2026-06-15,0.3449724,0.5635117570601441,Bottom 70% - Lower Risk
2401525,202606,2026-06-15,0.34493947,0.5636299184686282,Bottom 70% - Lower Risk
2340919,202606,2026-06-15,0.34492597,0.5637480798771122,Bottom 70% - Lower Risk
2022655,202606,2026-06-15,0.34483284,0.5638662412855961,Bottom 70% - Lower Risk
2503680,202606,2026-06-15,0.34481585,0.5639844026940801,Bottom 70% - Lower Risk
2451346,202606,2026-06-15,0.34480894,0.5641025641025641,Bottom 70% - Lower Risk
2619401,202606,2026-06-15,0.34477872,0.5642207255110481,Bottom 70% - Lower Risk
2373859,202606,2026-06-15,0.34476322,0.564338886919532,Bottom 70% - Lower Risk
2254644,202606,2026-06-15,0.34473684,0.5645752097365001,Bottom 70% - Lower Risk
2263325,202606,2026-06-15,0.34473684,0.564457048328016,Bottom 70% - Lower Risk
2352765,202606,2026-06-15,0.34473684,0.5646933711449841,Bottom 70% - Lower Risk
2430372,202606,2026-06-15,0.34472033,0.564811532553468,Bottom 70% - Lower Risk
2309129,202606,2026-06-15,0.34469607,0.564929693961952,Bottom 70% - Lower Risk
2524431,202601,2026-01-15,0.3446732,0.565047855370436,Bottom 70% - Lower Risk
2231320,202606,2026-06-15,0.34457383,0.56516601677892,Bottom 70% - Lower Risk
2301207,202606,2026-06-15,0.3445524,0.565284178187404,Bottom 70% - Lower Risk
2333362,202606,2026-06-15,0.34454057,0.565402339595888,Bottom 70% - Lower Risk
2142361,202606,2026-06-15,0.34452817,0.565520501004372,Bottom 70% - Lower Risk
2482692,202606,2026-06-15,0.34451512,0.565638662412856,Bottom 70% - Lower Risk
2353046,202606,2026-06-15,0.3444683,0.56575682382134,Bottom 70% - Lower Risk
2574699,202606,2026-06-15,0.3444501,0.5658749852298239,Bottom 70% - Lower Risk
2051945,202606,2026-06-15,0.3444217,0.5659931466383079,Bottom 70% - Lower Risk
2415307,202606,2026-06-15,0.34441674,0.5661113080467919,Bottom 70% - Lower Risk
2233457,202606,2026-06-15,0.34439707,0.5662294694552759,Bottom 70% - Lower Risk
2157254,202606,2026-06-15,0.344384,0.5663476308637599,Bottom 70% - Lower Risk
2616040,202606,2026-06-15,0.34437564,0.5664657922722439,Bottom 70% - Lower Risk
2292025,202606,2026-06-15,0.3443541,0.5665839536807279,Bottom 70% - Lower Risk
2265669,202602,2026-02-15,0.34435314,0.5667021150892119,Bottom 70% - Lower Risk
2340471,202606,2026-06-15,0.3443382,0.5668202764976958,Bottom 70% - Lower Risk
2479709,202606,2026-06-15,0.34431526,0.5669384379061798,Bottom 70% - Lower Risk
2600276,202606,2026-06-15,0.344223,0.5670565993146638,Bottom 70% - Lower Risk
2458333,202606,2026-06-15,0.34416112,0.5672929221316318,Bottom 70% - Lower Risk
2443982,202606,2026-06-15,0.34416112,0.5671747607231479,Bottom 70% - Lower Risk
2459607,202606,2026-06-15,0.34412313,0.5675292449485998,Bottom 70% - Lower Risk
2616565,202606,2026-06-15,0.34412313,0.5674110835401158,Bottom 70% - Lower Risk
2125604,202606,2026-06-15,0.3441109,0.5676474063570838,Bottom 70% - Lower Risk
2516527,202606,2026-06-15,0.34410608,0.5677655677655677,Bottom 70% - Lower Risk
2270103,202602,2026-02-15,0.34408915,0.5678837291740517,Bottom 70% - Lower Risk
2081628,202606,2026-06-15,0.34407413,0.5680018905825357,Bottom 70% - Lower Risk
2488663,202606,2026-06-15,0.34404796,0.5681200519910198,Bottom 70% - Lower Risk
2231492,202606,2026-06-15,0.34401393,0.5682382133995038,Bottom 70% - Lower Risk
2362795,202606,2026-06-15,0.3440032,0.5683563748079877,Bottom 70% - Lower Risk
2592473,202606,2026-06-15,0.34390226,0.5684745362164717,Bottom 70% - Lower Risk
2032542,202606,2026-06-15,0.34389532,0.5685926976249557,Bottom 70% - Lower Risk
2308630,202606,2026-06-15,0.3438388,0.5687108590334397,Bottom 70% - Lower Risk
2579103,202606,2026-06-15,0.343824,0.5688290204419236,Bottom 70% - Lower Risk
2187030,202606,2026-06-15,0.34380284,0.5689471818504076,Bottom 70% - Lower Risk
2374214,202606,2026-06-15,0.34379935,0.5690653432588917,Bottom 70% - Lower Risk
2114059,202606,2026-06-15,0.3437825,0.5691835046673757,Bottom 70% - Lower Risk
2477002,202606,2026-06-15,0.34374294,0.5693016660758596,Bottom 70% - Lower Risk
2566395,202606,2026-06-15,0.3437228,0.5694198274843436,Bottom 70% - Lower Risk
2294098,202602,2026-02-15,0.34371743,0.5695379888928276,Bottom 70% - Lower Risk
2321062,202606,2026-06-15,0.34370103,0.5696561503013116,Bottom 70% - Lower Risk
2330588,202606,2026-06-15,0.34369674,0.5697743117097955,Bottom 70% - Lower Risk
2123013,202606,2026-06-15,0.3436772,0.5698924731182796,Bottom 70% - Lower Risk
2112428,202606,2026-06-15,0.34367236,0.5700106345267636,Bottom 70% - Lower Risk
2590776,202606,2026-06-15,0.34366852,0.5701287959352476,Bottom 70% - Lower Risk
2589107,202606,2026-06-15,0.34366852,0.5703651187522155,Bottom 70% - Lower Risk
2499315,202512,2025-12-16,0.34366852,0.5702469573437315,Bottom 70% - Lower Risk
2023571,202606,2026-06-15,0.3436646,0.5704832801606995,Bottom 70% - Lower Risk
2016899,202606,2026-06-15,0.3436646,0.5706014415691835,Bottom 70% - Lower Risk
2379785,202606,2026-06-15,0.34366047,0.5707196029776674,Bottom 70% - Lower Risk
2430473,202606,2026-06-15,0.34363705,0.5708377643861515,Bottom 70% - Lower Risk
2440330,202606,2026-06-15,0.34359404,0.5709559257946355,Bottom 70% - Lower Risk
2446577,202603,2026-03-18,0.34358045,0.5710740872031195,Bottom 70% - Lower Risk
2388720,202606,2026-06-15,0.34355065,0.5711922486116034,Bottom 70% - Lower Risk
2073721,202606,2026-06-15,0.34352812,0.5713104100200874,Bottom 70% - Lower Risk
2202114,202601,2026-01-15,0.3435257,0.5714285714285714,Bottom 70% - Lower Risk
2062291,202606,2026-06-15,0.34350753,0.5715467328370554,Bottom 70% - Lower Risk
2487822,202606,2026-06-15,0.3434915,0.5716648942455395,Bottom 70% - Lower Risk
2413504,202606,2026-06-15,0.34348875,0.5717830556540234,Bottom 70% - Lower Risk
2196929,202606,2026-06-15,0.34347537,0.5720193784709914,Bottom 70% - Lower Risk
2260004,202606,2026-06-15,0.34347537,0.5719012170625074,Bottom 70% - Lower Risk
2473005,202604,2026-04-15,0.34345946,0.5721375398794754,Bottom 70% - Lower Risk
2532450,202602,2026-02-15,0.3434264,0.5723738626964433,Bottom 70% - Lower Risk
2531454,202602,2026-02-15,0.3434264,0.5722557012879593,Bottom 70% - Lower Risk
2034977,202606,2026-06-15,0.34342477,0.5724920241049273,Bottom 70% - Lower Risk
2471008,202606,2026-06-15,0.34341973,0.5726101855134114,Bottom 70% - Lower Risk
2221796,202606,2026-06-15,0.3434163,0.5727283469218953,Bottom 70% - Lower Risk
2289946,202606,2026-06-15,0.34341612,0.5728465083303793,Bottom 70% - Lower Risk
2313732,202606,2026-06-15,0.34339792,0.5729646697388633,Bottom 70% - Lower Risk
2266401,202601,2026-01-15,0.34336793,0.5730828311473473,Bottom 70% - Lower Risk
2579371,202606,2026-06-15,0.34335536,0.5732009925558312,Bottom 70% - Lower Risk
2162031,202606,2026-06-15,0.34333837,0.5733191539643152,Bottom 70% - Lower Risk
2283211,202606,2026-06-15,0.34333196,0.5736736381897672,Bottom 70% - Lower Risk
2430892,202606,2026-06-15,0.34333196,0.5739099610067352,Bottom 70% - Lower Risk
2161933,202606,2026-06-15,0.34333196,0.5735554767812833,Bottom 70% - Lower Risk
2173931,202606,2026-06-15,0.34333196,0.5734373153727993,Bottom 70% - Lower Risk
2336534,202606,2026-06-15,0.34333196,0.5737917995982512,Bottom 70% - Lower Risk
2119697,202606,2026-06-15,0.3433287,0.5740281224152192,Bottom 70% - Lower Risk
2507841,202606,2026-06-15,0.3433266,0.5741462838237031,Bottom 70% - Lower Risk
2541208,202602,2026-02-15,0.3432581,0.5742644452321871,Bottom 70% - Lower Risk
2477413,202606,2026-06-15,0.34325102,0.5743826066406712,Bottom 70% - Lower Risk
2364995,202606,2026-06-15,0.3432455,0.5745007680491552,Bottom 70% - Lower Risk
2465368,202606,2026-06-15,0.34321076,0.5746189294576391,Bottom 70% - Lower Risk
2240634,202606,2026-06-15,0.34320876,0.5747370908661231,Bottom 70% - Lower Risk
2349580,202512,2025-12-16,0.34317175,0.5748552522746071,Bottom 70% - Lower Risk
2495897,202606,2026-06-15,0.34316868,0.5749734136830911,Bottom 70% - Lower Risk
2133443,202602,2026-02-15,0.34316725,0.575091575091575,Bottom 70% - Lower Risk
2500780,202606,2026-06-15,0.3431189,0.5752097365000591,Bottom 70% - Lower Risk
2018844,202606,2026-06-15,0.34308538,0.5753278979085431,Bottom 70% - Lower Risk
2284513,202606,2026-06-15,0.34306103,0.5754460593170271,Bottom 70% - Lower Risk
2608326,202606,2026-06-15,0.3430499,0.575564220725511,Bottom 70% - Lower Risk
2586402,202606,2026-06-15,0.34298968,0.575800543542479,Bottom 70% - Lower Risk
2592960,202606,2026-06-15,0.34298968,0.575682382133995,Bottom 70% - Lower Risk
2157240,202606,2026-06-15,0.34292877,0.575918704950963,Bottom 70% - Lower Risk
2260294,202606,2026-06-15,0.34292483,0.576036866359447,Bottom 70% - Lower Risk
2299947,202606,2026-06-15,0.3428269,0.576155027767931,Bottom 70% - Lower Risk
2437140,202606,2026-06-15,0.34279174,0.576273189176415,Bottom 70% - Lower Risk
2218127,202606,2026-06-15,0.34277517,0.576391350584899,Bottom 70% - Lower Risk
2186379,202606,2026-06-15,0.34274572,0.576509511993383,Bottom 70% - Lower Risk
2214570,202606,2026-06-15,0.3427376,0.5766276734018669,Bottom 70% - Lower Risk
2413590,202606,2026-06-15,0.34266743,0.5767458348103509,Bottom 70% - Lower Risk
2254922,202606,2026-06-15,0.34264234,0.5768639962188349,Bottom 70% - Lower Risk
2570184,202606,2026-06-15,0.34263194,0.576982157627319,Bottom 70% - Lower Risk
2340966,202606,2026-06-15,0.34263122,0.5771003190358029,Bottom 70% - Lower Risk
2253291,202606,2026-06-15,0.3426308,0.5772184804442869,Bottom 70% - Lower Risk
2547881,202606,2026-06-15,0.34262693,0.5773366418527709,Bottom 70% - Lower Risk
2330451,202606,2026-06-15,0.3425728,0.5774548032612549,Bottom 70% - Lower Risk
2519587,202606,2026-06-15,0.34257263,0.5775729646697388,Bottom 70% - Lower Risk
2050502,202606,2026-06-15,0.34256655,0.5776911260782228,Bottom 70% - Lower Risk
2521288,202606,2026-06-15,0.34256408,0.5779274488951909,Bottom 70% - Lower Risk
2236168,202606,2026-06-15,0.34256408,0.5778092874867068,Bottom 70% - Lower Risk
2236522,202606,2026-06-15,0.34253478,0.5780456103036749,Bottom 70% - Lower Risk
2145645,202512,2025-12-16,0.34252727,0.5781637717121588,Bottom 70% - Lower Risk
2442553,202606,2026-06-15,0.34252438,0.5782819331206428,Bottom 70% - Lower Risk
2437940,202606,2026-06-15,0.34251752,0.5784000945291268,Bottom 70% - Lower Risk
2427749,202606,2026-06-15,0.34248435,0.5785182559376107,Bottom 70% - Lower Risk
2279492,202606,2026-06-15,0.3424758,0.5786364173460947,Bottom 70% - Lower Risk
2251390,202606,2026-06-15,0.34244984,0.5787545787545788,Bottom 70% - Lower Risk
2216691,202606,2026-06-15,0.34244862,0.5788727401630628,Bottom 70% - Lower Risk
2393578,202606,2026-06-15,0.34241867,0.5789909015715468,Bottom 70% - Lower Risk
2614078,202606,2026-06-15,0.34239405,0.5791090629800307,Bottom 70% - Lower Risk
2611756,202606,2026-06-15,0.34239405,0.5792272243885147,Bottom 70% - Lower Risk
2189857,202606,2026-06-15,0.34238148,0.5793453857969987,Bottom 70% - Lower Risk
2399491,202606,2026-06-15,0.34229335,0.5794635472054827,Bottom 70% - Lower Risk
2368683,202606,2026-06-15,0.34228745,0.5795817086139666,Bottom 70% - Lower Risk
2136031,202606,2026-06-15,0.34226087,0.5796998700224507,Bottom 70% - Lower Risk
2017172,202606,2026-06-15,0.34225157,0.5798180314309347,Bottom 70% - Lower Risk
2176800,202606,2026-06-15,0.3421563,0.5799361928394187,Bottom 70% - Lower Risk
2270605,202606,2026-06-15,0.34215027,0.5800543542479026,Bottom 70% - Lower Risk
2143337,202606,2026-06-15,0.34210178,0.5801725156563866,Bottom 70% - Lower Risk
2401099,202606,2026-06-15,0.3420609,0.5802906770648706,Bottom 70% - Lower Risk
2474302,202606,2026-06-15,0.34201485,0.5804088384733546,Bottom 70% - Lower Risk
2548194,202606,2026-06-15,0.342013,0.5805269998818386,Bottom 70% - Lower Risk
2173218,202606,2026-06-15,0.34186098,0.5806451612903226,Bottom 70% - Lower Risk
2184132,202606,2026-06-15,0.34185264,0.5807633226988066,Bottom 70% - Lower Risk
2034343,202606,2026-06-15,0.34184408,0.5808814841072906,Bottom 70% - Lower Risk
2588421,202606,2026-06-15,0.3417559,0.5809996455157745,Bottom 70% - Lower Risk
2506463,202606,2026-06-15,0.34172127,0.5811178069242585,Bottom 70% - Lower Risk
2036697,202606,2026-06-15,0.34168154,0.5812359683327425,Bottom 70% - Lower Risk
2520179,202606,2026-06-15,0.34160072,0.5813541297412265,Bottom 70% - Lower Risk
2559557,202606,2026-06-15,0.34159085,0.5814722911497106,Bottom 70% - Lower Risk
2522822,202606,2026-06-15,0.34157434,0.5815904525581945,Bottom 70% - Lower Risk
2014789,202606,2026-06-15,0.3415423,0.5817086139666785,Bottom 70% - Lower Risk
2595607,202606,2026-06-15,0.34151754,0.5818267753751625,Bottom 70% - Lower Risk
2575729,202606,2026-06-15,0.34151477,0.5819449367836464,Bottom 70% - Lower Risk
2180751,202606,2026-06-15,0.34150892,0.5820630981921304,Bottom 70% - Lower Risk
2578531,202606,2026-06-15,0.34150738,0.5822994210090985,Bottom 70% - Lower Risk
2560281,202606,2026-06-15,0.34150738,0.5821812596006144,Bottom 70% - Lower Risk
2319483,202606,2026-06-15,0.34150147,0.5824175824175825,Bottom 70% - Lower Risk
2191179,202606,2026-06-15,0.34150082,0.5825357438260664,Bottom 70% - Lower Risk
2374517,202606,2026-06-15,0.34150046,0.5826539052345504,Bottom 70% - Lower Risk
2017456,202606,2026-06-15,0.34148473,0.5827720666430344,Bottom 70% - Lower Risk
2511911,202606,2026-06-15,0.34130338,0.5828902280515184,Bottom 70% - Lower Risk
2211127,202606,2026-06-15,0.34128356,0.5830083894600023,Bottom 70% - Lower Risk
2382923,202606,2026-06-15,0.34127668,0.5831265508684863,Bottom 70% - Lower Risk
2203422,202606,2026-06-15,0.34127477,0.5832447122769704,Bottom 70% - Lower Risk
2554308,202606,2026-06-15,0.3412455,0.5833628736854544,Bottom 70% - Lower Risk
2382192,202606,2026-06-15,0.34124252,0.5834810350939383,Bottom 70% - Lower Risk
2471886,202601,2026-01-15,0.34122476,0.5835991965024223,Bottom 70% - Lower Risk
2456090,202606,2026-06-15,0.3411997,0.5837173579109063,Bottom 70% - Lower Risk
2188817,202606,2026-06-15,0.34119183,0.5838355193193903,Bottom 70% - Lower Risk
2404190,202601,2026-01-15,0.34114122,0.5839536807278742,Bottom 70% - Lower Risk
2486622,202606,2026-06-15,0.34111837,0.5840718421363582,Bottom 70% - Lower Risk
2239163,202606,2026-06-15,0.34105384,0.5843081649533263,Bottom 70% - Lower Risk
2267020,202606,2026-06-15,0.34105384,0.5841900035448423,Bottom 70% - Lower Risk
2057073,202606,2026-06-15,0.34105384,0.5844263263618102,Bottom 70% - Lower Risk
2467162,202606,2026-06-15,0.34101656,0.5845444877702942,Bottom 70% - Lower Risk
2236775,202606,2026-06-15,0.34099331,0.5846626491787782,Bottom 70% - Lower Risk
2074346,202606,2026-06-15,0.34098396,0.5847808105872622,Bottom 70% - Lower Risk
2143522,202606,2026-06-15,0.34095758,0.5848989719957461,Bottom 70% - Lower Risk
2339597,202606,2026-06-15,0.34093952,0.5850171334042302,Bottom 70% - Lower Risk
2611264,202606,2026-06-15,0.34090587,0.5851352948127142,Bottom 70% - Lower Risk
2143190,202606,2026-06-15,0.34085867,0.5852534562211982,Bottom 70% - Lower Risk
2387162,202606,2026-06-15,0.34084904,0.5853716176296822,Bottom 70% - Lower Risk
2124822,202606,2026-06-15,0.34082326,0.5854897790381661,Bottom 70% - Lower Risk
2508419,202606,2026-06-15,0.34080723,0.5856079404466501,Bottom 70% - Lower Risk
2126236,202606,2026-06-15,0.34078008,0.5857261018551341,Bottom 70% - Lower Risk
2142278,202606,2026-06-15,0.34074703,0.585844263263618,Bottom 70% - Lower Risk
2448249,202606,2026-06-15,0.34071147,0.5859624246721021,Bottom 70% - Lower Risk
2449342,202604,2026-04-15,0.3406572,0.5860805860805861,Bottom 70% - Lower Risk
2131073,202606,2026-06-15,0.34063527,0.5861987474890701,Bottom 70% - Lower Risk
2431336,202606,2026-06-15,0.34062925,0.5863169088975541,Bottom 70% - Lower Risk
2166334,202606,2026-06-15,0.3406077,0.586435070306038,Bottom 70% - Lower Risk
2558583,202606,2026-06-15,0.34056854,0.586671393123006,Bottom 70% - Lower Risk
2553777,202606,2026-06-15,0.34056854,0.586553231714522,Bottom 70% - Lower Risk
2070893,202606,2026-06-15,0.3405226,0.5867895545314901,Bottom 70% - Lower Risk
2047490,202606,2026-06-15,0.3404704,0.586907715939974,Bottom 70% - Lower Risk
2613426,202606,2026-06-15,0.3404489,0.587144038756942,Bottom 70% - Lower Risk
2231501,202602,2026-02-15,0.3404489,0.587025877348458,Bottom 70% - Lower Risk
2612964,202606,2026-06-15,0.3404489,0.587262200165426,Bottom 70% - Lower Risk
2277618,202601,2026-01-15,0.3404489,0.5873803615739099,Bottom 70% - Lower Risk
2438648,202606,2026-06-15,0.34040973,0.5874985229823939,Bottom 70% - Lower Risk
2149651,202606,2026-06-15,0.34039736,0.5876166843908779,Bottom 70% - Lower Risk
2181395,202603,2026-03-18,0.34038925,0.587734845799362,Bottom 70% - Lower Risk
2064906,202606,2026-06-15,0.340381,0.587853007207846,Bottom 70% - Lower Risk
2420889,202606,2026-06-15,0.34037292,0.5879711686163299,Bottom 70% - Lower Risk
2333642,202512,2025-12-16,0.3403675,0.5880893300248139,Bottom 70% - Lower Risk
2252111,202606,2026-06-15,0.3403245,0.5882074914332979,Bottom 70% - Lower Risk
2505200,202606,2026-06-15,0.34029737,0.5883256528417818,Bottom 70% - Lower Risk
2443578,202606,2026-06-15,0.34018686,0.5884438142502658,Bottom 70% - Lower Risk
2103480,202602,2026-02-15,0.34014615,0.5886801370672339,Bottom 70% - Lower Risk
2488198,202606,2026-06-15,0.34014615,0.5885619756587499,Bottom 70% - Lower Risk
2482164,202606,2026-06-15,0.34009534,0.5887982984757179,Bottom 70% - Lower Risk
2454090,202606,2026-06-15,0.34008756,0.5889164598842018,Bottom 70% - Lower Risk
2226016,202606,2026-06-15,0.3400509,0.5890346212926858,Bottom 70% - Lower Risk
2084899,202606,2026-06-15,0.33999956,0.5891527827011698,Bottom 70% - Lower Risk
2353845,202606,2026-06-15,0.33999956,0.5892709441096537,Bottom 70% - Lower Risk
2274859,202512,2025-12-16,0.33998495,0.5893891055181377,Bottom 70% - Lower Risk
2546120,202606,2026-06-15,0.33998293,0.5895072669266218,Bottom 70% - Lower Risk
2486574,202606,2026-06-15,0.3399773,0.5896254283351058,Bottom 70% - Lower Risk
2218829,202601,2026-01-15,0.3399654,0.5897435897435898,Bottom 70% - Lower Risk
2292563,202606,2026-06-15,0.3398696,0.5898617511520737,Bottom 70% - Lower Risk
2097870,202606,2026-06-15,0.3398105,0.5899799125605577,Bottom 70% - Lower Risk
2029580,202606,2026-06-15,0.33979332,0.5900980739690417,Bottom 70% - Lower Risk
2211513,202606,2026-06-15,0.33979332,0.5902162353775257,Bottom 70% - Lower Risk
2142828,202606,2026-06-15,0.3397915,0.5903343967860097,Bottom 70% - Lower Risk
2202076,202606,2026-06-15,0.33978158,0.5904525581944937,Bottom 70% - Lower Risk
2284311,202606,2026-06-15,0.33976904,0.5905707196029777,Bottom 70% - Lower Risk
2233100,202606,2026-06-15,0.33974296,0.5909252038284296,Bottom 70% - Lower Risk
2335983,202606,2026-06-15,0.33974296,0.5912796880538816,Bottom 70% - Lower Risk
2116585,202606,2026-06-15,0.33974296,0.5911615266453976,Bottom 70% - Lower Risk
2461930,202606,2026-06-15,0.33974296,0.5910433652369136,Bottom 70% - Lower Risk
2175377,202604,2026-04-15,0.33974296,0.5908070424199456,Bottom 70% - Lower Risk
2234158,202606,2026-06-15,0.33974296,0.5906888810114617,Bottom 70% - Lower Risk
2020558,202512,2025-12-16,0.33968684,0.5913978494623656,Bottom 70% - Lower Risk
2074630,202512,2025-12-16,0.339629,0.5915160108708496,Bottom 70% - Lower Risk
2509276,202606,2026-06-15,0.33962798,0.5916341722793336,Bottom 70% - Lower Risk
2115022,202606,2026-06-15,0.339587,0.5917523336878175,Bottom 70% - Lower Risk
2158729,202606,2026-06-15,0.33958367,0.5918704950963015,Bottom 70% - Lower Risk
2305761,202606,2026-06-15,0.33958286,0.5919886565047855,Bottom 70% - Lower Risk
2391266,202606,2026-06-15,0.3395649,0.5921068179132696,Bottom 70% - Lower Risk
2565236,202606,2026-06-15,0.3394771,0.5922249793217536,Bottom 70% - Lower Risk
2128916,202606,2026-06-15,0.33944076,0.5923431407302375,Bottom 70% - Lower Risk
2174276,202606,2026-06-15,0.33941033,0.5924613021387215,Bottom 70% - Lower Risk
2380973,202601,2026-01-15,0.33940265,0.5925794635472055,Bottom 70% - Lower Risk
2287614,202606,2026-06-15,0.33936545,0.5926976249556895,Bottom 70% - Lower Risk
2130598,202606,2026-06-15,0.3393499,0.5928157863641734,Bottom 70% - Lower Risk
2248419,202606,2026-06-15,0.33934262,0.5929339477726574,Bottom 70% - Lower Risk
2483473,202512,2025-12-16,0.33933207,0.5930521091811415,Bottom 70% - Lower Risk
2021566,202606,2026-06-15,0.3393213,0.5931702705896255,Bottom 70% - Lower Risk
2318035,202606,2026-06-15,0.33932015,0.5932884319981094,Bottom 70% - Lower Risk
2360743,202606,2026-06-15,0.33931014,0.5934065934065934,Bottom 70% - Lower Risk
2239581,202606,2026-06-15,0.33926088,0.5935247548150774,Bottom 70% - Lower Risk
2077495,202606,2026-06-15,0.33925775,0.5936429162235614,Bottom 70% - Lower Risk
2612867,202606,2026-06-15,0.33923516,0.5937610776320453,Bottom 70% - Lower Risk
2118707,202606,2026-06-15,0.33923015,0.5938792390405294,Bottom 70% - Lower Risk
2173106,202606,2026-06-15,0.3391896,0.5939974004490134,Bottom 70% - Lower Risk
2570151,202606,2026-06-15,0.33917418,0.5941155618574974,Bottom 70% - Lower Risk
2102719,202606,2026-06-15,0.33915,0.5942337232659813,Bottom 70% - Lower Risk
2492481,202606,2026-06-15,0.33909807,0.5943518846744653,Bottom 70% - Lower Risk
2264799,202606,2026-06-15,0.33902767,0.5944700460829493,Bottom 70% - Lower Risk
2089154,202606,2026-06-15,0.33901727,0.5945882074914333,Bottom 70% - Lower Risk
2622678,202606,2026-06-15,0.33901727,0.5947063688999172,Bottom 70% - Lower Risk
2440619,202606,2026-06-15,0.3389952,0.5948245303084013,Bottom 70% - Lower Risk
2481361,202605,2026-05-16,0.3389669,0.5949426917168853,Bottom 70% - Lower Risk
2606536,202606,2026-06-15,0.33896005,0.5950608531253693,Bottom 70% - Lower Risk
2360755,202606,2026-06-15,0.33894247,0.5951790145338532,Bottom 70% - Lower Risk
2547318,202606,2026-06-15,0.3389027,0.5952971759423372,Bottom 70% - Lower Risk
2308368,202603,2026-03-18,0.33877423,0.5954153373508212,Bottom 70% - Lower Risk
2205506,202606,2026-06-15,0.33873826,0.5957698215762732,Bottom 70% - Lower Risk
2391646,202606,2026-06-15,0.33873826,0.5955334987593052,Bottom 70% - Lower Risk
2227669,202606,2026-06-15,0.33873826,0.5956516601677893,Bottom 70% - Lower Risk
2469288,202601,2026-01-15,0.33868876,0.5958879829847572,Bottom 70% - Lower Risk
2519728,202606,2026-06-15,0.3386845,0.5960061443932412,Bottom 70% - Lower Risk
2189426,202606,2026-06-15,0.33866465,0.5961243058017252,Bottom 70% - Lower Risk
2566882,202606,2026-06-15,0.33862352,0.5962424672102091,Bottom 70% - Lower Risk
2205479,202606,2026-06-15,0.3385983,0.5963606286186931,Bottom 70% - Lower Risk
2039766,202606,2026-06-15,0.33859056,0.5964787900271771,Bottom 70% - Lower Risk
2030326,202606,2026-06-15,0.3385301,0.5965969514356612,Bottom 70% - Lower Risk
2176121,202606,2026-06-15,0.33849156,0.5969514356611131,Bottom 70% - Lower Risk
2171264,202606,2026-06-15,0.33849156,0.5968332742526291,Bottom 70% - Lower Risk
2059676,202606,2026-06-15,0.33849156,0.5967151128441451,Bottom 70% - Lower Risk
2521994,202602,2026-02-15,0.33846906,0.5970695970695971,Bottom 70% - Lower Risk
2434971,202606,2026-06-15,0.33846906,0.597187758478081,Bottom 70% - Lower Risk
2434398,202606,2026-06-15,0.33846545,0.597305919886565,Bottom 70% - Lower Risk
2527180,202606,2026-06-15,0.3384443,0.5974240812950491,Bottom 70% - Lower Risk
2180335,202606,2026-06-15,0.33843932,0.5975422427035331,Bottom 70% - Lower Risk
2248418,202606,2026-06-15,0.33840653,0.597660404112017,Bottom 70% - Lower Risk
2244014,202606,2026-06-15,0.33840057,0.597778565520501,Bottom 70% - Lower Risk
2231501,202604,2026-04-15,0.33833197,0.597896726928985,Bottom 70% - Lower Risk
2520219,202606,2026-06-15,0.3383062,0.598014888337469,Bottom 70% - Lower Risk
2242115,202606,2026-06-15,0.33828643,0.5981330497459529,Bottom 70% - Lower Risk
2320415,202606,2026-06-15,0.3382637,0.5982512111544369,Bottom 70% - Lower Risk
2157682,202604,2026-04-15,0.33823335,0.598369372562921,Bottom 70% - Lower Risk
2226024,202606,2026-06-15,0.33808962,0.598487533971405,Bottom 70% - Lower Risk
2257608,202606,2026-06-15,0.33808008,0.598605695379889,Bottom 70% - Lower Risk
2229604,202606,2026-06-15,0.33806795,0.5987238567883729,Bottom 70% - Lower Risk
2453553,202512,2025-12-16,0.33787075,0.5988420181968569,Bottom 70% - Lower Risk
2108367,202606,2026-06-15,0.33784002,0.5990783410138248,Bottom 70% - Lower Risk
2368714,202606,2026-06-15,0.33784002,0.5989601796053409,Bottom 70% - Lower Risk
2121947,202606,2026-06-15,0.33784002,0.5991965024223088,Bottom 70% - Lower Risk
2171292,202606,2026-06-15,0.33784002,0.5993146638307929,Bottom 70% - Lower Risk
2232147,202606,2026-06-15,0.3378233,0.5994328252392769,Bottom 70% - Lower Risk
2593294,202606,2026-06-15,0.33780682,0.5995509866477609,Bottom 70% - Lower Risk
2159796,202606,2026-06-15,0.3377677,0.5996691480562448,Bottom 70% - Lower Risk
2310594,202606,2026-06-15,0.3376988,0.5997873094647288,Bottom 70% - Lower Risk
2451784,202606,2026-06-15,0.3376988,0.5999054708732128,Bottom 70% - Lower Risk
2316465,202606,2026-06-15,0.33767638,0.6000236322816968,Bottom 70% - Lower Risk
2211808,202604,2026-04-15,0.33765203,0.6001417936901808,Bottom 70% - Lower Risk
2014248,202606,2026-06-15,0.33764133,0.6002599550986648,Bottom 70% - Lower Risk
2253179,202606,2026-06-15,0.33764133,0.6003781165071488,Bottom 70% - Lower Risk
2366929,202606,2026-06-15,0.33733246,0.6006144393241167,Bottom 70% - Lower Risk
2499126,202606,2026-06-15,0.33733246,0.6004962779156328,Bottom 70% - Lower Risk
2045166,202606,2026-06-15,0.33713126,0.6007326007326007,Bottom 70% - Lower Risk
2174244,202601,2026-01-15,0.33712652,0.6008507621410847,Bottom 70% - Lower Risk
2011617,202606,2026-06-15,0.3371196,0.6009689235495687,Bottom 70% - Lower Risk
2192331,202606,2026-06-15,0.33709952,0.6010870849580527,Bottom 70% - Lower Risk
2496408,202512,2025-12-16,0.3370928,0.6012052463665367,Bottom 70% - Lower Risk
2412895,202606,2026-06-15,0.33708617,0.6013234077750207,Bottom 70% - Lower Risk
2617163,202606,2026-06-15,0.3370147,0.6014415691835047,Bottom 70% - Lower Risk
2507868,202606,2026-06-15,0.33701235,0.6015597305919886,Bottom 70% - Lower Risk
2526482,202606,2026-06-15,0.33700252,0.6016778920004726,Bottom 70% - Lower Risk
2012050,202606,2026-06-15,0.33698922,0.6017960534089566,Bottom 70% - Lower Risk
2150501,202606,2026-06-15,0.3369267,0.6019142148174407,Bottom 70% - Lower Risk
2185233,202606,2026-06-15,0.33690932,0.6020323762259246,Bottom 70% - Lower Risk
2402032,202606,2026-06-15,0.33682796,0.6021505376344086,Bottom 70% - Lower Risk
2556049,202606,2026-06-15,0.33682042,0.6022686990428926,Bottom 70% - Lower Risk
2567853,202606,2026-06-15,0.33680695,0.6023868604513766,Bottom 70% - Lower Risk
2347389,202512,2025-12-16,0.33677596,0.6025050218598605,Bottom 70% - Lower Risk
2309824,202606,2026-06-15,0.33674663,0.6026231832683445,Bottom 70% - Lower Risk
2052203,202606,2026-06-15,0.33673143,0.6027413446768285,Bottom 70% - Lower Risk
2082516,202512,2025-12-16,0.33672962,0.6028595060853126,Bottom 70% - Lower Risk
2573080,202606,2026-06-15,0.33672962,0.6029776674937966,Bottom 70% - Lower Risk
2370825,202606,2026-06-15,0.33671886,0.6030958289022805,Bottom 70% - Lower Risk
2188210,202606,2026-06-15,0.33671734,0.6032139903107645,Bottom 70% - Lower Risk
2159761,202606,2026-06-15,0.33671156,0.6033321517192485,Bottom 70% - Lower Risk
2621292,202606,2026-06-15,0.33667535,0.6035684745362164,Bottom 70% - Lower Risk
2162123,202606,2026-06-15,0.33667535,0.6034503131277325,Bottom 70% - Lower Risk
2100555,202606,2026-06-15,0.33659098,0.6038047973531845,Bottom 70% - Lower Risk
2054762,202606,2026-06-15,0.33659098,0.6036866359447005,Bottom 70% - Lower Risk
2593796,202606,2026-06-15,0.33650386,0.6039229587616685,Bottom 70% - Lower Risk
2292908,202606,2026-06-15,0.33649448,0.6040411201701524,Bottom 70% - Lower Risk
2254243,202606,2026-06-15,0.33647254,0.6041592815786364,Bottom 70% - Lower Risk
2190465,202604,2026-04-15,0.33644542,0.6042774429871204,Bottom 70% - Lower Risk
2261093,202606,2026-06-15,0.33644387,0.6043956043956044,Bottom 70% - Lower Risk
2440001,202606,2026-06-15,0.33641276,0.6045137658040883,Bottom 70% - Lower Risk
2432111,202606,2026-06-15,0.33631274,0.6046319272125724,Bottom 70% - Lower Risk
2150217,202606,2026-06-15,0.33628485,0.6047500886210564,Bottom 70% - Lower Risk
2178184,202606,2026-06-15,0.33628377,0.6048682500295404,Bottom 70% - Lower Risk
2613930,202606,2026-06-15,0.3362761,0.6049864114380243,Bottom 70% - Lower Risk
2228580,202602,2026-02-15,0.33627048,0.6051045728465083,Bottom 70% - Lower Risk
2266618,202606,2026-06-15,0.33624375,0.6052227342549923,Bottom 70% - Lower Risk
2123264,202606,2026-06-15,0.33624375,0.6053408956634763,Bottom 70% - Lower Risk
2167372,202602,2026-02-15,0.33621094,0.6054590570719603,Bottom 70% - Lower Risk
2302599,202606,2026-06-15,0.33618167,0.6055772184804443,Bottom 70% - Lower Risk
2354923,202606,2026-06-15,0.33616713,0.6056953798889283,Bottom 70% - Lower Risk
2162877,202606,2026-06-15,0.3361602,0.6058135412974123,Bottom 70% - Lower Risk
2537549,202606,2026-06-15,0.33615595,0.6059317027058962,Bottom 70% - Lower Risk
2460969,202512,2025-12-16,0.33615053,0.6060498641143802,Bottom 70% - Lower Risk
2233630,202606,2026-06-15,0.33614442,0.6061680255228642,Bottom 70% - Lower Risk
2109091,202606,2026-06-15,0.3360842,0.6062861869313482,Bottom 70% - Lower Risk
2461680,202606,2026-06-15,0.3360707,0.6064043483398323,Bottom 70% - Lower Risk
2429355,202605,2026-05-16,0.33605102,0.6065225097483162,Bottom 70% - Lower Risk
2248012,202606,2026-06-15,0.33603165,0.6066406711568002,Bottom 70% - Lower Risk
2172241,202602,2026-02-15,0.33598447,0.6067588325652842,Bottom 70% - Lower Risk
2144085,202601,2026-01-15,0.3359763,0.6068769939737682,Bottom 70% - Lower Risk
2467771,202512,2025-12-16,0.33596286,0.6069951553822521,Bottom 70% - Lower Risk
2105923,202606,2026-06-15,0.335961,0.6071133167907361,Bottom 70% - Lower Risk
2000113,202606,2026-06-15,0.33594927,0.6072314781992202,Bottom 70% - Lower Risk
2536516,202606,2026-06-15,0.335922,0.6073496396077042,Bottom 70% - Lower Risk
2072024,202606,2026-06-15,0.3358298,0.6074678010161881,Bottom 70% - Lower Risk
2116096,202606,2026-06-15,0.3358154,0.6075859624246721,Bottom 70% - Lower Risk
2562255,202606,2026-06-15,0.33574447,0.6077041238331561,Bottom 70% - Lower Risk
2119433,202606,2026-06-15,0.3357395,0.6078222852416401,Bottom 70% - Lower Risk
2491330,202606,2026-06-15,0.33573318,0.607940446650124,Bottom 70% - Lower Risk
2152004,202606,2026-06-15,0.3357293,0.608058608058608,Bottom 70% - Lower Risk
2619426,202606,2026-06-15,0.33570287,0.6082949308755761,Bottom 70% - Lower Risk
2442568,202606,2026-06-15,0.33570287,0.6081767694670921,Bottom 70% - Lower Risk
2196654,202606,2026-06-15,0.3356914,0.60841309228406,Bottom 70% - Lower Risk
2405732,202606,2026-06-15,0.3356912,0.608531253692544,Bottom 70% - Lower Risk
2170100,202606,2026-06-15,0.3356912,0.60900389932648,Bottom 70% - Lower Risk
2359822,202606,2026-06-15,0.3356912,0.608649415101028,Bottom 70% - Lower Risk
2472759,202606,2026-06-15,0.3356912,0.6088857379179959,Bottom 70% - Lower Risk
2617691,202606,2026-06-15,0.3356912,0.609122060734964,Bottom 70% - Lower Risk
2554640,202606,2026-06-15,0.3356912,0.608767576509512,Bottom 70% - Lower Risk
2616692,202606,2026-06-15,0.3356912,0.609358383551932,Bottom 70% - Lower Risk
2334640,202606,2026-06-15,0.3356912,0.609240222143448,Bottom 70% - Lower Risk
2169609,202606,2026-06-15,0.3356892,0.6098310291858678,Bottom 70% - Lower Risk
2263069,202606,2026-06-15,0.3356892,0.6099491905943519,Bottom 70% - Lower Risk
2162181,202606,2026-06-15,0.3356892,0.6100673520028359,Bottom 70% - Lower Risk
2149016,202606,2026-06-15,0.3356892,0.6113671274961597,Bottom 70% - Lower Risk
2278415,202606,2026-06-15,0.3356892,0.6112489660876758,Bottom 70% - Lower Risk
2418531,202606,2026-06-15,0.3356892,0.6103036748198039,Bottom 70% - Lower Risk
2145950,202606,2026-06-15,0.3356892,0.6111308046791918,Bottom 70% - Lower Risk
2373927,202606,2026-06-15,0.3356892,0.6104218362282878,Bottom 70% - Lower Risk
2452528,202602,2026-02-15,0.3356892,0.6094765449604159,Bottom 70% - Lower Risk
2465783,202606,2026-06-15,0.3356892,0.6107763204537399,Bottom 70% - Lower Risk
2296823,202606,2026-06-15,0.3356892,0.6108944818622238,Bottom 70% - Lower Risk
2292545,202606,2026-06-15,0.3356892,0.6110126432707078,Bottom 70% - Lower Risk
2172063,202604,2026-04-15,0.3356892,0.6105399976367718,Bottom 70% - Lower Risk
2154363,202606,2026-06-15,0.3356892,0.6101855134113199,Bottom 70% - Lower Risk
2427458,202512,2025-12-16,0.3356892,0.6114852889046437,Bottom 70% - Lower Risk
2059513,202606,2026-06-15,0.3356892,0.6106581590452558,Bottom 70% - Lower Risk
2272091,202606,2026-06-15,0.3356892,0.6095947063688999,Bottom 70% - Lower Risk
2129283,202606,2026-06-15,0.3356892,0.6097128677773839,Bottom 70% - Lower Risk
2258739,202606,2026-06-15,0.3356621,0.6116034503131277,Bottom 70% - Lower Risk
2063609,202606,2026-06-15,0.33564425,0.6117216117216118,Bottom 70% - Lower Risk
2485798,202606,2026-06-15,0.33563912,0.6118397731300957,Bottom 70% - Lower Risk
2476517,202606,2026-06-15,0.3356374,0.6119579345385797,Bottom 70% - Lower Risk
2304703,202606,2026-06-15,0.33560306,0.6120760959470637,Bottom 70% - Lower Risk
2256361,202606,2026-06-15,0.33559072,0.6121942573555477,Bottom 70% - Lower Risk
2558105,202606,2026-06-15,0.3355843,0.6123124187640316,Bottom 70% - Lower Risk
2115961,202606,2026-06-15,0.33553207,0.6124305801725156,Bottom 70% - Lower Risk
2337323,202606,2026-06-15,0.33553207,0.6125487415809997,Bottom 70% - Lower Risk
2111800,202606,2026-06-15,0.33548656,0.6126669029894837,Bottom 70% - Lower Risk
2535098,202606,2026-06-15,0.33546078,0.6127850643979676,Bottom 70% - Lower Risk
2107877,202606,2026-06-15,0.33545136,0.6130213872149356,Bottom 70% - Lower Risk
2458225,202606,2026-06-15,0.33545136,0.6129032258064516,Bottom 70% - Lower Risk
2527429,202601,2026-01-15,0.3354498,0.6131395486234196,Bottom 70% - Lower Risk
2518919,202606,2026-06-15,0.33539876,0.6132577100319035,Bottom 70% - Lower Risk
2140585,202512,2025-12-16,0.33539706,0.6133758714403875,Bottom 70% - Lower Risk
2505946,202606,2026-06-15,0.3353952,0.6134940328488716,Bottom 70% - Lower Risk
2102630,202606,2026-06-15,0.33532414,0.6136121942573556,Bottom 70% - Lower Risk
2299841,202606,2026-06-15,0.33530945,0.6137303556658396,Bottom 70% - Lower Risk
2206695,202606,2026-06-15,0.33523712,0.6138485170743235,Bottom 70% - Lower Risk
2617132,202606,2026-06-15,0.33522364,0.6139666784828075,Bottom 70% - Lower Risk
2299073,202606,2026-06-15,0.33520955,0.6140848398912915,Bottom 70% - Lower Risk
2249403,202606,2026-06-15,0.33519667,0.6142030012997755,Bottom 70% - Lower Risk
2561550,202606,2026-06-15,0.33516738,0.6143211627082594,Bottom 70% - Lower Risk
2347920,202606,2026-06-15,0.3351474,0.6144393241167435,Bottom 70% - Lower Risk
2442620,202606,2026-06-15,0.3350733,0.6145574855252275,Bottom 70% - Lower Risk
2091412,202606,2026-06-15,0.3350018,0.6146756469337115,Bottom 70% - Lower Risk
2105493,202606,2026-06-15,0.33496365,0.6147938083421954,Bottom 70% - Lower Risk
2240420,202606,2026-06-15,0.3349375,0.6149119697506794,Bottom 70% - Lower Risk
2145493,202606,2026-06-15,0.33491087,0.6150301311591634,Bottom 70% - Lower Risk
2132067,202606,2026-06-15,0.33490667,0.6151482925676474,Bottom 70% - Lower Risk
2150194,202606,2026-06-15,0.3347825,0.6152664539761314,Bottom 70% - Lower Risk
2267680,202606,2026-06-15,0.33477107,0.6153846153846154,Bottom 70% - Lower Risk
2537911,202602,2026-02-15,0.33477107,0.6155027767930994,Bottom 70% - Lower Risk
2614987,202606,2026-06-15,0.33477107,0.6156209382015834,Bottom 70% - Lower Risk
2287661,202601,2026-01-15,0.3347369,0.6157390996100673,Bottom 70% - Lower Risk
2402072,202606,2026-06-15,0.3347183,0.6158572610185513,Bottom 70% - Lower Risk
2061811,202606,2026-06-15,0.3346876,0.6159754224270353,Bottom 70% - Lower Risk
2581286,202606,2026-06-15,0.33466932,0.6160935838355193,Bottom 70% - Lower Risk
2025805,202606,2026-06-15,0.33465552,0.6162117452440034,Bottom 70% - Lower Risk
2498273,202606,2026-06-15,0.33459246,0.6163299066524873,Bottom 70% - Lower Risk
2104232,202606,2026-06-15,0.3345801,0.6164480680609713,Bottom 70% - Lower Risk
2615933,202606,2026-06-15,0.33455566,0.6165662294694553,Bottom 70% - Lower Risk
2378429,202606,2026-06-15,0.3345457,0.6166843908779392,Bottom 70% - Lower Risk
2559792,202606,2026-06-15,0.33453044,0.6168025522864232,Bottom 70% - Lower Risk
2114558,202606,2026-06-15,0.33452106,0.6169207136949072,Bottom 70% - Lower Risk
2542794,202604,2026-04-15,0.33451334,0.6170388751033913,Bottom 70% - Lower Risk
2238162,202606,2026-06-15,0.3344977,0.6171570365118753,Bottom 70% - Lower Risk
2181186,202606,2026-06-15,0.33448735,0.6172751979203592,Bottom 70% - Lower Risk
2517077,202603,2026-03-18,0.33447552,0.6173933593288432,Bottom 70% - Lower Risk
2338424,202606,2026-06-15,0.33447492,0.6175115207373272,Bottom 70% - Lower Risk
2482481,202601,2026-01-15,0.33446664,0.6176296821458112,Bottom 70% - Lower Risk
2318196,202606,2026-06-15,0.33446664,0.6177478435542951,Bottom 70% - Lower Risk
2118317,202601,2026-01-15,0.33445793,0.6178660049627791,Bottom 70% - Lower Risk
2185986,202606,2026-06-15,0.33439565,0.6179841663712632,Bottom 70% - Lower Risk
2555396,202606,2026-06-15,0.33437133,0.6181023277797472,Bottom 70% - Lower Risk
2175978,202606,2026-06-15,0.3343482,0.6182204891882311,Bottom 70% - Lower Risk
2616504,202606,2026-06-15,0.33433262,0.6183386505967151,Bottom 70% - Lower Risk
2617216,202606,2026-06-15,0.33430555,0.6196384260900389,Bottom 70% - Lower Risk
2388298,202512,2025-12-16,0.33430555,0.619402103273071,Bottom 70% - Lower Risk
2515080,202601,2026-01-15,0.33430555,0.618693134822167,Bottom 70% - Lower Risk
2616257,202606,2026-06-15,0.33430555,0.619283941864587,Bottom 70% - Lower Risk
2621295,202606,2026-06-15,0.33430555,0.6190476190476191,Bottom 70% - Lower Risk
2284313,202606,2026-06-15,0.33430555,0.6188112962306511,Bottom 70% - Lower Risk
2385990,202606,2026-06-15,0.33430555,0.6189294576391351,Bottom 70% - Lower Risk
2585028,202604,2026-04-15,0.33430555,0.619520264681555,Bottom 70% - Lower Risk
2549676,202602,2026-02-15,0.33430555,0.619165780456103,Bottom 70% - Lower Risk
2592171,202606,2026-06-15,0.33430555,0.6184568120051991,Bottom 70% - Lower Risk
2620220,202606,2026-06-15,0.33430555,0.6185749734136831,Bottom 70% - Lower Risk
2460869,202601,2026-01-15,0.3342783,0.619756587498523,Bottom 70% - Lower Risk
2082227,202606,2026-06-15,0.33425063,0.619874748907007,Bottom 70% - Lower Risk
2317175,202606,2026-06-15,0.33422902,0.619992910315491,Bottom 70% - Lower Risk
2172063,202601,2026-01-15,0.33422902,0.6202292331324589,Bottom 70% - Lower Risk
2191366,202606,2026-06-15,0.33422902,0.620111071723975,Bottom 70% - Lower Risk
2589500,202606,2026-06-15,0.33421132,0.6203473945409429,Bottom 70% - Lower Risk
2117180,202606,2026-06-15,0.33417225,0.6204655559494269,Bottom 70% - Lower Risk
2338873,202606,2026-06-15,0.33415556,0.620583717357911,Bottom 70% - Lower Risk
2458257,202512,2025-12-16,0.33415553,0.6207018787663949,Bottom 70% - Lower Risk
2236127,202606,2026-06-15,0.33410835,0.6208200401748789,Bottom 70% - Lower Risk
2179282,202606,2026-06-15,0.334093,0.6209382015833629,Bottom 70% - Lower Risk
2200723,202606,2026-06-15,0.33409265,0.6211745244003308,Bottom 70% - Lower Risk
2187253,202606,2026-06-15,0.33409265,0.6210563629918469,Bottom 70% - Lower Risk
2478767,202606,2026-06-15,0.33408576,0.6212926858088148,Bottom 70% - Lower Risk
2181395,202601,2026-01-15,0.33407205,0.6214108472172988,Bottom 70% - Lower Risk
2467619,202606,2026-06-15,0.33406815,0.6216471700342668,Bottom 70% - Lower Risk
2219687,202606,2026-06-15,0.33406815,0.6215290086257829,Bottom 70% - Lower Risk
2434503,202606,2026-06-15,0.3340513,0.6217653314427508,Bottom 70% - Lower Risk
2616506,202606,2026-06-15,0.33400673,0.6218834928512348,Bottom 70% - Lower Risk
2469726,202606,2026-06-15,0.333979,0.6220016542597188,Bottom 70% - Lower Risk
2043677,202606,2026-06-15,0.333947,0.6222379770766867,Bottom 70% - Lower Risk
2290066,202606,2026-06-15,0.333947,0.6221198156682027,Bottom 70% - Lower Risk
2521815,202606,2026-06-15,0.33391637,0.6223561384851708,Bottom 70% - Lower Risk
2520888,202606,2026-06-15,0.33386138,0.6224742998936548,Bottom 70% - Lower Risk
2615473,202606,2026-06-15,0.33385363,0.6225924613021387,Bottom 70% - Lower Risk
2491036,202606,2026-06-15,0.33385363,0.6228287841191067,Bottom 70% - Lower Risk
2580724,202606,2026-06-15,0.33385363,0.6229469455275907,Bottom 70% - Lower Risk
2614971,202606,2026-06-15,0.33385363,0.6227106227106227,Bottom 70% - Lower Risk
2436424,202606,2026-06-15,0.33385363,0.6231832683445586,Bottom 70% - Lower Risk
2567936,202606,2026-06-15,0.33385363,0.6230651069360746,Bottom 70% - Lower Risk
2600245,202606,2026-06-15,0.33384213,0.6233014297530427,Bottom 70% - Lower Risk
2253758,202606,2026-06-15,0.33382884,0.6234195911615267,Bottom 70% - Lower Risk
2531209,202606,2026-06-15,0.3337778,0.6235377525700107,Bottom 70% - Lower Risk
2252422,202606,2026-06-15,0.3337517,0.6236559139784946,Bottom 70% - Lower Risk
2622739,202606,2026-06-15,0.3336951,0.6237740753869786,Bottom 70% - Lower Risk
2466091,202606,2026-06-15,0.3336623,0.6238922367954626,Bottom 70% - Lower Risk
2436820,202606,2026-06-15,0.33361867,0.6240103982039465,Bottom 70% - Lower Risk
2599534,202606,2026-06-15,0.33354947,0.6241285596124306,Bottom 70% - Lower Risk
2211147,202606,2026-06-15,0.33352116,0.6242467210209146,Bottom 70% - Lower Risk
2152413,202603,2026-03-18,0.33351955,0.6243648824293986,Bottom 70% - Lower Risk
2400801,202604,2026-04-15,0.33348253,0.6244830438378826,Bottom 70% - Lower Risk
2614051,202606,2026-06-15,0.33347362,0.6246012052463665,Bottom 70% - Lower Risk
2293698,202604,2026-04-15,0.33346304,0.6247193666548505,Bottom 70% - Lower Risk
2263683,202606,2026-06-15,0.33345693,0.6248375280633345,Bottom 70% - Lower Risk
2468655,202606,2026-06-15,0.33343896,0.6249556894718185,Bottom 70% - Lower Risk
2569004,202606,2026-06-15,0.3334004,0.6250738508803025,Bottom 70% - Lower Risk
2592150,202606,2026-06-15,0.3333831,0.6251920122887865,Bottom 70% - Lower Risk
2092734,202606,2026-06-15,0.3333601,0.6253101736972705,Bottom 70% - Lower Risk
2168524,202606,2026-06-15,0.33335435,0.6254283351057545,Bottom 70% - Lower Risk
2071802,202606,2026-06-15,0.3333186,0.6255464965142384,Bottom 70% - Lower Risk
2234640,202606,2026-06-15,0.33331823,0.6256646579227224,Bottom 70% - Lower Risk
2140668,202606,2026-06-15,0.33330753,0.6257828193312064,Bottom 70% - Lower Risk
2371107,202606,2026-06-15,0.3332534,0.6259009807396905,Bottom 70% - Lower Risk
2257590,202601,2026-01-15,0.33318478,0.6260191421481744,Bottom 70% - Lower Risk
2562618,202606,2026-06-15,0.3331692,0.6261373035566584,Bottom 70% - Lower Risk
2098102,202606,2026-06-15,0.3331651,0.6262554649651424,Bottom 70% - Lower Risk
2205370,202606,2026-06-15,0.33313146,0.6263736263736264,Bottom 70% - Lower Risk
2440932,202606,2026-06-15,0.33309853,0.6264917877821103,Bottom 70% - Lower Risk
2135664,202606,2026-06-15,0.33309752,0.6266099491905943,Bottom 70% - Lower Risk
2110242,202606,2026-06-15,0.3330865,0.6267281105990783,Bottom 70% - Lower Risk
2102700,202606,2026-06-15,0.33304322,0.6268462720075624,Bottom 70% - Lower Risk
2262012,202606,2026-06-15,0.33301082,0.6269644334160464,Bottom 70% - Lower Risk
2464280,202603,2026-03-18,0.3329762,0.6270825948245303,Bottom 70% - Lower Risk
2160216,202606,2026-06-15,0.33296534,0.6272007562330143,Bottom 70% - Lower Risk
2523181,202606,2026-06-15,0.33296412,0.6273189176414983,Bottom 70% - Lower Risk
2606577,202606,2026-06-15,0.33289304,0.6274370790499822,Bottom 70% - Lower Risk
2228341,202606,2026-06-15,0.33288932,0.6275552404584662,Bottom 70% - Lower Risk
2548506,202606,2026-06-15,0.33287948,0.6276734018669503,Bottom 70% - Lower Risk
2526700,202606,2026-06-15,0.33284068,0.6277915632754343,Bottom 70% - Lower Risk
2539614,202606,2026-06-15,0.33279887,0.6279097246839183,Bottom 70% - Lower Risk
2154298,202606,2026-06-15,0.33277923,0.6281460475008862,Bottom 70% - Lower Risk
2499732,202606,2026-06-15,0.33277923,0.6280278860924022,Bottom 70% - Lower Risk
2036298,202606,2026-06-15,0.33277428,0.6282642089093702,Bottom 70% - Lower Risk
2197860,202606,2026-06-15,0.3327644,0.6283823703178542,Bottom 70% - Lower Risk
2589934,202606,2026-06-15,0.33275983,0.6285005317263381,Bottom 70% - Lower Risk
2080175,202606,2026-06-15,0.33274284,0.6286186931348222,Bottom 70% - Lower Risk
2121264,202606,2026-06-15,0.3326922,0.6287368545433062,Bottom 70% - Lower Risk
2557715,202606,2026-06-15,0.33269066,0.6288550159517902,Bottom 70% - Lower Risk
2048956,202606,2026-06-15,0.3326725,0.6289731773602741,Bottom 70% - Lower Risk
2332266,202606,2026-06-15,0.33265862,0.6290913387687581,Bottom 70% - Lower Risk
2244072,202606,2026-06-15,0.33265316,0.6292095001772421,Bottom 70% - Lower Risk
2612069,202606,2026-06-15,0.33259982,0.6293276615857261,Bottom 70% - Lower Risk
2535750,202606,2026-06-15,0.3325543,0.62944582299421,Bottom 70% - Lower Risk
2240859,202512,2025-12-16,0.33254638,0.6295639844026941,Bottom 70% - Lower Risk
2139744,202606,2026-06-15,0.33244598,0.6296821458111781,Bottom 70% - Lower Risk
2606212,202606,2026-06-15,0.33241662,0.6298003072196621,Bottom 70% - Lower Risk
2438389,202606,2026-06-15,0.3324129,0.629918468628146,Bottom 70% - Lower Risk
2209356,202604,2026-04-15,0.33240542,0.63003663003663,Bottom 70% - Lower Risk
2503630,202512,2025-12-16,0.33234933,0.630154791445114,Bottom 70% - Lower Risk
2061906,202606,2026-06-15,0.3322847,0.630272952853598,Bottom 70% - Lower Risk
2173535,202606,2026-06-15,0.33222598,0.630391114262082,Bottom 70% - Lower Risk
2151088,202606,2026-06-15,0.33219916,0.630509275670566,Bottom 70% - Lower Risk
2120712,202606,2026-06-15,0.33217666,0.63062743707905,Bottom 70% - Lower Risk
2160053,202601,2026-01-15,0.33215356,0.630745598487534,Bottom 70% - Lower Risk
2607012,202606,2026-06-15,0.3321368,0.630863759896018,Bottom 70% - Lower Risk
2183616,202512,2025-12-16,0.33207268,0.6309819213045019,Bottom 70% - Lower Risk
2359134,202606,2026-06-15,0.33206016,0.6311000827129859,Bottom 70% - Lower Risk
2112250,202606,2026-06-15,0.33206004,0.6312182441214699,Bottom 70% - Lower Risk
2064452,202606,2026-06-15,0.3320531,0.631336405529954,Bottom 70% - Lower Risk
2487772,202606,2026-06-15,0.3320531,0.6314545669384379,Bottom 70% - Lower Risk
2612166,202606,2026-06-15,0.33204377,0.6315727283469219,Bottom 70% - Lower Risk
2481429,202606,2026-06-15,0.33204377,0.6316908897554059,Bottom 70% - Lower Risk
2308368,202512,2025-12-16,0.33201307,0.6319272125723738,Bottom 70% - Lower Risk
2373260,202606,2026-06-15,0.33201307,0.6320453739808578,Bottom 70% - Lower Risk
2210955,202606,2026-06-15,0.33201307,0.6318090511638899,Bottom 70% - Lower Risk
2509003,202606,2026-06-15,0.33198136,0.6321635353893419,Bottom 70% - Lower Risk
2438939,202512,2025-12-16,0.3319416,0.6322816967978259,Bottom 70% - Lower Risk
2032153,202606,2026-06-15,0.3319272,0.6323998582063098,Bottom 70% - Lower Risk
2160013,202606,2026-06-15,0.33187708,0.6325180196147938,Bottom 70% - Lower Risk
2552861,202606,2026-06-15,0.33186442,0.6326361810232778,Bottom 70% - Lower Risk
2102712,202606,2026-06-15,0.33180696,0.6327543424317618,Bottom 70% - Lower Risk
2161051,202606,2026-06-15,0.33180696,0.6328725038402457,Bottom 70% - Lower Risk
2234797,202606,2026-06-15,0.33166882,0.6329906652487297,Bottom 70% - Lower Risk
2097153,202606,2026-06-15,0.33166882,0.6331088266572138,Bottom 70% - Lower Risk
2150801,202606,2026-06-15,0.33160803,0.6341722793335697,Bottom 70% - Lower Risk
2507807,202606,2026-06-15,0.33160803,0.6333451494741817,Bottom 70% - Lower Risk
2240148,202606,2026-06-15,0.33160803,0.6335814722911497,Bottom 70% - Lower Risk
2266380,202606,2026-06-15,0.33160803,0.6336996336996337,Bottom 70% - Lower Risk
2239381,202606,2026-06-15,0.33160803,0.6338177951081176,Bottom 70% - Lower Risk
2306251,202606,2026-06-15,0.33160803,0.6339359565166017,Bottom 70% - Lower Risk
2127322,202606,2026-06-15,0.33160803,0.6332269880656978,Bottom 70% - Lower Risk
2138609,202606,2026-06-15,0.33160803,0.6340541179250857,Bottom 70% - Lower Risk
2213149,202606,2026-06-15,0.33160803,0.6334633108826657,Bottom 70% - Lower Risk
2437960,202606,2026-06-15,0.33152935,0.6342904407420537,Bottom 70% - Lower Risk
2523644,202606,2026-06-15,0.3315024,0.6345267635590216,Bottom 70% - Lower Risk
2612710,202606,2026-06-15,0.3315024,0.6344086021505376,Bottom 70% - Lower Risk
2406934,202606,2026-06-15,0.33145222,0.6346449249675056,Bottom 70% - Lower Risk
2613555,202606,2026-06-15,0.3314384,0.6348812477844736,Bottom 70% - Lower Risk
2614801,202606,2026-06-15,0.3314384,0.6349994091929576,Bottom 70% - Lower Risk
2349217,202606,2026-06-15,0.3314384,0.6347630863759895,Bottom 70% - Lower Risk
2056295,202606,2026-06-15,0.3313692,0.6351175706014416,Bottom 70% - Lower Risk
2471101,202606,2026-06-15,0.33136743,0.6352357320099256,Bottom 70% - Lower Risk
2505907,202606,2026-06-15,0.3313575,0.6353538934184095,Bottom 70% - Lower Risk
2210646,202606,2026-06-15,0.33135065,0.6354720548268935,Bottom 70% - Lower Risk
2013935,202606,2026-06-15,0.33134937,0.6355902162353775,Bottom 70% - Lower Risk
2442913,202512,2025-12-16,0.33134887,0.6357083776438616,Bottom 70% - Lower Risk
2450130,202606,2026-06-15,0.3313293,0.6358265390523455,Bottom 70% - Lower Risk
2194176,202606,2026-06-15,0.33130273,0.6360628618693135,Bottom 70% - Lower Risk
2027578,202606,2026-06-15,0.33130273,0.6359447004608295,Bottom 70% - Lower Risk
2127455,202606,2026-06-15,0.33123073,0.6362991846862814,Bottom 70% - Lower Risk
2541018,202606,2026-06-15,0.33123073,0.6361810232777975,Bottom 70% - Lower Risk
2519531,202606,2026-06-15,0.3312226,0.6364173460947654,Bottom 70% - Lower Risk
2092596,202606,2026-06-15,0.3311871,0.6365355075032494,Bottom 70% - Lower Risk
2184320,202606,2026-06-15,0.33113495,0.6366536689117335,Bottom 70% - Lower Risk
2613927,202606,2026-06-15,0.33113006,0.6367718303202174,Bottom 70% - Lower Risk
2613076,202606,2026-06-15,0.33113006,0.6368899917287014,Bottom 70% - Lower Risk
2332211,202606,2026-06-15,0.33113006,0.6371263145456694,Bottom 70% - Lower Risk
2542910,202606,2026-06-15,0.33113006,0.6370081531371854,Bottom 70% - Lower Risk
2277410,202606,2026-06-15,0.3310907,0.6373626373626373,Bottom 70% - Lower Risk
2267911,202606,2026-06-15,0.3310907,0.6372444759541533,Bottom 70% - Lower Risk
2506242,202606,2026-06-15,0.3310817,0.6374807987711214,Bottom 70% - Lower Risk
2052642,202606,2026-06-15,0.33100033,0.6375989601796054,Bottom 70% - Lower Risk
2142279,202606,2026-06-15,0.33094275,0.6377171215880894,Bottom 70% - Lower Risk
2617561,202606,2026-06-15,0.330934,0.6378352829965733,Bottom 70% - Lower Risk
2493726,202606,2026-06-15,0.3308286,0.6379534444050573,Bottom 70% - Lower Risk
2498137,202606,2026-06-15,0.33071762,0.6380716058135413,Bottom 70% - Lower Risk
2617499,202606,2026-06-15,0.33070293,0.6381897672220253,Bottom 70% - Lower Risk
2263131,202606,2026-06-15,0.33070016,0.6383079286305092,Bottom 70% - Lower Risk
2087848,202606,2026-06-15,0.33069736,0.6384260900389933,Bottom 70% - Lower Risk
2536063,202606,2026-06-15,0.33069077,0.6385442514474773,Bottom 70% - Lower Risk
2465032,202606,2026-06-15,0.33051214,0.6386624128559613,Bottom 70% - Lower Risk
2529270,202601,2026-01-15,0.33051094,0.6387805742644452,Bottom 70% - Lower Risk
2484959,202603,2026-03-18,0.33050364,0.6388987356729292,Bottom 70% - Lower Risk
2332599,202606,2026-06-15,0.3304946,0.6390168970814132,Bottom 70% - Lower Risk
2001478,202606,2026-06-15,0.33045882,0.6391350584898972,Bottom 70% - Lower Risk
2612949,202606,2026-06-15,0.33045676,0.6392532198983812,Bottom 70% - Lower Risk
2272581,202606,2026-06-15,0.33041745,0.6393713813068652,Bottom 70% - Lower Risk
2459420,202606,2026-06-15,0.3303779,0.6394895427153492,Bottom 70% - Lower Risk
2621274,202606,2026-06-15,0.33034575,0.6396077041238332,Bottom 70% - Lower Risk
2473334,202606,2026-06-15,0.3303228,0.6397258655323171,Bottom 70% - Lower Risk
2423791,202606,2026-06-15,0.3302924,0.6398440269408011,Bottom 70% - Lower Risk
2005937,202606,2026-06-15,0.3302345,0.6399621883492851,Bottom 70% - Lower Risk
2156532,202606,2026-06-15,0.3302193,0.6400803497577691,Bottom 70% - Lower Risk
2180998,202606,2026-06-15,0.33019027,0.6401985111662531,Bottom 70% - Lower Risk
2302437,202606,2026-06-15,0.33017614,0.6403166725747371,Bottom 70% - Lower Risk
2224848,202512,2025-12-16,0.32999697,0.6404348339832211,Bottom 70% - Lower Risk
2382472,202606,2026-06-15,0.32996935,0.6405529953917051,Bottom 70% - Lower Risk
2226414,202606,2026-06-15,0.32996684,0.640789318208673,Bottom 70% - Lower Risk
2233736,202606,2026-06-15,0.32996684,0.640671156800189,Bottom 70% - Lower Risk
2082336,202606,2026-06-15,0.3298897,0.640907479617157,Bottom 70% - Lower Risk
2400801,202606,2026-06-15,0.32986605,0.6410256410256411,Bottom 70% - Lower Risk
2394705,202606,2026-06-15,0.32986438,0.641143802434125,Bottom 70% - Lower Risk
2262722,202606,2026-06-15,0.32985753,0.641261963842609,Bottom 70% - Lower Risk
2205191,202603,2026-03-18,0.32979563,0.641380125251093,Bottom 70% - Lower Risk
2063257,202606,2026-06-15,0.32973844,0.641498286659577,Bottom 70% - Lower Risk
2564469,202606,2026-06-15,0.32969692,0.641616448068061,Bottom 70% - Lower Risk
2469975,202604,2026-04-15,0.32963964,0.6417346094765449,Bottom 70% - Lower Risk
2397633,202606,2026-06-15,0.32948968,0.6418527708850289,Bottom 70% - Lower Risk
2116273,202606,2026-06-15,0.32940528,0.641970932293513,Bottom 70% - Lower Risk
2621628,202606,2026-06-15,0.32939407,0.6422072551104809,Bottom 70% - Lower Risk
2503709,202512,2025-12-16,0.32939407,0.6424435779274489,Bottom 70% - Lower Risk
2535240,202606,2026-06-15,0.32939407,0.6423254165189649,Bottom 70% - Lower Risk
2620959,202606,2026-06-15,0.32939407,0.642089093701997,Bottom 70% - Lower Risk
2403340,202606,2026-06-15,0.32939014,0.6426799007444168,Bottom 70% - Lower Risk
2482823,202606,2026-06-15,0.32939014,0.6425617393359329,Bottom 70% - Lower Risk
2486099,202606,2026-06-15,0.32924205,0.6427980621529009,Bottom 70% - Lower Risk
2323978,202606,2026-06-15,0.32924116,0.6429162235613849,Bottom 70% - Lower Risk
2234030,202606,2026-06-15,0.32914653,0.6430343849698689,Bottom 70% - Lower Risk
2389752,202606,2026-06-15,0.32909244,0.6431525463783528,Bottom 70% - Lower Risk
2433506,202606,2026-06-15,0.32908824,0.6433888691953208,Bottom 70% - Lower Risk
2184697,202606,2026-06-15,0.32908824,0.6432707077868368,Bottom 70% - Lower Risk
2579909,202606,2026-06-15,0.3290764,0.6435070306038048,Bottom 70% - Lower Risk
2136651,202606,2026-06-15,0.32905456,0.6436251920122887,Bottom 70% - Lower Risk
2218300,202606,2026-06-15,0.3290372,0.6437433534207728,Bottom 70% - Lower Risk
2617274,202606,2026-06-15,0.32903352,0.6438615148292568,Bottom 70% - Lower Risk
2397553,202512,2025-12-16,0.32899672,0.6439796762377408,Bottom 70% - Lower Risk
2101918,202606,2026-06-15,0.32899672,0.6440978376462247,Bottom 70% - Lower Risk
2189468,202606,2026-06-15,0.32895583,0.6442159990547087,Bottom 70% - Lower Risk
2617195,202606,2026-06-15,0.3287382,0.6443341604631927,Bottom 70% - Lower Risk
2448346,202606,2026-06-15,0.3287125,0.6444523218716767,Bottom 70% - Lower Risk
2562476,202606,2026-06-15,0.32868207,0.6445704832801606,Bottom 70% - Lower Risk
2022385,202606,2026-06-15,0.3286503,0.6446886446886447,Bottom 70% - Lower Risk
2036357,202606,2026-06-15,0.32864988,0.6448068060971287,Bottom 70% - Lower Risk
2164768,202606,2026-06-15,0.32864732,0.6449249675056127,Bottom 70% - Lower Risk
2617214,202606,2026-06-15,0.32853827,0.6451612903225806,Bottom 70% - Lower Risk
2521926,202606,2026-06-15,0.32853827,0.6455157745480327,Bottom 70% - Lower Risk
2597558,202606,2026-06-15,0.32853827,0.6453976131395486,Bottom 70% - Lower Risk
2258670,202512,2025-12-16,0.32853827,0.6450431289140967,Bottom 70% - Lower Risk
2304527,202606,2026-06-15,0.32853827,0.6452794517310646,Bottom 70% - Lower Risk
2161495,202606,2026-06-15,0.32853827,0.6456339359565166,Bottom 70% - Lower Risk
2342079,202606,2026-06-15,0.32850966,0.6457520973650006,Bottom 70% - Lower Risk
2279932,202606,2026-06-15,0.32849565,0.6458702587734846,Bottom 70% - Lower Risk
2604518,202606,2026-06-15,0.32849178,0.6459884201819686,Bottom 70% - Lower Risk
2504363,202512,2025-12-16,0.32849178,0.6461065815904525,Bottom 70% - Lower Risk
2018644,202604,2026-04-15,0.32843316,0.6462247429989365,Bottom 70% - Lower Risk
2583564,202606,2026-06-15,0.32842544,0.6463429044074205,Bottom 70% - Lower Risk
2202015,202604,2026-04-15,0.32842353,0.6464610658159046,Bottom 70% - Lower Risk
2402067,202606,2026-06-15,0.3283446,0.6465792272243885,Bottom 70% - Lower Risk
2512447,202606,2026-06-15,0.32830495,0.6466973886328725,Bottom 70% - Lower Risk
2514212,202606,2026-06-15,0.328277,0.6468155500413565,Bottom 70% - Lower Risk
2458836,202606,2026-06-15,0.32826352,0.6469337114498405,Bottom 70% - Lower Risk
2210960,202606,2026-06-15,0.3282523,0.6470518728583244,Bottom 70% - Lower Risk
2341476,202606,2026-06-15,0.32819104,0.6471700342668084,Bottom 70% - Lower Risk
2528759,202601,2026-01-15,0.3281877,0.6472881956752925,Bottom 70% - Lower Risk
2257045,202606,2026-06-15,0.32815644,0.6474063570837765,Bottom 70% - Lower Risk
2418043,202606,2026-06-15,0.3281159,0.6475245184922604,Bottom 70% - Lower Risk
2296288,202606,2026-06-15,0.3281122,0.6476426799007444,Bottom 70% - Lower Risk
2119856,202606,2026-06-15,0.3280791,0.6477608413092284,Bottom 70% - Lower Risk
2607232,202606,2026-06-15,0.32805553,0.6478790027177124,Bottom 70% - Lower Risk
2506549,202606,2026-06-15,0.32797894,0.6479971641261963,Bottom 70% - Lower Risk
2588384,202606,2026-06-15,0.32784122,0.6482334869431644,Bottom 70% - Lower Risk
2611022,202606,2026-06-15,0.32784122,0.6481153255346803,Bottom 70% - Lower Risk
2167455,202606,2026-06-15,0.3278408,0.6483516483516484,Bottom 70% - Lower Risk
2013240,202606,2026-06-15,0.32783562,0.6484698097601324,Bottom 70% - Lower Risk
2271060,202606,2026-06-15,0.32775834,0.6485879711686163,Bottom 70% - Lower Risk
2569429,202606,2026-06-15,0.32773998,0.6487061325771003,Bottom 70% - Lower Risk
2216308,202606,2026-06-15,0.32773998,0.6488242939855843,Bottom 70% - Lower Risk
2463806,202606,2026-06-15,0.3277383,0.6489424553940683,Bottom 70% - Lower Risk
2052512,202606,2026-06-15,0.3276204,0.6490606168025523,Bottom 70% - Lower Risk
2265840,202606,2026-06-15,0.32754433,0.6491787782110363,Bottom 70% - Lower Risk
2218320,202606,2026-06-15,0.32744595,0.6492969396195203,Bottom 70% - Lower Risk
2044346,202606,2026-06-15,0.32735914,0.6494151010280043,Bottom 70% - Lower Risk
2493700,202606,2026-06-15,0.32723737,0.6495332624364882,Bottom 70% - Lower Risk
2531112,202606,2026-06-15,0.32723084,0.6496514238449722,Bottom 70% - Lower Risk
2093305,202606,2026-06-15,0.3272216,0.6497695852534562,Bottom 70% - Lower Risk
2455780,202603,2026-03-18,0.32716456,0.6498877466619402,Bottom 70% - Lower Risk
2551356,202606,2026-06-15,0.32713994,0.6500059080704242,Bottom 70% - Lower Risk
2339523,202606,2026-06-15,0.3271294,0.6501240694789082,Bottom 70% - Lower Risk
2412154,202606,2026-06-15,0.32708693,0.6502422308873922,Bottom 70% - Lower Risk
2224101,202603,2026-03-18,0.3270756,0.6503603922958762,Bottom 70% - Lower Risk
2233171,202606,2026-06-15,0.32706693,0.6504785537043601,Bottom 70% - Lower Risk
2346498,202606,2026-06-15,0.32705492,0.6507148765213281,Bottom 70% - Lower Risk
2367653,202606,2026-06-15,0.32705492,0.6505967151128441,Bottom 70% - Lower Risk
2439727,202606,2026-06-15,0.326976,0.6508330379298122,Bottom 70% - Lower Risk
2334202,202606,2026-06-15,0.32693943,0.6510693607467801,Bottom 70% - Lower Risk
2082647,202606,2026-06-15,0.32693943,0.6509511993382961,Bottom 70% - Lower Risk
2177643,202606,2026-06-15,0.3269335,0.6511875221552641,Bottom 70% - Lower Risk
2498467,202606,2026-06-15,0.3269221,0.6513056835637481,Bottom 70% - Lower Risk
2011401,202606,2026-06-15,0.32685643,0.651423844972232,Bottom 70% - Lower Risk
2447561,202606,2026-06-15,0.32684886,0.651542006380716,Bottom 70% - Lower Risk
2085998,202606,2026-06-15,0.3268066,0.6516601677892,Bottom 70% - Lower Risk
2222111,202606,2026-06-15,0.32676774,0.6517783291976841,Bottom 70% - Lower Risk
2148122,202606,2026-06-15,0.32667106,0.651896490606168,Bottom 70% - Lower Risk
2020326,202606,2026-06-15,0.32661432,0.652014652014652,Bottom 70% - Lower Risk
2311950,202606,2026-06-15,0.3265555,0.652132813423136,Bottom 70% - Lower Risk
2099063,202603,2026-03-18,0.32654214,0.65225097483162,Bottom 70% - Lower Risk
2052889,202606,2026-06-15,0.32652208,0.652369136240104,Bottom 70% - Lower Risk
2352366,202606,2026-06-15,0.32651567,0.6524872976485879,Bottom 70% - Lower Risk
2145289,202606,2026-06-15,0.32647523,0.652605459057072,Bottom 70% - Lower Risk
2055347,202606,2026-06-15,0.3264309,0.652723620465556,Bottom 70% - Lower Risk
2206917,202606,2026-06-15,0.32638577,0.65284178187404,Bottom 70% - Lower Risk
2218142,202606,2026-06-15,0.32638577,0.6529599432825239,Bottom 70% - Lower Risk
2520699,202606,2026-06-15,0.3263184,0.6530781046910079,Bottom 70% - Lower Risk
2081130,202606,2026-06-15,0.32631776,0.6531962660994919,Bottom 70% - Lower Risk
2325411,202606,2026-06-15,0.32625842,0.6533144275079759,Bottom 70% - Lower Risk
2253811,202606,2026-06-15,0.32622784,0.6534325889164598,Bottom 70% - Lower Risk
2222143,202606,2026-06-15,0.3262052,0.6535507503249439,Bottom 70% - Lower Risk
2387750,202606,2026-06-15,0.3262052,0.6536689117334279,Bottom 70% - Lower Risk
2284620,202606,2026-06-15,0.32615367,0.6539052345503958,Bottom 70% - Lower Risk
2148778,202606,2026-06-15,0.32615367,0.6537870731419119,Bottom 70% - Lower Risk
2608830,202606,2026-06-15,0.32609788,0.6540233959588798,Bottom 70% - Lower Risk
2116408,202606,2026-06-15,0.32603243,0.6541415573673638,Bottom 70% - Lower Risk
2225299,202606,2026-06-15,0.32601732,0.6542597187758478,Bottom 70% - Lower Risk
2119510,202606,2026-06-15,0.32601288,0.6543778801843319,Bottom 70% - Lower Risk
2295589,202606,2026-06-15,0.32601133,0.6544960415928158,Bottom 70% - Lower Risk
2129736,202606,2026-06-15,0.3259962,0.6546142030012998,Bottom 70% - Lower Risk
2172387,202606,2026-06-15,0.3259669,0.6547323644097838,Bottom 70% - Lower Risk
2330624,202606,2026-06-15,0.32595953,0.6548505258182677,Bottom 70% - Lower Risk
2479757,202606,2026-06-15,0.32595608,0.6549686872267517,Bottom 70% - Lower Risk
2314473,202606,2026-06-15,0.32595178,0.6550868486352357,Bottom 70% - Lower Risk
2409672,202606,2026-06-15,0.32595178,0.6552050100437197,Bottom 70% - Lower Risk
2257906,202603,2026-03-18,0.32593998,0.6553231714522038,Bottom 70% - Lower Risk
2138055,202606,2026-06-15,0.32581902,0.6554413328606877,Bottom 70% - Lower Risk
2198767,202606,2026-06-15,0.32580438,0.6555594942691717,Bottom 70% - Lower Risk
2199571,202606,2026-06-15,0.32578838,0.6556776556776557,Bottom 70% - Lower Risk
2251425,202602,2026-02-15,0.325711,0.6557958170861397,Bottom 70% - Lower Risk
2459309,202606,2026-06-15,0.3257107,0.6559139784946236,Bottom 70% - Lower Risk
2102531,202606,2026-06-15,0.32568502,0.6560321399031076,Bottom 70% - Lower Risk
2168711,202606,2026-06-15,0.3256649,0.6561503013115917,Bottom 70% - Lower Risk
2516257,202606,2026-06-15,0.3256515,0.6562684627200757,Bottom 70% - Lower Risk
2286997,202606,2026-06-15,0.32563436,0.6563866241285596,Bottom 70% - Lower Risk
2087066,202606,2026-06-15,0.32544062,0.6565047855370436,Bottom 70% - Lower Risk
2605975,202606,2026-06-15,0.32541075,0.6566229469455276,Bottom 70% - Lower Risk
2089771,202512,2025-12-16,0.32539198,0.6567411083540116,Bottom 70% - Lower Risk
2410842,202606,2026-06-15,0.3253664,0.6568592697624955,Bottom 70% - Lower Risk
2527454,202606,2026-06-15,0.32535928,0.6569774311709795,Bottom 70% - Lower Risk
2135502,202606,2026-06-15,0.32533753,0.6570955925794636,Bottom 70% - Lower Risk
2553764,202606,2026-06-15,0.3253018,0.6572137539879476,Bottom 70% - Lower Risk
2203349,202606,2026-06-15,0.3252695,0.6573319153964315,Bottom 70% - Lower Risk
2196387,202606,2026-06-15,0.32525033,0.6574500768049155,Bottom 70% - Lower Risk
2381199,202606,2026-06-15,0.32520887,0.6575682382133995,Bottom 70% - Lower Risk
2492924,202606,2026-06-15,0.32518846,0.6576863996218835,Bottom 70% - Lower Risk
2273005,202606,2026-06-15,0.32518604,0.6578045610303674,Bottom 70% - Lower Risk
2161241,202606,2026-06-15,0.32515126,0.6579227224388515,Bottom 70% - Lower Risk
2255864,202606,2026-06-15,0.32512733,0.6580408838473355,Bottom 70% - Lower Risk
2190465,202606,2026-06-15,0.32506144,0.6581590452558195,Bottom 70% - Lower Risk
2313339,202606,2026-06-15,0.3250542,0.6582772066643034,Bottom 70% - Lower Risk
2098479,202606,2026-06-15,0.32500222,0.6583953680727874,Bottom 70% - Lower Risk
2619987,202606,2026-06-15,0.3249544,0.6585135294812714,Bottom 70% - Lower Risk
2548718,202602,2026-02-15,0.3249544,0.6586316908897554,Bottom 70% - Lower Risk
2499446,202606,2026-06-15,0.3249168,0.6587498522982393,Bottom 70% - Lower Risk
2562317,202606,2026-06-15,0.32488015,0.6588680137067234,Bottom 70% - Lower Risk
2087941,202606,2026-06-15,0.32482418,0.6589861751152074,Bottom 70% - Lower Risk
2115263,202606,2026-06-15,0.32479912,0.6591043365236914,Bottom 70% - Lower Risk
2408971,202601,2026-01-15,0.32479727,0.6592224979321754,Bottom 70% - Lower Risk
2392240,202606,2026-06-15,0.32475713,0.6593406593406593,Bottom 70% - Lower Risk
2166363,202606,2026-06-15,0.32473168,0.6594588207491433,Bottom 70% - Lower Risk
2148165,202606,2026-06-15,0.32471767,0.6595769821576273,Bottom 70% - Lower Risk
2172281,202606,2026-06-15,0.32470378,0.6596951435661113,Bottom 70% - Lower Risk
2249749,202606,2026-06-15,0.32461777,0.6598133049745953,Bottom 70% - Lower Risk
2191216,202606,2026-06-15,0.32461777,0.6599314663830793,Bottom 70% - Lower Risk
2232476,202606,2026-06-15,0.32458192,0.6600496277915633,Bottom 70% - Lower Risk
2312509,202606,2026-06-15,0.32458115,0.6601677892000473,Bottom 70% - Lower Risk
2204118,202606,2026-06-15,0.32454544,0.6602859506085312,Bottom 70% - Lower Risk
2612165,202606,2026-06-15,0.32450894,0.6604041120170152,Bottom 70% - Lower Risk
2340189,202606,2026-06-15,0.3244718,0.6605222734254992,Bottom 70% - Lower Risk
2156642,202606,2026-06-15,0.3244687,0.6606404348339833,Bottom 70% - Lower Risk
2197685,202606,2026-06-15,0.32443106,0.6607585962424672,Bottom 70% - Lower Risk
2395200,202606,2026-06-15,0.32443106,0.6608767576509512,Bottom 70% - Lower Risk
2136503,202606,2026-06-15,0.32438645,0.6609949190594352,Bottom 70% - Lower Risk
2069104,202606,2026-06-15,0.3243752,0.6611130804679192,Bottom 70% - Lower Risk
2615867,202606,2026-06-15,0.32435125,0.6612312418764031,Bottom 70% - Lower Risk
2456025,202512,2025-12-16,0.3243321,0.6613494032848871,Bottom 70% - Lower Risk
2204452,202606,2026-06-15,0.32431343,0.6614675646933711,Bottom 70% - Lower Risk
2111311,202606,2026-06-15,0.32430112,0.6615857261018552,Bottom 70% - Lower Risk
2537948,202606,2026-06-15,0.3242857,0.6617038875103392,Bottom 70% - Lower Risk
2454679,202606,2026-06-15,0.3242857,0.6618220489188231,Bottom 70% - Lower Risk
2554241,202606,2026-06-15,0.3242634,0.6619402103273071,Bottom 70% - Lower Risk
2223443,202606,2026-06-15,0.32417563,0.6620583717357911,Bottom 70% - Lower Risk
2271005,202606,2026-06-15,0.3241621,0.662176533144275,Bottom 70% - Lower Risk
2159233,202606,2026-06-15,0.32414222,0.662294694552759,Bottom 70% - Lower Risk
2154400,202606,2026-06-15,0.32414222,0.6624128559612431,Bottom 70% - Lower Risk
2468910,202606,2026-06-15,0.3241011,0.6625310173697271,Bottom 70% - Lower Risk
2323723,202606,2026-06-15,0.32408658,0.6626491787782111,Bottom 70% - Lower Risk
2035750,202606,2026-06-15,0.32403973,0.662885501595179,Bottom 70% - Lower Risk
2503992,202606,2026-06-15,0.32403973,0.662767340186695,Bottom 70% - Lower Risk
2511099,202606,2026-06-15,0.32403973,0.663003663003663,Bottom 70% - Lower Risk
2024587,202606,2026-06-15,0.3239844,0.663121824412147,Bottom 70% - Lower Risk
2622972,202606,2026-06-15,0.3239815,0.6632399858206309,Bottom 70% - Lower Risk
2543045,202606,2026-06-15,0.32396486,0.663358147229115,Bottom 70% - Lower Risk
2044030,202606,2026-06-15,0.3239006,0.663476308637599,Bottom 70% - Lower Risk
2081711,202606,2026-06-15,0.32382014,0.663594470046083,Bottom 70% - Lower Risk
2365860,202606,2026-06-15,0.32380694,0.6637126314545669,Bottom 70% - Lower Risk
2251385,202606,2026-06-15,0.3237851,0.6638307928630509,Bottom 70% - Lower Risk
2251727,202606,2026-06-15,0.32376748,0.6639489542715349,Bottom 70% - Lower Risk
2258438,202606,2026-06-15,0.32376128,0.6640671156800189,Bottom 70% - Lower Risk
2343526,202606,2026-06-15,0.32370123,0.664185277088503,Bottom 70% - Lower Risk
2354114,202606,2026-06-15,0.32370064,0.6643034384969869,Bottom 70% - Lower Risk
2416605,202606,2026-06-15,0.32368508,0.6644215999054709,Bottom 70% - Lower Risk
2035348,202606,2026-06-15,0.32367823,0.6645397613139549,Bottom 70% - Lower Risk
2529070,202601,2026-01-15,0.3236584,0.6646579227224388,Bottom 70% - Lower Risk
2151101,202606,2026-06-15,0.3236584,0.6647760841309228,Bottom 70% - Lower Risk
2287535,202606,2026-06-15,0.32364804,0.6648942455394068,Bottom 70% - Lower Risk
2464500,202606,2026-06-15,0.32356542,0.6650124069478908,Bottom 70% - Lower Risk
2282643,202603,2026-03-18,0.3235563,0.6651305683563749,Bottom 70% - Lower Risk
2535962,202606,2026-06-15,0.32352367,0.6652487297648588,Bottom 70% - Lower Risk
2074630,202602,2026-02-15,0.32352367,0.6653668911733428,Bottom 70% - Lower Risk
2573903,202606,2026-06-15,0.32350862,0.6654850525818268,Bottom 70% - Lower Risk
2451010,202604,2026-04-15,0.3234196,0.6656032139903107,Bottom 70% - Lower Risk
2125136,202512,2025-12-16,0.32337344,0.6657213753987947,Bottom 70% - Lower Risk
2316502,202606,2026-06-15,0.32329035,0.6658395368072787,Bottom 70% - Lower Risk
2220336,202606,2026-06-15,0.32325214,0.6659576982157628,Bottom 70% - Lower Risk
2140845,202606,2026-06-15,0.32325092,0.6660758596242468,Bottom 70% - Lower Risk
2177286,202606,2026-06-15,0.32324788,0.6663121824412147,Bottom 70% - Lower Risk
2319231,202602,2026-02-15,0.32324788,0.6661940210327307,Bottom 70% - Lower Risk
2247199,202606,2026-06-15,0.32321557,0.6664303438496987,Bottom 70% - Lower Risk
2376831,202606,2026-06-15,0.32318538,0.6665485052581827,Bottom 70% - Lower Risk
2227581,202606,2026-06-15,0.32314393,0.6666666666666666,Bottom 70% - Lower Risk
2217583,202606,2026-06-15,0.32314023,0.6667848280751506,Bottom 70% - Lower Risk
2312343,202606,2026-06-15,0.32306176,0.6669029894836347,Bottom 70% - Lower Risk
2320898,202606,2026-06-15,0.32300493,0.6670211508921187,Bottom 70% - Lower Risk
2212225,202606,2026-06-15,0.32297343,0.6671393123006026,Bottom 70% - Lower Risk
2196311,202606,2026-06-15,0.3229218,0.6672574737090866,Bottom 70% - Lower Risk
2175868,202603,2026-03-18,0.32290936,0.6673756351175706,Bottom 70% - Lower Risk
2254240,202606,2026-06-15,0.32289416,0.6674937965260546,Bottom 70% - Lower Risk
2570089,202606,2026-06-15,0.32288972,0.6676119579345385,Bottom 70% - Lower Risk
2178174,202606,2026-06-15,0.32288215,0.6677301193430226,Bottom 70% - Lower Risk
2513232,202606,2026-06-15,0.32287627,0.6678482807515066,Bottom 70% - Lower Risk
2491531,202606,2026-06-15,0.32286787,0.6679664421599906,Bottom 70% - Lower Risk
2469975,202512,2025-12-16,0.32286114,0.6680846035684745,Bottom 70% - Lower Risk
2367882,202606,2026-06-15,0.3228157,0.6682027649769585,Bottom 70% - Lower Risk
2213713,202606,2026-06-15,0.3228152,0.6683209263854425,Bottom 70% - Lower Risk
2059667,202606,2026-06-15,0.32275885,0.6684390877939265,Bottom 70% - Lower Risk
2140056,202604,2026-04-15,0.32274148,0.6685572492024104,Bottom 70% - Lower Risk
2382224,202606,2026-06-15,0.32270947,0.6686754106108945,Bottom 70% - Lower Risk
2296723,202606,2026-06-15,0.32264575,0.6687935720193785,Bottom 70% - Lower Risk
2365732,202606,2026-06-15,0.3226359,0.6689117334278625,Bottom 70% - Lower Risk
2284542,202601,2026-01-15,0.322593,0.6690298948363465,Bottom 70% - Lower Risk
2134008,202606,2026-06-15,0.32255405,0.6691480562448304,Bottom 70% - Lower Risk
2401305,202606,2026-06-15,0.3225339,0.6692662176533144,Bottom 70% - Lower Risk
2501800,202601,2026-01-15,0.32250136,0.6693843790617984,Bottom 70% - Lower Risk
2615260,202606,2026-06-15,0.32245502,0.6695025404702825,Bottom 70% - Lower Risk
2304567,202606,2026-06-15,0.32230166,0.6696207018787664,Bottom 70% - Lower Risk
2191687,202606,2026-06-15,0.32226157,0.6697388632872504,Bottom 70% - Lower Risk
2482103,202512,2025-12-16,0.3220481,0.6698570246957344,Bottom 70% - Lower Risk
2451242,202606,2026-06-15,0.3220335,0.6699751861042184,Bottom 70% - Lower Risk
2099479,202606,2026-06-15,0.3220272,0.6700933475127023,Bottom 70% - Lower Risk
2368487,202606,2026-06-15,0.32197157,0.6702115089211863,Bottom 70% - Lower Risk
2614869,202606,2026-06-15,0.32186043,0.6703296703296703,Bottom 70% - Lower Risk
2287244,202606,2026-06-15,0.32179505,0.6704478317381544,Bottom 70% - Lower Risk
2119984,202602,2026-02-15,0.3217722,0.6705659931466383,Bottom 70% - Lower Risk
2499523,202601,2026-01-15,0.3217505,0.6706841545551223,Bottom 70% - Lower Risk
2498000,202601,2026-01-15,0.32174724,0.6708023159636063,Bottom 70% - Lower Risk
2251605,202602,2026-02-15,0.32167047,0.6709204773720903,Bottom 70% - Lower Risk
2189207,202606,2026-06-15,0.32165676,0.6710386387805742,Bottom 70% - Lower Risk
2198189,202606,2026-06-15,0.32164967,0.6711568001890582,Bottom 70% - Lower Risk
2157517,202606,2026-06-15,0.3212898,0.6712749615975423,Bottom 70% - Lower Risk
2256176,202606,2026-06-15,0.32127032,0.6713931230060263,Bottom 70% - Lower Risk
2505240,202606,2026-06-15,0.32124627,0.6715112844145102,Bottom 70% - Lower Risk
2047751,202606,2026-06-15,0.32124043,0.6716294458229942,Bottom 70% - Lower Risk
2406554,202606,2026-06-15,0.32124043,0.6717476072314782,Bottom 70% - Lower Risk
2443914,202606,2026-06-15,0.3212039,0.6718657686399622,Bottom 70% - Lower Risk
2030300,202606,2026-06-15,0.32118824,0.6719839300484461,Bottom 70% - Lower Risk
2055315,202606,2026-06-15,0.32116705,0.6721020914569301,Bottom 70% - Lower Risk
2614252,202606,2026-06-15,0.32110986,0.6722202528654142,Bottom 70% - Lower Risk
2020325,202606,2026-06-15,0.32110068,0.6723384142738982,Bottom 70% - Lower Risk
2254868,202606,2026-06-15,0.32102466,0.6724565756823822,Bottom 70% - Lower Risk
2616138,202606,2026-06-15,0.3210111,0.6725747370908661,Bottom 70% - Lower Risk
2008662,202606,2026-06-15,0.32097384,0.6726928984993501,Bottom 70% - Lower Risk
2123465,202606,2026-06-15,0.32092232,0.6728110599078341,Bottom 70% - Lower Risk
2524579,202606,2026-06-15,0.32087308,0.672929221316318,Bottom 70% - Lower Risk
2223904,202601,2026-01-15,0.32086423,0.6730473827248021,Bottom 70% - Lower Risk
2244809,202606,2026-06-15,0.3208617,0.6731655441332861,Bottom 70% - Lower Risk
2131516,202606,2026-06-15,0.32081276,0.6732837055417701,Bottom 70% - Lower Risk
2419540,202606,2026-06-15,0.32078427,0.6734018669502541,Bottom 70% - Lower Risk
2342451,202606,2026-06-15,0.32073846,0.673520028358738,Bottom 70% - Lower Risk
2496409,202606,2026-06-15,0.3207039,0.673638189767222,Bottom 70% - Lower Risk
2366568,202606,2026-06-15,0.3206566,0.673756351175706,Bottom 70% - Lower Risk
2224744,202606,2026-06-15,0.3205827,0.67387451258419,Bottom 70% - Lower Risk
2169789,202606,2026-06-15,0.3204853,0.673992673992674,Bottom 70% - Lower Risk
2431102,202606,2026-06-15,0.32035044,0.674110835401158,Bottom 70% - Lower Risk
2454185,202606,2026-06-15,0.32035044,0.674228996809642,Bottom 70% - Lower Risk
2021740,202606,2026-06-15,0.32031372,0.674347158218126,Bottom 70% - Lower Risk
2140743,202606,2026-06-15,0.32029065,0.6744653196266099,Bottom 70% - Lower Risk
2031189,202606,2026-06-15,0.32027638,0.6745834810350939,Bottom 70% - Lower Risk
2284998,202606,2026-06-15,0.3202024,0.6747016424435779,Bottom 70% - Lower Risk
2336534,202512,2025-12-16,0.32010955,0.6748198038520619,Bottom 70% - Lower Risk
2052506,202603,2026-03-18,0.32010737,0.674937965260546,Bottom 70% - Lower Risk
2074476,202606,2026-06-15,0.32005584,0.6750561266690299,Bottom 70% - Lower Risk
2133818,202606,2026-06-15,0.32001117,0.6751742880775139,Bottom 70% - Lower Risk
2178449,202606,2026-06-15,0.31992102,0.6752924494859979,Bottom 70% - Lower Risk
2076039,202606,2026-06-15,0.3199184,0.6754106108944818,Bottom 70% - Lower Risk
2541309,202606,2026-06-15,0.31975767,0.6755287723029658,Bottom 70% - Lower Risk
2614441,202606,2026-06-15,0.31963617,0.6756469337114498,Bottom 70% - Lower Risk
2576528,202606,2026-06-15,0.31961507,0.6757650951199339,Bottom 70% - Lower Risk
2244572,202606,2026-06-15,0.31959903,0.6758832565284179,Bottom 70% - Lower Risk
2504740,202601,2026-01-15,0.31959036,0.6760014179369018,Bottom 70% - Lower Risk
2315479,202606,2026-06-15,0.3195863,0.6761195793453858,Bottom 70% - Lower Risk
2622931,202606,2026-06-15,0.31944332,0.6762377407538698,Bottom 70% - Lower Risk
2346759,202606,2026-06-15,0.319415,0.6764740635708377,Bottom 70% - Lower Risk
2261126,202606,2026-06-15,0.319415,0.6763559021623538,Bottom 70% - Lower Risk
2153937,202606,2026-06-15,0.31931558,0.6765922249793217,Bottom 70% - Lower Risk
2449469,202512,2025-12-16,0.31915745,0.6767103863878058,Bottom 70% - Lower Risk
2030270,202606,2026-06-15,0.31915545,0.6768285477962898,Bottom 70% - Lower Risk
2187439,202606,2026-06-15,0.31913286,0.6769467092047737,Bottom 70% - Lower Risk
2160388,202606,2026-06-15,0.319098,0.6770648706132577,Bottom 70% - Lower Risk
2353523,202606,2026-06-15,0.31908026,0.6771830320217417,Bottom 70% - Lower Risk
2486311,202606,2026-06-15,0.31885526,0.6773011934302257,Bottom 70% - Lower Risk
2264930,202606,2026-06-15,0.31885034,0.6774193548387096,Bottom 70% - Lower Risk
2546850,202602,2026-02-15,0.3188487,0.6775375162471937,Bottom 70% - Lower Risk
2475459,202606,2026-06-15,0.31874192,0.6776556776556777,Bottom 70% - Lower Risk
2117712,202606,2026-06-15,0.31869212,0.6777738390641617,Bottom 70% - Lower Risk
2246263,202606,2026-06-15,0.31868085,0.6778920004726456,Bottom 70% - Lower Risk
2113323,202606,2026-06-15,0.31867218,0.6780101618811296,Bottom 70% - Lower Risk
2025481,202606,2026-06-15,0.31864303,0.6781283232896136,Bottom 70% - Lower Risk
2506831,202606,2026-06-15,0.31853,0.6782464846980976,Bottom 70% - Lower Risk
2184961,202606,2026-06-15,0.31853,0.6783646461065815,Bottom 70% - Lower Risk
2473665,202603,2026-03-18,0.31852517,0.6784828075150656,Bottom 70% - Lower Risk
2557769,202603,2026-03-18,0.31849208,0.6786009689235496,Bottom 70% - Lower Risk
2601421,202606,2026-06-15,0.3184239,0.6787191303320336,Bottom 70% - Lower Risk
2237431,202512,2025-12-16,0.31836963,0.6788372917405175,Bottom 70% - Lower Risk
2363324,202606,2026-06-15,0.31831443,0.6789554531490015,Bottom 70% - Lower Risk
2271899,202606,2026-06-15,0.31828773,0.6790736145574855,Bottom 70% - Lower Risk
2499429,202606,2026-06-15,0.31820396,0.6791917759659695,Bottom 70% - Lower Risk
2489502,202606,2026-06-15,0.3182017,0.6793099373744536,Bottom 70% - Lower Risk
2345263,202606,2026-06-15,0.3181482,0.6794280987829375,Bottom 70% - Lower Risk
2525894,202606,2026-06-15,0.31811103,0.6795462601914215,Bottom 70% - Lower Risk
2430685,202606,2026-06-15,0.3180879,0.6796644215999055,Bottom 70% - Lower Risk
2036365,202512,2025-12-16,0.3179102,0.6799007444168734,Bottom 70% - Lower Risk
2146295,202512,2025-12-16,0.3179102,0.6797825830083895,Bottom 70% - Lower Risk
2196968,202606,2026-06-15,0.3179102,0.6801370672338414,Bottom 70% - Lower Risk
2308326,202606,2026-06-15,0.3179102,0.6800189058253574,Bottom 70% - Lower Risk
2321449,202606,2026-06-15,0.3179102,0.6802552286423255,Bottom 70% - Lower Risk
2346732,202606,2026-06-15,0.3178971,0.6803733900508094,Bottom 70% - Lower Risk
2509656,202606,2026-06-15,0.31786564,0.6804915514592934,Bottom 70% - Lower Risk
2481189,202606,2026-06-15,0.3178593,0.6806097128677774,Bottom 70% - Lower Risk
2153421,202606,2026-06-15,0.3178228,0.6807278742762614,Bottom 70% - Lower Risk
2296397,202601,2026-01-15,0.31775045,0.6808460356847453,Bottom 70% - Lower Risk
2067833,202606,2026-06-15,0.31774744,0.6809641970932293,Bottom 70% - Lower Risk
2167005,202606,2026-06-15,0.3177405,0.6810823585017134,Bottom 70% - Lower Risk
2494466,202606,2026-06-15,0.3176624,0.6812005199101974,Bottom 70% - Lower Risk
2210303,202606,2026-06-15,0.31762666,0.6814368427271653,Bottom 70% - Lower Risk
2188219,202606,2026-06-15,0.31762666,0.6813186813186813,Bottom 70% - Lower Risk
2289421,202606,2026-06-15,0.31759426,0.6815550041356493,Bottom 70% - Lower Risk
2293642,202601,2026-01-15,0.31759426,0.6816731655441333,Bottom 70% - Lower Risk
2317396,202606,2026-06-15,0.31754634,0.6817913269526172,Bottom 70% - Lower Risk
2144421,202606,2026-06-15,0.31747997,0.6819094883611012,Bottom 70% - Lower Risk
2284914,202606,2026-06-15,0.31744593,0.6820276497695853,Bottom 70% - Lower Risk
2011915,202606,2026-06-15,0.31736636,0.6821458111780693,Bottom 70% - Lower Risk
2163053,202606,2026-06-15,0.31736636,0.6822639725865532,Bottom 70% - Lower Risk
2314128,202606,2026-06-15,0.31735566,0.6823821339950372,Bottom 70% - Lower Risk
2441804,202603,2026-03-18,0.31732157,0.6825002954035212,Bottom 70% - Lower Risk
2309212,202606,2026-06-15,0.31730992,0.6826184568120052,Bottom 70% - Lower Risk
2370228,202512,2025-12-16,0.317297,0.6827366182204891,Bottom 70% - Lower Risk
2100810,202606,2026-06-15,0.31728813,0.6828547796289732,Bottom 70% - Lower Risk
2209666,202606,2026-06-15,0.3172657,0.6829729410374572,Bottom 70% - Lower Risk
2009936,202606,2026-06-15,0.31723443,0.6830911024459412,Bottom 70% - Lower Risk
2446495,202606,2026-06-15,0.31717268,0.6832092638544252,Bottom 70% - Lower Risk
2358231,202606,2026-06-15,0.31715462,0.6833274252629091,Bottom 70% - Lower Risk
2281423,202606,2026-06-15,0.31711087,0.6834455866713931,Bottom 70% - Lower Risk
2363372,202606,2026-06-15,0.31709376,0.6835637480798771,Bottom 70% - Lower Risk
2097088,202601,2026-01-15,0.316987,0.683681909488361,Bottom 70% - Lower Risk
2281264,202606,2026-06-15,0.31684545,0.6838000708968451,Bottom 70% - Lower Risk
2146294,202606,2026-06-15,0.31684038,0.6839182323053291,Bottom 70% - Lower Risk
2225744,202606,2026-06-15,0.31680456,0.6840363937138131,Bottom 70% - Lower Risk
2143574,202603,2026-03-18,0.31666234,0.6841545551222971,Bottom 70% - Lower Risk
2269662,202606,2026-06-15,0.31649682,0.684272716530781,Bottom 70% - Lower Risk
2520317,202606,2026-06-15,0.31648344,0.684390877939265,Bottom 70% - Lower Risk
2088837,202606,2026-06-15,0.31635013,0.684509039347749,Bottom 70% - Lower Risk
2201561,202606,2026-06-15,0.316241,0.6846272007562331,Bottom 70% - Lower Risk
2234130,202606,2026-06-15,0.3161981,0.684745362164717,Bottom 70% - Lower Risk
2340536,202606,2026-06-15,0.31615832,0.684863523573201,Bottom 70% - Lower Risk
2067332,202606,2026-06-15,0.31612003,0.684981684981685,Bottom 70% - Lower Risk
2180828,202606,2026-06-15,0.31607977,0.685099846390169,Bottom 70% - Lower Risk
2289784,202606,2026-06-15,0.31599066,0.6852180077986529,Bottom 70% - Lower Risk
2292619,202606,2026-06-15,0.31597397,0.6853361692071369,Bottom 70% - Lower Risk
2289659,202606,2026-06-15,0.31596956,0.6854543306156209,Bottom 70% - Lower Risk
2308626,202606,2026-06-15,0.31595078,0.685572492024105,Bottom 70% - Lower Risk
2410564,202601,2026-01-15,0.315901,0.685690653432589,Bottom 70% - Lower Risk
2227847,202602,2026-02-15,0.31581482,0.6858088148410729,Bottom 70% - Lower Risk
2394675,202601,2026-01-15,0.3157239,0.6859269762495569,Bottom 70% - Lower Risk
2132098,202606,2026-06-15,0.3156659,0.6860451376580409,Bottom 70% - Lower Risk
2362079,202602,2026-02-15,0.31565592,0.6861632990665248,Bottom 70% - Lower Risk
2351565,202603,2026-03-18,0.31564566,0.6862814604750088,Bottom 70% - Lower Risk
2576423,202606,2026-06-15,0.31546074,0.6863996218834929,Bottom 70% - Lower Risk
2619957,202606,2026-06-15,0.31532982,0.6866359447004609,Bottom 70% - Lower Risk
2611936,202606,2026-06-15,0.31532982,0.6865177832919769,Bottom 70% - Lower Risk
2517505,202606,2026-06-15,0.31524935,0.6867541061089448,Bottom 70% - Lower Risk
2038637,202606,2026-06-15,0.31515178,0.6868722675174288,Bottom 70% - Lower Risk
2205976,202606,2026-06-15,0.3151447,0.6869904289259128,Bottom 70% - Lower Risk
2486335,202512,2025-12-16,0.31514138,0.6871085903343968,Bottom 70% - Lower Risk
2263826,202606,2026-06-15,0.31500846,0.6872267517428807,Bottom 70% - Lower Risk
2238954,202606,2026-06-15,0.31500846,0.6873449131513648,Bottom 70% - Lower Risk
2110345,202606,2026-06-15,0.3149935,0.6874630745598488,Bottom 70% - Lower Risk
2139696,202606,2026-06-15,0.31492662,0.6875812359683328,Bottom 70% - Lower Risk
2498000,202603,2026-03-18,0.31485915,0.6876993973768167,Bottom 70% - Lower Risk
2231753,202606,2026-06-15,0.31480736,0.6878175587853007,Bottom 70% - Lower Risk
2446701,202602,2026-02-15,0.31479448,0.6879357201937847,Bottom 70% - Lower Risk
2445378,202606,2026-06-15,0.31454182,0.6880538816022687,Bottom 70% - Lower Risk
2313707,202601,2026-01-15,0.31453475,0.6881720430107527,Bottom 70% - Lower Risk
2244086,202606,2026-06-15,0.31452966,0.6882902044192367,Bottom 70% - Lower Risk
2524771,202606,2026-06-15,0.31452265,0.6884083658277207,Bottom 70% - Lower Risk
2552411,202606,2026-06-15,0.3144745,0.6885265272362047,Bottom 70% - Lower Risk
2481321,202606,2026-06-15,0.31443915,0.6886446886446886,Bottom 70% - Lower Risk
2330743,202606,2026-06-15,0.31443462,0.6887628500531726,Bottom 70% - Lower Risk
2016360,202605,2026-05-16,0.31438053,0.6888810114616566,Bottom 70% - Lower Risk
2472792,202606,2026-06-15,0.31437787,0.6889991728701406,Bottom 70% - Lower Risk
2550016,202606,2026-06-15,0.31414625,0.6891173342786246,Bottom 70% - Lower Risk
2441380,202606,2026-06-15,0.31407174,0.6892354956871086,Bottom 70% - Lower Risk
2261096,202606,2026-06-15,0.31406054,0.6893536570955926,Bottom 70% - Lower Risk
2155200,202606,2026-06-15,0.31404427,0.6894718185040766,Bottom 70% - Lower Risk
2085470,202603,2026-03-18,0.31401625,0.6895899799125605,Bottom 70% - Lower Risk
2319371,202606,2026-06-15,0.3139986,0.6897081413210445,Bottom 70% - Lower Risk
2086642,202606,2026-06-15,0.31388277,0.6898263027295285,Bottom 70% - Lower Risk
2317503,202606,2026-06-15,0.3138262,0.6900626255464966,Bottom 70% - Lower Risk
2082001,202606,2026-06-15,0.3138262,0.6899444641380125,Bottom 70% - Lower Risk
2231770,202606,2026-06-15,0.31380427,0.6901807869549805,Bottom 70% - Lower Risk
2171100,202606,2026-06-15,0.3137583,0.6904171097719485,Bottom 70% - Lower Risk
2592647,202606,2026-06-15,0.3137583,0.6902989483634645,Bottom 70% - Lower Risk
2464471,202606,2026-06-15,0.31374928,0.6905352711804325,Bottom 70% - Lower Risk
2403807,202606,2026-06-15,0.3137336,0.6906534325889164,Bottom 70% - Lower Risk
2510061,202602,2026-02-15,0.31372,0.6907715939974004,Bottom 70% - Lower Risk
2188441,202606,2026-06-15,0.31366017,0.6908897554058845,Bottom 70% - Lower Risk
2257570,202606,2026-06-15,0.31362534,0.6910079168143685,Bottom 70% - Lower Risk
2055759,202606,2026-06-15,0.31358615,0.6911260782228524,Bottom 70% - Lower Risk
2180296,202606,2026-06-15,0.31352094,0.6912442396313364,Bottom 70% - Lower Risk
2549619,202606,2026-06-15,0.31348753,0.6913624010398204,Bottom 70% - Lower Risk
2009221,202606,2026-06-15,0.31347027,0.6914805624483044,Bottom 70% - Lower Risk
2436205,202604,2026-04-15,0.31342658,0.6915987238567883,Bottom 70% - Lower Risk
2472623,202606,2026-06-15,0.3133677,0.6917168852652723,Bottom 70% - Lower Risk
2098903,202606,2026-06-15,0.3133166,0.6918350466737564,Bottom 70% - Lower Risk
2319477,202606,2026-06-15,0.31331596,0.6919532080822404,Bottom 70% - Lower Risk
2290887,202606,2026-06-15,0.31330618,0.6920713694907243,Bottom 70% - Lower Risk
2518030,202606,2026-06-15,0.31329066,0.6921895308992083,Bottom 70% - Lower Risk
2583583,202606,2026-06-15,0.3132454,0.6923076923076923,Bottom 70% - Lower Risk
2177856,202512,2025-12-16,0.31312597,0.6924258537161763,Bottom 70% - Lower Risk
2209424,202606,2026-06-15,0.31303838,0.6925440151246602,Bottom 70% - Lower Risk
2211167,202606,2026-06-15,0.31296164,0.6926621765331443,Bottom 70% - Lower Risk
2555116,202606,2026-06-15,0.31285816,0.6927803379416283,Bottom 70% - Lower Risk
2545181,202606,2026-06-15,0.31285116,0.6928984993501123,Bottom 70% - Lower Risk
2506797,202606,2026-06-15,0.3127091,0.6930166607585962,Bottom 70% - Lower Risk
2133987,202606,2026-06-15,0.31265226,0.6931348221670802,Bottom 70% - Lower Risk
2613550,202606,2026-06-15,0.31265196,0.6932529835755642,Bottom 70% - Lower Risk
2030556,202606,2026-06-15,0.3126436,0.6933711449840482,Bottom 70% - Lower Risk
2474116,202606,2026-06-15,0.31261688,0.6934893063925321,Bottom 70% - Lower Risk
2257792,202606,2026-06-15,0.31260237,0.6936074678010162,Bottom 70% - Lower Risk
2110662,202606,2026-06-15,0.31256652,0.6937256292095002,Bottom 70% - Lower Risk
2607779,202606,2026-06-15,0.31253994,0.6938437906179842,Bottom 70% - Lower Risk
2277107,202606,2026-06-15,0.31249607,0.6939619520264682,Bottom 70% - Lower Risk
2485927,202606,2026-06-15,0.31247535,0.6940801134349521,Bottom 70% - Lower Risk
2381216,202606,2026-06-15,0.31242242,0.6941982748434361,Bottom 70% - Lower Risk
2450397,202606,2026-06-15,0.31238914,0.6943164362519201,Bottom 70% - Lower Risk
2486124,202606,2026-06-15,0.31233105,0.6944345976604042,Bottom 70% - Lower Risk
2367174,202606,2026-06-15,0.3123282,0.6945527590688881,Bottom 70% - Lower Risk
2503264,202604,2026-04-15,0.31231982,0.6946709204773721,Bottom 70% - Lower Risk
2120611,202606,2026-06-15,0.31230497,0.6947890818858561,Bottom 70% - Lower Risk
2450827,202606,2026-06-15,0.31224304,0.6949072432943401,Bottom 70% - Lower Risk
2163325,202606,2026-06-15,0.3121839,0.695025404702824,Bottom 70% - Lower Risk
2317030,202604,2026-04-15,0.31216922,0.695143566111308,Bottom 70% - Lower Risk
2333546,202606,2026-06-15,0.31209975,0.695261727519792,Bottom 70% - Lower Risk
2502759,202606,2026-06-15,0.3120486,0.6953798889282761,Bottom 70% - Lower Risk
2559582,202606,2026-06-15,0.31198138,0.69549805033676,Bottom 70% - Lower Risk
2532560,202603,2026-03-18,0.31197557,0.695616211745244,Bottom 70% - Lower Risk
2218829,202603,2026-03-18,0.31186727,0.695734373153728,Bottom 70% - Lower Risk
2446605,202512,2025-12-16,0.31183803,0.695852534562212,Bottom 70% - Lower Risk
2404799,202606,2026-06-15,0.3118366,0.6959706959706959,Bottom 70% - Lower Risk
2068619,202606,2026-06-15,0.31183293,0.6960888573791799,Bottom 70% - Lower Risk
2199330,202512,2025-12-16,0.31182158,0.696207018787664,Bottom 70% - Lower Risk
2333068,202606,2026-06-15,0.31177646,0.696325180196148,Bottom 70% - Lower Risk
2180679,202606,2026-06-15,0.3117703,0.696443341604632,Bottom 70% - Lower Risk
2477403,202606,2026-06-15,0.31167445,0.6965615030131159,Bottom 70% - Lower Risk
2338693,202606,2026-06-15,0.31167445,0.6966796644215999,Bottom 70% - Lower Risk
2482943,202606,2026-06-15,0.31155002,0.6967978258300839,Bottom 70% - Lower Risk
2439615,202606,2026-06-15,0.31150728,0.6969159872385678,Bottom 70% - Lower Risk
2103667,202606,2026-06-15,0.311416,0.6970341486470518,Bottom 70% - Lower Risk
2159250,202606,2026-06-15,0.31136537,0.6971523100555359,Bottom 70% - Lower Risk
2493537,202606,2026-06-15,0.31131724,0.6972704714640199,Bottom 70% - Lower Risk
2143331,202606,2026-06-15,0.31127268,0.6973886328725039,Bottom 70% - Lower Risk
2553832,202606,2026-06-15,0.3112532,0.6975067942809878,Bottom 70% - Lower Risk
2150860,202606,2026-06-15,0.3112514,0.6976249556894718,Bottom 70% - Lower Risk
2257590,202604,2026-04-15,0.3111894,0.6977431170979558,Bottom 70% - Lower Risk
2517661,202606,2026-06-15,0.31116015,0.6978612785064398,Bottom 70% - Lower Risk
2292817,202606,2026-06-15,0.3111537,0.6980976013234078,Bottom 70% - Lower Risk
2154227,202606,2026-06-15,0.3111537,0.6979794399149238,Bottom 70% - Lower Risk
2554179,202606,2026-06-15,0.3111109,0.6982157627318918,Bottom 70% - Lower Risk
2101917,202606,2026-06-15,0.31103364,0.6983339241403758,Bottom 70% - Lower Risk
2037199,202606,2026-06-15,0.31101215,0.6984520855488597,Bottom 70% - Lower Risk
2470990,202606,2026-06-15,0.31100234,0.6985702469573437,Bottom 70% - Lower Risk
2118997,202606,2026-06-15,0.31097195,0.6986884083658277,Bottom 70% - Lower Risk
2577109,202606,2026-06-15,0.31092325,0.6988065697743117,Bottom 70% - Lower Risk
2384964,202603,2026-03-18,0.3108573,0.6989247311827957,Bottom 70% - Lower Risk
2356825,202606,2026-06-15,0.31083873,0.6990428925912797,Bottom 70% - Lower Risk
2106441,202606,2026-06-15,0.31077778,0.6991610539997637,Bottom 70% - Lower Risk
2222940,202606,2026-06-15,0.31077445,0.6992792154082477,Bottom 70% - Lower Risk
2137670,202606,2026-06-15,0.31068605,0.6993973768167316,Bottom 70% - Lower Risk
2531293,202606,2026-06-15,0.31066203,0.6995155382252156,Bottom 70% - Lower Risk
2199293,202606,2026-06-15,0.31053367,0.6997518610421837,Bottom 70% - Lower Risk
2325230,202606,2026-06-15,0.31053367,0.6999881838591516,Bottom 70% - Lower Risk
2287949,202606,2026-06-15,0.31053367,0.6998700224506677,Bottom 70% - Lower Risk
2253652,202606,2026-06-15,0.31053367,0.6996336996336996,Bottom 70% - Lower Risk
2331904,202606,2026-06-15,0.31053367,0.7001063452676356,Bottom 70% - Lower Risk
2301124,202601,2026-01-15,0.3105047,0.7002245066761196,Bottom 70% - Lower Risk
2332815,202606,2026-06-15,0.3104529,0.7003426680846035,Bottom 70% - Lower Risk
2449891,202606,2026-06-15,0.3104518,0.7004608294930875,Bottom 70% - Lower Risk
2268411,202606,2026-06-15,0.3104323,0.7005789909015715,Bottom 70% - Lower Risk
2508002,202606,2026-06-15,0.31034246,0.7006971523100556,Bottom 70% - Lower Risk
2304119,202606,2026-06-15,0.31024006,0.7008153137185396,Bottom 70% - Lower Risk
2184886,202606,2026-06-15,0.31017867,0.7009334751270235,Bottom 70% - Lower Risk
2617607,202606,2026-06-15,0.31014222,0.7010516365355075,Bottom 70% - Lower Risk
2443226,202606,2026-06-15,0.31013125,0.7011697979439915,Bottom 70% - Lower Risk
2224068,202606,2026-06-15,0.31008664,0.7012879593524755,Bottom 70% - Lower Risk
2056492,202606,2026-06-15,0.3100247,0.7014061207609594,Bottom 70% - Lower Risk
2546818,202606,2026-06-15,0.3100154,0.7015242821694435,Bottom 70% - Lower Risk
2474682,202512,2025-12-16,0.30997282,0.7016424435779275,Bottom 70% - Lower Risk
2022317,202606,2026-06-15,0.30988756,0.7017606049864115,Bottom 70% - Lower Risk
2386683,202606,2026-06-15,0.3097854,0.7018787663948954,Bottom 70% - Lower Risk
2012012,202606,2026-06-15,0.3096375,0.7019969278033794,Bottom 70% - Lower Risk
2013742,202606,2026-06-15,0.30962887,0.7021150892118634,Bottom 70% - Lower Risk
2365932,202606,2026-06-15,0.30952582,0.7030603804797353,Bottom 70% - Lower Risk
2443481,202606,2026-06-15,0.30952582,0.7027058962542834,Bottom 70% - Lower Risk
2095838,202606,2026-06-15,0.30952582,0.7028240576627673,Bottom 70% - Lower Risk
2272598,202606,2026-06-15,0.30952582,0.7029422190712513,Bottom 70% - Lower Risk
2405427,202606,2026-06-15,0.30952582,0.7022332506203474,Bottom 70% - Lower Risk
2208061,202606,2026-06-15,0.30952582,0.7023514120288313,Bottom 70% - Lower Risk
2088810,202606,2026-06-15,0.30952582,0.7024695734373154,Bottom 70% - Lower Risk
2158789,202606,2026-06-15,0.30952582,0.7025877348457994,Bottom 70% - Lower Risk
2063571,202606,2026-06-15,0.30952582,0.7031785418882193,Bottom 70% - Lower Risk
2120880,202606,2026-06-15,0.3094483,0.7032967032967034,Bottom 70% - Lower Risk
2500927,202606,2026-06-15,0.30941454,0.7034148647051873,Bottom 70% - Lower Risk
2316122,202606,2026-06-15,0.309296,0.7035330261136713,Bottom 70% - Lower Risk
2477068,202606,2026-06-15,0.30926892,0.7036511875221553,Bottom 70% - Lower Risk
2325953,202606,2026-06-15,0.30923212,0.7037693489306392,Bottom 70% - Lower Risk
2242019,202606,2026-06-15,0.30915803,0.7038875103391232,Bottom 70% - Lower Risk
2058901,202601,2026-01-15,0.30915082,0.7040056717476072,Bottom 70% - Lower Risk
2562230,202603,2026-03-18,0.30914643,0.7041238331560912,Bottom 70% - Lower Risk
2097938,202512,2025-12-16,0.30909622,0.7042419945645753,Bottom 70% - Lower Risk
2232287,202512,2025-12-16,0.3090226,0.7043601559730592,Bottom 70% - Lower Risk
2452270,202606,2026-06-15,0.30901995,0.7044783173815432,Bottom 70% - Lower Risk
2310041,202606,2026-06-15,0.3090078,0.7045964787900272,Bottom 70% - Lower Risk
2447769,202606,2026-06-15,0.30898413,0.7047146401985112,Bottom 70% - Lower Risk
2124693,202606,2026-06-15,0.30894822,0.7048328016069951,Bottom 70% - Lower Risk
2025927,202606,2026-06-15,0.30894542,0.7049509630154791,Bottom 70% - Lower Risk
2048119,202606,2026-06-15,0.30890304,0.7050691244239631,Bottom 70% - Lower Risk
2188998,202604,2026-04-15,0.3087352,0.7051872858324472,Bottom 70% - Lower Risk
2058623,202606,2026-06-15,0.30872506,0.7053054472409311,Bottom 70% - Lower Risk
2548923,202606,2026-06-15,0.30859596,0.7054236086494151,Bottom 70% - Lower Risk
2272091,202601,2026-01-15,0.30857635,0.7055417700578991,Bottom 70% - Lower Risk
2303746,202606,2026-06-15,0.3085529,0.7056599314663831,Bottom 70% - Lower Risk
2125058,202606,2026-06-15,0.3085529,0.705778092874867,Bottom 70% - Lower Risk
2497004,202606,2026-06-15,0.30844703,0.705896254283351,Bottom 70% - Lower Risk
2416473,202606,2026-06-15,0.30829623,0.7060144156918351,Bottom 70% - Lower Risk
2516018,202606,2026-06-15,0.3082101,0.7061325771003191,Bottom 70% - Lower Risk
2046106,202606,2026-06-15,0.30818126,0.706250738508803,Bottom 70% - Lower Risk
2036141,202606,2026-06-15,0.30809766,0.706368899917287,Bottom 70% - Lower Risk
2521168,202606,2026-06-15,0.30808574,0.706487061325771,Bottom 70% - Lower Risk
2162536,202606,2026-06-15,0.30805674,0.706605222734255,Bottom 70% - Lower Risk
2435595,202606,2026-06-15,0.30795586,0.7067233841427389,Bottom 70% - Lower Risk
2497900,202606,2026-06-15,0.3079216,0.7068415455512229,Bottom 70% - Lower Risk
2191677,202606,2026-06-15,0.30785498,0.706959706959707,Bottom 70% - Lower Risk
2237743,202606,2026-06-15,0.3077121,0.707077868368191,Bottom 70% - Lower Risk
2476511,202606,2026-06-15,0.3077088,0.707196029776675,Bottom 70% - Lower Risk
2194405,202606,2026-06-15,0.30768833,0.7073141911851589,Bottom 70% - Lower Risk
2314241,202606,2026-06-15,0.30768684,0.7074323525936429,Bottom 70% - Lower Risk
2025399,202606,2026-06-15,0.30759782,0.7075505140021269,Bottom 70% - Lower Risk
2156457,202602,2026-02-15,0.30759782,0.7076686754106108,Bottom 70% - Lower Risk
2618729,202606,2026-06-15,0.3075785,0.7077868368190949,Bottom 70% - Lower Risk
2509572,202512,2025-12-16,0.307557,0.7079049982275789,Bottom 70% - Lower Risk
2481361,202602,2026-02-15,0.30753714,0.7080231596360629,Bottom 70% - Lower Risk
2228428,202606,2026-06-15,0.30749375,0.7081413210445469,Bottom 70% - Lower Risk
2334858,202606,2026-06-15,0.30747864,0.7082594824530308,Bottom 70% - Lower Risk
2442827,202603,2026-03-18,0.30747408,0.7083776438615148,Bottom 70% - Lower Risk
2198044,202606,2026-06-15,0.30746824,0.7084958052699988,Bottom 70% - Lower Risk
2045323,202606,2026-06-15,0.30746135,0.7086139666784828,Bottom 70% - Lower Risk
2312248,202606,2026-06-15,0.3074449,0.7087321280869668,Bottom 70% - Lower Risk
2491226,202606,2026-06-15,0.30742258,0.7088502894954508,Bottom 70% - Lower Risk
2432817,202606,2026-06-15,0.30738592,0.7089684509039348,Bottom 70% - Lower Risk
2064124,202606,2026-06-15,0.30736497,0.7090866123124188,Bottom 70% - Lower Risk
2454411,202606,2026-06-15,0.30733746,0.7092047737209027,Bottom 70% - Lower Risk
2274966,202602,2026-02-15,0.3071933,0.7093229351293867,Bottom 70% - Lower Risk
2294332,202606,2026-06-15,0.30719212,0.7094410965378707,Bottom 70% - Lower Risk
2277114,202606,2026-06-15,0.3071733,0.7095592579463548,Bottom 70% - Lower Risk
2093642,202606,2026-06-15,0.30709803,0.7096774193548387,Bottom 70% - Lower Risk
2234192,202606,2026-06-15,0.30691588,0.7097955807633227,Bottom 70% - Lower Risk
2385459,202606,2026-06-15,0.30686298,0.7099137421718067,Bottom 70% - Lower Risk
2451091,202606,2026-06-15,0.30679852,0.7100319035802907,Bottom 70% - Lower Risk
2284672,202606,2026-06-15,0.30665195,0.7101500649887746,Bottom 70% - Lower Risk
2230606,202606,2026-06-15,0.30663106,0.7102682263972586,Bottom 70% - Lower Risk
2490104,202606,2026-06-15,0.30662408,0.7103863878057426,Bottom 70% - Lower Risk
2299029,202606,2026-06-15,0.30658787,0.7105045492142267,Bottom 70% - Lower Risk
2227376,202606,2026-06-15,0.30657485,0.7106227106227107,Bottom 70% - Lower Risk
2478523,202606,2026-06-15,0.30657423,0.7107408720311946,Bottom 70% - Lower Risk
2357031,202606,2026-06-15,0.30656436,0.7108590334396786,Bottom 70% - Lower Risk
2477102,202604,2026-04-15,0.30651993,0.7109771948481626,Bottom 70% - Lower Risk
2072415,202606,2026-06-15,0.306492,0.7110953562566465,Bottom 70% - Lower Risk
2565321,202606,2026-06-15,0.30649194,0.7112135176651305,Bottom 70% - Lower Risk
2370899,202606,2026-06-15,0.30644938,0.7113316790736146,Bottom 70% - Lower Risk
2193841,202602,2026-02-15,0.30632243,0.7114498404820986,Bottom 70% - Lower Risk
2155638,202603,2026-03-18,0.30628058,0.7115680018905826,Bottom 70% - Lower Risk
2381673,202606,2026-06-15,0.306268,0.7116861632990665,Bottom 70% - Lower Risk
2168353,202606,2026-06-15,0.30625743,0.7118043247075505,Bottom 70% - Lower Risk
2274853,202606,2026-06-15,0.30620158,0.7119224861160345,Bottom 70% - Lower Risk
2457581,202606,2026-06-15,0.306201,0.7120406475245185,Bottom 70% - Lower Risk
2113183,202603,2026-03-18,0.30619612,0.7121588089330024,Bottom 70% - Lower Risk
2011094,202606,2026-06-15,0.30619156,0.7122769703414865,Bottom 70% - Lower Risk
2507993,202606,2026-06-15,0.30611685,0.7123951317499705,Bottom 70% - Lower Risk
2603657,202606,2026-06-15,0.30607834,0.7125132931584545,Bottom 70% - Lower Risk
2064540,202606,2026-06-15,0.30594698,0.7126314545669384,Bottom 70% - Lower Risk
2394675,202604,2026-04-15,0.30592436,0.7127496159754224,Bottom 70% - Lower Risk
2244935,202606,2026-06-15,0.30589575,0.7128677773839064,Bottom 70% - Lower Risk
2429902,202606,2026-06-15,0.30587816,0.7129859387923904,Bottom 70% - Lower Risk
2094159,202606,2026-06-15,0.30587503,0.7131041002008744,Bottom 70% - Lower Risk
2615057,202606,2026-06-15,0.30587232,0.7132222616093584,Bottom 70% - Lower Risk
2246791,202602,2026-02-15,0.30586514,0.7133404230178424,Bottom 70% - Lower Risk
2020396,202606,2026-06-15,0.30581805,0.7134585844263264,Bottom 70% - Lower Risk
2178222,202606,2026-06-15,0.30570552,0.7135767458348103,Bottom 70% - Lower Risk
2237780,202606,2026-06-15,0.30568722,0.7136949072432943,Bottom 70% - Lower Risk
2101021,202606,2026-06-15,0.3056511,0.7138130686517783,Bottom 70% - Lower Risk
2352819,202606,2026-06-15,0.30546346,0.7139312300602623,Bottom 70% - Lower Risk
2315343,202606,2026-06-15,0.30546063,0.7140493914687464,Bottom 70% - Lower Risk
2192940,202606,2026-06-15,0.3054489,0.7141675528772303,Bottom 70% - Lower Risk
2176029,202601,2026-01-15,0.30543962,0.7142857142857143,Bottom 70% - Lower Risk
2390344,202606,2026-06-15,0.30521297,0.7144038756941983,Bottom 70% - Lower Risk
2204488,202606,2026-06-15,0.3051833,0.7145220371026823,Bottom 70% - Lower Risk
2536757,202606,2026-06-15,0.30517253,0.7146401985111662,Bottom 70% - Lower Risk
2068430,202606,2026-06-15,0.30509293,0.7147583599196502,Bottom 70% - Lower Risk
2356152,202606,2026-06-15,0.3050602,0.7148765213281343,Bottom 70% - Lower Risk
2117836,202606,2026-06-15,0.30503908,0.7149946827366183,Bottom 70% - Lower Risk
2530461,202606,2026-06-15,0.30498245,0.7151128441451022,Bottom 70% - Lower Risk
2141947,202606,2026-06-15,0.30495644,0.7152310055535862,Bottom 70% - Lower Risk
2183086,202606,2026-06-15,0.30491626,0.7153491669620702,Bottom 70% - Lower Risk
2536115,202606,2026-06-15,0.30489856,0.7154673283705542,Bottom 70% - Lower Risk
2336671,202606,2026-06-15,0.3048033,0.7155854897790381,Bottom 70% - Lower Risk
2252568,202606,2026-06-15,0.30475867,0.7157036511875221,Bottom 70% - Lower Risk
2041277,202606,2026-06-15,0.30473366,0.7158218125960062,Bottom 70% - Lower Risk
2461878,202606,2026-06-15,0.30473158,0.7159399740044902,Bottom 70% - Lower Risk
2180945,202606,2026-06-15,0.30473116,0.7160581354129741,Bottom 70% - Lower Risk
2451090,202606,2026-06-15,0.3047141,0.7161762968214581,Bottom 70% - Lower Risk
2163365,202606,2026-06-15,0.3047075,0.7162944582299421,Bottom 70% - Lower Risk
2293698,202601,2026-01-15,0.30469784,0.7164126196384261,Bottom 70% - Lower Risk
2485115,202606,2026-06-15,0.30467966,0.71653078104691,Bottom 70% - Lower Risk
2175801,202606,2026-06-15,0.30463663,0.7166489424553941,Bottom 70% - Lower Risk
2232666,202512,2025-12-16,0.30453363,0.7167671038638781,Bottom 70% - Lower Risk
2402898,202606,2026-06-15,0.30452946,0.7168852652723621,Bottom 70% - Lower Risk
2584874,202606,2026-06-15,0.3044797,0.717003426680846,Bottom 70% - Lower Risk
2297718,202603,2026-03-18,0.30439836,0.71712158808933,Bottom 70% - Lower Risk
2146060,202606,2026-06-15,0.30437237,0.717239749497814,Bottom 70% - Lower Risk
2348157,202603,2026-03-18,0.3043306,0.717357910906298,Bottom 70% - Lower Risk
2203530,202606,2026-06-15,0.3043011,0.7174760723147819,Bottom 70% - Lower Risk
2440974,202601,2026-01-15,0.30429548,0.717594233723266,Bottom 70% - Lower Risk
2124871,202606,2026-06-15,0.30426326,0.71771239513175,Bottom 70% - Lower Risk
2315002,202606,2026-06-15,0.30423325,0.717830556540234,Bottom 70% - Lower Risk
2422997,202606,2026-06-15,0.3041155,0.717948717948718,Bottom 70% - Lower Risk
2469708,202606,2026-06-15,0.30396348,0.7180668793572019,Bottom 70% - Lower Risk
2562900,202606,2026-06-15,0.30395865,0.7181850407656859,Bottom 70% - Lower Risk
2520972,202606,2026-06-15,0.3039053,0.7183032021741699,Bottom 70% - Lower Risk
2302680,202603,2026-03-18,0.3038656,0.718421363582654,Bottom 70% - Lower Risk
2146802,202602,2026-02-15,0.30380383,0.7185395249911379,Bottom 70% - Lower Risk
2071620,202606,2026-06-15,0.3038018,0.7186576863996219,Bottom 70% - Lower Risk
2396996,202606,2026-06-15,0.3037407,0.7187758478081059,Bottom 70% - Lower Risk
2213232,202606,2026-06-15,0.30366167,0.7188940092165899,Bottom 70% - Lower Risk
2250361,202606,2026-06-15,0.303616,0.7190121706250738,Bottom 70% - Lower Risk
2556989,202606,2026-06-15,0.30357194,0.7191303320335578,Bottom 70% - Lower Risk
2149872,202606,2026-06-15,0.30350018,0.7192484934420418,Bottom 70% - Lower Risk
2572504,202606,2026-06-15,0.30343622,0.7193666548505259,Bottom 70% - Lower Risk
2611495,202606,2026-06-15,0.30343622,0.7194848162590098,Bottom 70% - Lower Risk
2278336,202606,2026-06-15,0.30342326,0.7196029776674938,Bottom 70% - Lower Risk
2480339,202606,2026-06-15,0.30338496,0.7197211390759778,Bottom 70% - Lower Risk
2072909,202606,2026-06-15,0.30332583,0.7198393004844618,Bottom 70% - Lower Risk
2130513,202606,2026-06-15,0.3032511,0.7200756233014297,Bottom 70% - Lower Risk
2416709,202606,2026-06-15,0.3032511,0.7199574618929457,Bottom 70% - Lower Risk
2093106,202606,2026-06-15,0.3032042,0.7201937847099137,Bottom 70% - Lower Risk
2346459,202606,2026-06-15,0.30320257,0.7203119461183978,Bottom 70% - Lower Risk
2150980,202606,2026-06-15,0.30313218,0.7204301075268817,Bottom 70% - Lower Risk
2090486,202606,2026-06-15,0.30310127,0.7205482689353657,Bottom 70% - Lower Risk
2237987,202512,2025-12-16,0.30299217,0.7206664303438497,Bottom 70% - Lower Risk
2469012,202606,2026-06-15,0.30298316,0.7207845917523337,Bottom 70% - Lower Risk
2309384,202606,2026-06-15,0.30297798,0.7209027531608176,Bottom 70% - Lower Risk
2481224,202606,2026-06-15,0.30296284,0.7210209145693016,Bottom 70% - Lower Risk
2548480,202603,2026-03-18,0.30288845,0.7211390759777857,Bottom 70% - Lower Risk
2317896,202606,2026-06-15,0.30288464,0.7212572373862697,Bottom 70% - Lower Risk
2142243,202606,2026-06-15,0.302691,0.7213753987947537,Bottom 70% - Lower Risk
2157033,202606,2026-06-15,0.30267707,0.7214935602032376,Bottom 70% - Lower Risk
2294716,202512,2025-12-16,0.30267406,0.7216117216117216,Bottom 70% - Lower Risk
2522730,202606,2026-06-15,0.30266383,0.7217298830202056,Bottom 70% - Lower Risk
2200685,202606,2026-06-15,0.30260482,0.7218480444286896,Bottom 70% - Lower Risk
2309402,202602,2026-02-15,0.30256033,0.7219662058371735,Bottom 70% - Lower Risk
2262127,202512,2025-12-16,0.3025577,0.7220843672456576,Bottom 70% - Lower Risk
2382457,202606,2026-06-15,0.3024739,0.7222025286541416,Bottom 70% - Lower Risk
2149602,202606,2026-06-15,0.3024576,0.7223206900626256,Bottom 70% - Lower Risk
2386855,202606,2026-06-15,0.3024458,0.7224388514711095,Bottom 70% - Lower Risk
2255013,202606,2026-06-15,0.3024362,0.7225570128795935,Bottom 70% - Lower Risk
2516181,202606,2026-06-15,0.30243093,0.7226751742880775,Bottom 70% - Lower Risk
2358232,202602,2026-02-15,0.3023229,0.7227933356965615,Bottom 70% - Lower Risk
2038871,202606,2026-06-15,0.3022777,0.7229114971050455,Bottom 70% - Lower Risk
2227817,202606,2026-06-15,0.3022777,0.7230296585135295,Bottom 70% - Lower Risk
2028193,202606,2026-06-15,0.3022682,0.7231478199220135,Bottom 70% - Lower Risk
2420404,202606,2026-06-15,0.30224764,0.7232659813304975,Bottom 70% - Lower Risk
2093573,202606,2026-06-15,0.30224103,0.7233841427389814,Bottom 70% - Lower Risk
2435471,202606,2026-06-15,0.30219212,0.7235023041474654,Bottom 70% - Lower Risk
2089410,202606,2026-06-15,0.302185,0.7236204655559494,Bottom 70% - Lower Risk
2277959,202606,2026-06-15,0.30216953,0.7237386269644334,Bottom 70% - Lower Risk
2222214,202606,2026-06-15,0.30199304,0.7238567883729174,Bottom 70% - Lower Risk
2516622,202606,2026-06-15,0.30193794,0.7239749497814014,Bottom 70% - Lower Risk
2084246,202606,2026-06-15,0.3018493,0.7240931111898854,Bottom 70% - Lower Risk
2436205,202606,2026-06-15,0.30184773,0.7242112725983694,Bottom 70% - Lower Risk
2435665,202605,2026-05-16,0.30181026,0.7243294340068533,Bottom 70% - Lower Risk
2495519,202606,2026-06-15,0.3018089,0.7244475954153373,Bottom 70% - Lower Risk
2147035,202512,2025-12-16,0.3018004,0.7245657568238213,Bottom 70% - Lower Risk
2536212,202606,2026-06-15,0.30175292,0.7246839182323054,Bottom 70% - Lower Risk
2306534,202606,2026-06-15,0.3016923,0.7248020796407894,Bottom 70% - Lower Risk
2596449,202606,2026-06-15,0.30168924,0.7249202410492733,Bottom 70% - Lower Risk
2466323,202606,2026-06-15,0.3016796,0.7250384024577573,Bottom 70% - Lower Risk
2005656,202606,2026-06-15,0.3016597,0.7251565638662413,Bottom 70% - Lower Risk
2140977,202606,2026-06-15,0.3016336,0.7252747252747253,Bottom 70% - Lower Risk
2192153,202606,2026-06-15,0.30156472,0.7253928866832092,Bottom 70% - Lower Risk
2116058,202606,2026-06-15,0.30155674,0.7255110480916932,Bottom 70% - Lower Risk
2307720,202601,2026-01-15,0.3014975,0.7256292095001773,Bottom 70% - Lower Risk
2551912,202606,2026-06-15,0.3014837,0.7257473709086613,Bottom 70% - Lower Risk
2100952,202606,2026-06-15,0.3014587,0.7258655323171452,Bottom 70% - Lower Risk
2285055,202606,2026-06-15,0.30138165,0.7259836937256292,Bottom 70% - Lower Risk
2233569,202606,2026-06-15,0.30126476,0.7261018551341132,Bottom 70% - Lower Risk
2620130,202606,2026-06-15,0.30126256,0.7262200165425972,Bottom 70% - Lower Risk
2517702,202606,2026-06-15,0.30112734,0.7263381779510811,Bottom 70% - Lower Risk
2524085,202606,2026-06-15,0.30098757,0.7264563393595652,Bottom 70% - Lower Risk
2452528,202512,2025-12-16,0.3009641,0.7265745007680492,Bottom 70% - Lower Risk
2482184,202602,2026-02-15,0.30093637,0.7266926621765332,Bottom 70% - Lower Risk
2135129,202606,2026-06-15,0.30087307,0.7268108235850171,Bottom 70% - Lower Risk
2553468,202606,2026-06-15,0.30086946,0.7269289849935011,Bottom 70% - Lower Risk
2198635,202606,2026-06-15,0.30084974,0.7270471464019851,Bottom 70% - Lower Risk
2005905,202606,2026-06-15,0.3007669,0.7271653078104691,Bottom 70% - Lower Risk
2304876,202606,2026-06-15,0.3007331,0.727283469218953,Bottom 70% - Lower Risk
2192314,202606,2026-06-15,0.30071858,0.7274016306274371,Bottom 70% - Lower Risk
2009417,202606,2026-06-15,0.30065748,0.7275197920359211,Bottom 70% - Lower Risk
2128842,202606,2026-06-15,0.30065677,0.7276379534444051,Bottom 70% - Lower Risk
2435367,202606,2026-06-15,0.3005622,0.727756114852889,Bottom 70% - Lower Risk
2524398,202606,2026-06-15,0.30055523,0.727874276261373,Bottom 70% - Lower Risk
2249556,202606,2026-06-15,0.30033123,0.727992437669857,Bottom 70% - Lower Risk
2090778,202606,2026-06-15,0.30028233,0.728110599078341,Bottom 70% - Lower Risk
2103120,202606,2026-06-15,0.30024606,0.728228760486825,Bottom 70% - Lower Risk
2259575,202606,2026-06-15,0.30014798,0.728346921895309,Bottom 70% - Lower Risk
2227915,202606,2026-06-15,0.30012134,0.728465083303793,Bottom 70% - Lower Risk
2035411,202606,2026-06-15,0.30007312,0.728583244712277,Bottom 70% - Lower Risk
2582442,202606,2026-06-15,0.30002493,0.728701406120761,Bottom 70% - Lower Risk
2460690,202606,2026-06-15,0.2999787,0.7288195675292449,Bottom 70% - Lower Risk
2214141,202606,2026-06-15,0.2999508,0.7289377289377289,Bottom 70% - Lower Risk
2149784,202603,2026-03-18,0.2998886,0.7290558903462129,Bottom 70% - Lower Risk
2318603,202606,2026-06-15,0.29984093,0.729174051754697,Bottom 70% - Lower Risk
2319103,202606,2026-06-15,0.29978365,0.7292922131631809,Bottom 70% - Lower Risk
2159013,202606,2026-06-15,0.2997185,0.7294103745716649,Bottom 70% - Lower Risk
2209723,202606,2026-06-15,0.299717,0.7295285359801489,Bottom 70% - Lower Risk
2354212,202606,2026-06-15,0.29968658,0.7296466973886329,Bottom 70% - Lower Risk
2277970,202606,2026-06-15,0.2996864,0.7297648587971168,Bottom 70% - Lower Risk
2230653,202606,2026-06-15,0.29965663,0.7298830202056008,Bottom 70% - Lower Risk
2577378,202604,2026-04-15,0.29964426,0.7300011816140849,Bottom 70% - Lower Risk
2265073,202603,2026-03-18,0.2996048,0.7301193430225689,Bottom 70% - Lower Risk
2574098,202606,2026-06-15,0.29958296,0.7302375044310528,Bottom 70% - Lower Risk
2393550,202606,2026-06-15,0.29957458,0.7303556658395368,Bottom 70% - Lower Risk
2304968,202606,2026-06-15,0.29954094,0.7304738272480208,Bottom 70% - Lower Risk
2124998,202606,2026-06-15,0.29942048,0.7305919886565048,Bottom 70% - Lower Risk
2257715,202604,2026-04-15,0.29931164,0.7307101500649887,Bottom 70% - Lower Risk
2273872,202606,2026-06-15,0.29928887,0.7308283114734727,Bottom 70% - Lower Risk
2416401,202606,2026-06-15,0.29928675,0.7309464728819568,Bottom 70% - Lower Risk
2071418,202606,2026-06-15,0.2992689,0.7310646342904408,Bottom 70% - Lower Risk
2076772,202512,2025-12-16,0.29926613,0.7311827956989247,Bottom 70% - Lower Risk
2505919,202606,2026-06-15,0.29919142,0.7313009571074087,Bottom 70% - Lower Risk
2223782,202606,2026-06-15,0.2990708,0.7314191185158927,Bottom 70% - Lower Risk
2332117,202606,2026-06-15,0.29906082,0.7316554413328606,Bottom 70% - Lower Risk
2426200,202606,2026-06-15,0.29906082,0.7315372799243767,Bottom 70% - Lower Risk
2404248,202606,2026-06-15,0.29904914,0.7317736027413447,Bottom 70% - Lower Risk
2165735,202606,2026-06-15,0.2990175,0.7318917641498287,Bottom 70% - Lower Risk
2374755,202606,2026-06-15,0.2989787,0.7320099255583127,Bottom 70% - Lower Risk
2294157,202606,2026-06-15,0.29887578,0.7321280869667967,Bottom 70% - Lower Risk
2056745,202512,2025-12-16,0.29884592,0.7322462483752806,Bottom 70% - Lower Risk
2595520,202606,2026-06-15,0.2988277,0.7323644097837646,Bottom 70% - Lower Risk
2052822,202606,2026-06-15,0.29881305,0.7324825711922486,Bottom 70% - Lower Risk
2503493,202606,2026-06-15,0.29876325,0.7326007326007326,Bottom 70% - Lower Risk
2054052,202606,2026-06-15,0.2987303,0.7327188940092166,Bottom 70% - Lower Risk
2256362,202606,2026-06-15,0.2986475,0.7328370554177006,Bottom 70% - Lower Risk
2092089,202606,2026-06-15,0.29861617,0.7329552168261846,Bottom 70% - Lower Risk
2614931,202606,2026-06-15,0.29853368,0.7330733782346686,Bottom 70% - Lower Risk
2303188,202606,2026-06-15,0.29850325,0.7331915396431525,Bottom 70% - Lower Risk
2569011,202606,2026-06-15,0.2984803,0.7333097010516365,Bottom 70% - Lower Risk
2009305,202606,2026-06-15,0.29840934,0.7334278624601205,Bottom 70% - Lower Risk
2521784,202606,2026-06-15,0.2983335,0.7335460238686046,Bottom 70% - Lower Risk
2233707,202606,2026-06-15,0.29832393,0.7336641852770885,Bottom 70% - Lower Risk
2403618,202606,2026-06-15,0.2982892,0.7337823466855725,Bottom 70% - Lower Risk
2181989,202601,2026-01-15,0.29827654,0.7339005080940565,Bottom 70% - Lower Risk
2192403,202606,2026-06-15,0.29825953,0.7340186695025405,Bottom 70% - Lower Risk
2409853,202606,2026-06-15,0.2982535,0.7342549923195084,Bottom 70% - Lower Risk
2498637,202606,2026-06-15,0.2982535,0.7341368309110244,Bottom 70% - Lower Risk
2210409,202606,2026-06-15,0.2981448,0.7343731537279924,Bottom 70% - Lower Risk
2127588,202606,2026-06-15,0.29809648,0.7344913151364765,Bottom 70% - Lower Risk
2321928,202601,2026-01-15,0.29804933,0.7346094765449604,Bottom 70% - Lower Risk
2388504,202601,2026-01-15,0.29804283,0.7347276379534444,Bottom 70% - Lower Risk
2156746,202606,2026-06-15,0.2980327,0.7348457993619284,Bottom 70% - Lower Risk
2263189,202606,2026-06-15,0.2980155,0.7349639607704124,Bottom 70% - Lower Risk
2186116,202606,2026-06-15,0.2980048,0.7350821221788963,Bottom 70% - Lower Risk
2259353,202606,2026-06-15,0.29796758,0.7352002835873803,Bottom 70% - Lower Risk
2121150,202601,2026-01-15,0.29790074,0.7353184449958643,Bottom 70% - Lower Risk
2480490,202606,2026-06-15,0.29786205,0.7354366064043484,Bottom 70% - Lower Risk
2187352,202606,2026-06-15,0.29777712,0.7355547678128324,Bottom 70% - Lower Risk
2169465,202512,2025-12-16,0.2977633,0.7356729292213163,Bottom 70% - Lower Risk
2148198,202606,2026-06-15,0.29775992,0.7357910906298003,Bottom 70% - Lower Risk
2207464,202606,2026-06-15,0.29775992,0.7359092520382843,Bottom 70% - Lower Risk
2513497,202602,2026-02-15,0.29775327,0.7360274134467683,Bottom 70% - Lower Risk
2119318,202606,2026-06-15,0.2977351,0.7361455748552522,Bottom 70% - Lower Risk
2151941,202606,2026-06-15,0.29771352,0.7362637362637363,Bottom 70% - Lower Risk
2181414,202606,2026-06-15,0.29770568,0.7363818976722203,Bottom 70% - Lower Risk
2193106,202606,2026-06-15,0.29768586,0.7365000590807043,Bottom 70% - Lower Risk
2412995,202606,2026-06-15,0.29763204,0.7366182204891882,Bottom 70% - Lower Risk
2194892,202606,2026-06-15,0.2976165,0.7367363818976722,Bottom 70% - Lower Risk
2571351,202606,2026-06-15,0.29761475,0.7368545433061562,Bottom 70% - Lower Risk
2545011,202603,2026-03-18,0.29760197,0.7369727047146402,Bottom 70% - Lower Risk
2621186,202606,2026-06-15,0.29758212,0.7370908661231241,Bottom 70% - Lower Risk
2432207,202601,2026-01-15,0.29758212,0.7372090275316082,Bottom 70% - Lower Risk
2310576,202606,2026-06-15,0.29756242,0.7373271889400922,Bottom 70% - Lower Risk
2191016,202606,2026-06-15,0.29748866,0.7374453503485762,Bottom 70% - Lower Risk
2404188,202606,2026-06-15,0.29745618,0.7375635117570601,Bottom 70% - Lower Risk
2461311,202602,2026-02-15,0.29744354,0.7376816731655441,Bottom 70% - Lower Risk
2180312,202606,2026-06-15,0.2974181,0.7377998345740281,Bottom 70% - Lower Risk
2274459,202606,2026-06-15,0.2973741,0.7379179959825121,Bottom 70% - Lower Risk
2446208,202606,2026-06-15,0.2973474,0.7380361573909962,Bottom 70% - Lower Risk
2321687,202606,2026-06-15,0.29734734,0.7381543187994801,Bottom 70% - Lower Risk
2494886,202606,2026-06-15,0.2972546,0.7382724802079641,Bottom 70% - Lower Risk
2379371,202606,2026-06-15,0.2972158,0.7383906416164481,Bottom 70% - Lower Risk
2325586,202606,2026-06-15,0.2971902,0.738508803024932,Bottom 70% - Lower Risk
2179481,202606,2026-06-15,0.29718608,0.738626964433416,Bottom 70% - Lower Risk
2576479,202606,2026-06-15,0.2971561,0.738863287250384,Bottom 70% - Lower Risk
2564276,202606,2026-06-15,0.2971561,0.7387451258419,Bottom 70% - Lower Risk
2454139,202606,2026-06-15,0.29712468,0.7389814486588681,Bottom 70% - Lower Risk
2454429,202606,2026-06-15,0.29711998,0.739099610067352,Bottom 70% - Lower Risk
2085957,202606,2026-06-15,0.2971171,0.739217771475836,Bottom 70% - Lower Risk
2559484,202606,2026-06-15,0.2970541,0.73933593288432,Bottom 70% - Lower Risk
2506443,202606,2026-06-15,0.2970541,0.739454094292804,Bottom 70% - Lower Risk
2330851,202606,2026-06-15,0.29701003,0.7395722557012879,Bottom 70% - Lower Risk
2517043,202606,2026-06-15,0.29700425,0.739808578518256,Bottom 70% - Lower Risk
2585217,202606,2026-06-15,0.29700425,0.7396904171097719,Bottom 70% - Lower Risk
2117585,202606,2026-06-15,0.29689386,0.73992673992674,Bottom 70% - Lower Risk
2573698,202604,2026-04-15,0.2968937,0.7400449013352239,Bottom 70% - Lower Risk
2502934,202606,2026-06-15,0.2968823,0.7401630627437079,Bottom 70% - Lower Risk
2085176,202606,2026-06-15,0.29685134,0.7402812241521919,Bottom 70% - Lower Risk
2014856,202606,2026-06-15,0.29673433,0.7403993855606759,Bottom 70% - Lower Risk
2250296,202606,2026-06-15,0.29665947,0.7405175469691598,Bottom 70% - Lower Risk
2249380,202606,2026-06-15,0.29665947,0.7406357083776438,Bottom 70% - Lower Risk
2203544,202606,2026-06-15,0.2965862,0.7407538697861279,Bottom 70% - Lower Risk
2262127,202601,2026-01-15,0.2965848,0.7408720311946119,Bottom 70% - Lower Risk
2266152,202606,2026-06-15,0.29654685,0.7409901926030958,Bottom 70% - Lower Risk
2571431,202606,2026-06-15,0.29646906,0.7411083540115798,Bottom 70% - Lower Risk
2027308,202606,2026-06-15,0.29636642,0.7412265154200638,Bottom 70% - Lower Risk
2436504,202606,2026-06-15,0.29635805,0.7413446768285478,Bottom 70% - Lower Risk
2445095,202606,2026-06-15,0.29625705,0.7414628382370317,Bottom 70% - Lower Risk
2085269,202606,2026-06-15,0.29623574,0.7415809996455158,Bottom 70% - Lower Risk
2617871,202606,2026-06-15,0.29616556,0.7416991610539998,Bottom 70% - Lower Risk
2608689,202606,2026-06-15,0.29615152,0.7418173224624838,Bottom 70% - Lower Risk
2372513,202606,2026-06-15,0.2961466,0.7419354838709677,Bottom 70% - Lower Risk
2569196,202606,2026-06-15,0.29614487,0.7420536452794517,Bottom 70% - Lower Risk
2367696,202606,2026-06-15,0.29611966,0.7421718066879357,Bottom 70% - Lower Risk
2568432,202606,2026-06-15,0.2960995,0.7422899680964197,Bottom 70% - Lower Risk
2124596,202606,2026-06-15,0.29598662,0.7425262909133877,Bottom 70% - Lower Risk
2042741,202606,2026-06-15,0.29598662,0.7424081295049036,Bottom 70% - Lower Risk
2200064,202606,2026-06-15,0.2959658,0.7426444523218717,Bottom 70% - Lower Risk
2622270,202606,2026-06-15,0.2959298,0.7427626137303557,Bottom 70% - Lower Risk
2095959,202606,2026-06-15,0.29588974,0.7428807751388397,Bottom 70% - Lower Risk
2409586,202601,2026-01-15,0.29584882,0.7429989365473236,Bottom 70% - Lower Risk
2477257,202606,2026-06-15,0.2956934,0.7431170979558076,Bottom 70% - Lower Risk
2612536,202606,2026-06-15,0.29554263,0.7432352593642916,Bottom 70% - Lower Risk
2299739,202606,2026-06-15,0.29550192,0.7433534207727757,Bottom 70% - Lower Risk
2492107,202606,2026-06-15,0.29547358,0.7434715821812596,Bottom 70% - Lower Risk
2510895,202606,2026-06-15,0.29544154,0.7435897435897436,Bottom 70% - Lower Risk
2021463,202606,2026-06-15,0.29541028,0.7437079049982276,Bottom 70% - Lower Risk
2093233,202606,2026-06-15,0.29539242,0.7438260664067116,Bottom 70% - Lower Risk
2042630,202606,2026-06-15,0.29537836,0.7439442278151955,Bottom 70% - Lower Risk
2468697,202512,2025-12-16,0.29534778,0.7440623892236795,Bottom 70% - Lower Risk
2134306,202606,2026-06-15,0.29534483,0.7441805506321635,Bottom 70% - Lower Risk
2270403,202606,2026-06-15,0.295336,0.7442987120406476,Bottom 70% - Lower Risk
2486191,202606,2026-06-15,0.29533556,0.7444168734491315,Bottom 70% - Lower Risk
2054749,202606,2026-06-15,0.29527587,0.7445350348576155,Bottom 70% - Lower Risk
2182941,202606,2026-06-15,0.29527438,0.7446531962660995,Bottom 70% - Lower Risk
2234460,202606,2026-06-15,0.29525888,0.7447713576745835,Bottom 70% - Lower Risk
2500936,202606,2026-06-15,0.29523978,0.7448895190830674,Bottom 70% - Lower Risk
2172271,202604,2026-04-15,0.29523602,0.7450076804915514,Bottom 70% - Lower Risk
2515666,202606,2026-06-15,0.2952174,0.7451258419000355,Bottom 70% - Lower Risk
2281932,202606,2026-06-15,0.29500145,0.7452440033085195,Bottom 70% - Lower Risk
2320845,202606,2026-06-15,0.294951,0.7453621647170035,Bottom 70% - Lower Risk
2220563,202606,2026-06-15,0.2949456,0.7454803261254874,Bottom 70% - Lower Risk
2580886,202606,2026-06-15,0.29493874,0.7455984875339714,Bottom 70% - Lower Risk
2088577,202606,2026-06-15,0.29492924,0.7457166489424554,Bottom 70% - Lower Risk
2477510,202606,2026-06-15,0.29487646,0.7458348103509393,Bottom 70% - Lower Risk
2408627,202606,2026-06-15,0.29486373,0.7459529717594233,Bottom 70% - Lower Risk
2426231,202606,2026-06-15,0.29484758,0.7460711331679074,Bottom 70% - Lower Risk
2084418,202606,2026-06-15,0.29483813,0.7461892945763914,Bottom 70% - Lower Risk
2244661,202606,2026-06-15,0.294801,0.7463074559848754,Bottom 70% - Lower Risk
2469087,202602,2026-02-15,0.29479516,0.7464256173933593,Bottom 70% - Lower Risk
2431878,202512,2025-12-16,0.29463872,0.7465437788018433,Bottom 70% - Lower Risk
2016360,202512,2025-12-16,0.29463366,0.7466619402103273,Bottom 70% - Lower Risk
2309972,202606,2026-06-15,0.29461935,0.7467801016188113,Bottom 70% - Lower Risk
2470790,202606,2026-06-15,0.29460108,0.7470164244357793,Bottom 70% - Lower Risk
2548864,202606,2026-06-15,0.29460108,0.7468982630272953,Bottom 70% - Lower Risk
2191598,202601,2026-01-15,0.29459876,0.7471345858442633,Bottom 70% - Lower Risk
2255648,202606,2026-06-15,0.29455477,0.7472527472527473,Bottom 70% - Lower Risk
2470387,202606,2026-06-15,0.29442093,0.7473709086612312,Bottom 70% - Lower Risk
2234169,202606,2026-06-15,0.29441187,0.7474890700697152,Bottom 70% - Lower Risk
2454819,202606,2026-06-15,0.29439664,0.7476072314781992,Bottom 70% - Lower Risk
2034056,202606,2026-06-15,0.29436514,0.7477253928866832,Bottom 70% - Lower Risk
2243502,202606,2026-06-15,0.294219,0.7478435542951672,Bottom 70% - Lower Risk
2391478,202605,2026-05-16,0.29419243,0.7479617157036512,Bottom 70% - Lower Risk
2459578,202606,2026-06-15,0.29411706,0.7480798771121352,Bottom 70% - Lower Risk
2065777,202606,2026-06-15,0.29405642,0.7481980385206192,Bottom 70% - Lower Risk
2071717,202512,2025-12-16,0.294006,0.7483161999291031,Bottom 70% - Lower Risk
2324374,202606,2026-06-15,0.29397106,0.7484343613375871,Bottom 70% - Lower Risk
2317573,202606,2026-06-15,0.29395303,0.7485525227460711,Bottom 70% - Lower Risk
2369698,202606,2026-06-15,0.29387924,0.7486706841545552,Bottom 70% - Lower Risk
2557433,202606,2026-06-15,0.2938613,0.7487888455630392,Bottom 70% - Lower Risk
2219173,202606,2026-06-15,0.29385573,0.7489070069715231,Bottom 70% - Lower Risk
2494112,202512,2025-12-16,0.29382104,0.7490251683800071,Bottom 70% - Lower Risk
2077117,202512,2025-12-16,0.2937201,0.7491433297884911,Bottom 70% - Lower Risk
2478294,202606,2026-06-15,0.29369485,0.749261491196975,Bottom 70% - Lower Risk
2415751,202606,2026-06-15,0.29359484,0.749379652605459,Bottom 70% - Lower Risk
2531882,202606,2026-06-15,0.2935819,0.749497814013943,Bottom 70% - Lower Risk
2531168,202606,2026-06-15,0.29357728,0.7497341368309111,Bottom 70% - Lower Risk
2232328,202606,2026-06-15,0.29357728,0.7496159754224271,Bottom 70% - Lower Risk
2147620,202606,2026-06-15,0.29357728,0.749852298239395,Bottom 70% - Lower Risk
2590681,202606,2026-06-15,0.29352972,0.749970459647879,Bottom 70% - Lower Risk
2540544,202606,2026-06-15,0.29351944,0.750088621056363,Bottom 70% - Lower Risk
2546182,202606,2026-06-15,0.2933653,0.750206782464847,Bottom 70% - Lower Risk
2457398,202606,2026-06-15,0.2933532,0.7503249438733309,Bottom 70% - Lower Risk
2514601,202606,2026-06-15,0.29315186,0.7504431052818149,Bottom 70% - Lower Risk
2179666,202606,2026-06-15,0.2931036,0.7507975895072669,Bottom 70% - Lower Risk
2453438,202606,2026-06-15,0.2931036,0.750561266690299,Bottom 70% - Lower Risk
2087798,202606,2026-06-15,0.2931036,0.750679428098783,Bottom 70% - Lower Risk
2379270,202606,2026-06-15,0.2930729,0.7509157509157509,Bottom 70% - Lower Risk
2046344,202606,2026-06-15,0.29306737,0.7510339123242349,Bottom 70% - Lower Risk
2462202,202606,2026-06-15,0.29296997,0.7511520737327189,Bottom 70% - Lower Risk
2485214,202606,2026-06-15,0.29293114,0.7512702351412028,Bottom 70% - Lower Risk
2465552,202606,2026-06-15,0.29291308,0.7513883965496869,Bottom 70% - Lower Risk
2421651,202606,2026-06-15,0.2929052,0.7515065579581709,Bottom 70% - Lower Risk
2282582,202606,2026-06-15,0.29287758,0.7516247193666549,Bottom 70% - Lower Risk
2188501,202606,2026-06-15,0.29283834,0.7517428807751388,Bottom 70% - Lower Risk
2184341,202606,2026-06-15,0.29278067,0.7518610421836228,Bottom 70% - Lower Risk
2189553,202606,2026-06-15,0.29277563,0.7519792035921068,Bottom 70% - Lower Risk
2378213,202605,2026-05-16,0.29277563,0.7522155264090747,Bottom 70% - Lower Risk
2380073,202606,2026-06-15,0.29277563,0.7520973650005908,Bottom 70% - Lower Risk
2547640,202606,2026-06-15,0.29276955,0.7523336878175588,Bottom 70% - Lower Risk
2254286,202606,2026-06-15,0.29271472,0.7524518492260428,Bottom 70% - Lower Risk
2322400,202601,2026-01-15,0.29269847,0.7525700106345268,Bottom 70% - Lower Risk
2363876,202606,2026-06-15,0.29262006,0.7526881720430108,Bottom 70% - Lower Risk
2175196,202606,2026-06-15,0.29257813,0.7528063334514947,Bottom 70% - Lower Risk
2302689,202606,2026-06-15,0.29256874,0.7529244948599787,Bottom 70% - Lower Risk
2328318,202606,2026-06-15,0.29252228,0.7530426562684627,Bottom 70% - Lower Risk
2391229,202606,2026-06-15,0.29235825,0.7531608176769468,Bottom 70% - Lower Risk
2414423,202606,2026-06-15,0.29235825,0.7532789790854307,Bottom 70% - Lower Risk
2397424,202606,2026-06-15,0.2922741,0.7533971404939147,Bottom 70% - Lower Risk
2262385,202606,2026-06-15,0.2922552,0.7535153019023987,Bottom 70% - Lower Risk
2441488,202606,2026-06-15,0.29218397,0.7536334633108827,Bottom 70% - Lower Risk
2359720,202602,2026-02-15,0.2921328,0.7537516247193666,Bottom 70% - Lower Risk
2089648,202512,2025-12-16,0.2921328,0.7538697861278506,Bottom 70% - Lower Risk
2535285,202606,2026-06-15,0.2918979,0.7539879475363346,Bottom 70% - Lower Risk
2142093,202606,2026-06-15,0.2918979,0.7541061089448187,Bottom 70% - Lower Risk
2341144,202512,2025-12-16,0.29186445,0.7542242703533026,Bottom 70% - Lower Risk
2302679,202606,2026-06-15,0.2918071,0.7543424317617866,Bottom 70% - Lower Risk
2274257,202606,2026-06-15,0.29178992,0.7544605931702706,Bottom 70% - Lower Risk
2267679,202606,2026-06-15,0.29177663,0.7545787545787546,Bottom 70% - Lower Risk
2457702,202606,2026-06-15,0.29171875,0.7546969159872385,Bottom 70% - Lower Risk
2166370,202606,2026-06-15,0.2917129,0.7548150773957225,Bottom 70% - Lower Risk
2258588,202606,2026-06-15,0.29165035,0.7549332388042066,Bottom 70% - Lower Risk
2260553,202606,2026-06-15,0.29164964,0.7550514002126906,Bottom 70% - Lower Risk
2305577,202606,2026-06-15,0.2916107,0.7551695616211745,Bottom 70% - Lower Risk
2546330,202606,2026-06-15,0.29159632,0.7552877230296585,Bottom 70% - Lower Risk
2295942,202606,2026-06-15,0.291505,0.7554058844381425,Bottom 70% - Lower Risk
2210703,202606,2026-06-15,0.2914732,0.7555240458466265,Bottom 70% - Lower Risk
2257750,202606,2026-06-15,0.29128197,0.7556422072551104,Bottom 70% - Lower Risk
2040596,202601,2026-01-15,0.29123318,0.7557603686635944,Bottom 70% - Lower Risk
2211643,202606,2026-06-15,0.2911642,0.7559966914805625,Bottom 70% - Lower Risk
2188135,202606,2026-06-15,0.2911642,0.7558785300720785,Bottom 70% - Lower Risk
2105630,202606,2026-06-15,0.2911544,0.7561148528890465,Bottom 70% - Lower Risk
2031708,202606,2026-06-15,0.29111123,0.7562330142975304,Bottom 70% - Lower Risk
2008482,202606,2026-06-15,0.2910946,0.7563511757060144,Bottom 70% - Lower Risk
2446432,202606,2026-06-15,0.29109454,0.7565874985229823,Bottom 70% - Lower Risk
2086300,202606,2026-06-15,0.29109454,0.7564693371144984,Bottom 70% - Lower Risk
2601508,202606,2026-06-15,0.29094937,0.7567056599314664,Bottom 70% - Lower Risk
2260508,202606,2026-06-15,0.2909109,0.7568238213399504,Bottom 70% - Lower Risk
2582610,202606,2026-06-15,0.29072556,0.7569419827484344,Bottom 70% - Lower Risk
2440974,202603,2026-03-18,0.29069853,0.7570601441569184,Bottom 70% - Lower Risk
2368187,202606,2026-06-15,0.2906399,0.7571783055654023,Bottom 70% - Lower Risk
2091770,202606,2026-06-15,0.2905764,0.7572964669738863,Bottom 70% - Lower Risk
2230404,202606,2026-06-15,0.29056478,0.7574146283823703,Bottom 70% - Lower Risk
2270524,202606,2026-06-15,0.29054412,0.7575327897908543,Bottom 70% - Lower Risk
2440508,202606,2026-06-15,0.2904801,0.7576509511993383,Bottom 70% - Lower Risk
2197716,202606,2026-06-15,0.29044712,0.7577691126078223,Bottom 70% - Lower Risk
2327489,202606,2026-06-15,0.29032356,0.7581235968332742,Bottom 70% - Lower Risk
2373934,202606,2026-06-15,0.29032356,0.7580054354247903,Bottom 70% - Lower Risk
2258266,202606,2026-06-15,0.29032356,0.7578872740163063,Bottom 70% - Lower Risk
2381267,202606,2026-06-15,0.29030535,0.7582417582417582,Bottom 70% - Lower Risk
2282527,202606,2026-06-15,0.29026678,0.7583599196502422,Bottom 70% - Lower Risk
2142246,202606,2026-06-15,0.29017493,0.7584780810587263,Bottom 70% - Lower Risk
2591781,202606,2026-06-15,0.29016024,0.7585962424672102,Bottom 70% - Lower Risk
2506352,202606,2026-06-15,0.29010433,0.7587144038756942,Bottom 70% - Lower Risk
2530256,202602,2026-02-15,0.2901009,0.7588325652841782,Bottom 70% - Lower Risk
2229918,202606,2026-06-15,0.2900894,0.7589507266926622,Bottom 70% - Lower Risk
2095935,202603,2026-03-18,0.2900167,0.7590688881011461,Bottom 70% - Lower Risk
2451729,202606,2026-06-15,0.28999048,0.7591870495096301,Bottom 70% - Lower Risk
2038423,202606,2026-06-15,0.28998172,0.7593052109181141,Bottom 70% - Lower Risk
2140079,202606,2026-06-15,0.28998172,0.7594233723265982,Bottom 70% - Lower Risk
2347835,202606,2026-06-15,0.28997695,0.7595415337350822,Bottom 70% - Lower Risk
2284178,202606,2026-06-15,0.28995845,0.7596596951435661,Bottom 70% - Lower Risk
2142859,202601,2026-01-15,0.2898212,0.7597778565520501,Bottom 70% - Lower Risk
2388317,202606,2026-06-15,0.2896858,0.7598960179605341,Bottom 70% - Lower Risk
2425492,202602,2026-02-15,0.28967375,0.760014179369018,Bottom 70% - Lower Risk
2254815,202512,2025-12-16,0.2896582,0.760132340777502,Bottom 70% - Lower Risk
2198473,202606,2026-06-15,0.28965795,0.7602505021859861,Bottom 70% - Lower Risk
2287976,202606,2026-06-15,0.28964895,0.7603686635944701,Bottom 70% - Lower Risk
2319912,202604,2026-04-15,0.28964505,0.7604868250029541,Bottom 70% - Lower Risk
2529315,202606,2026-06-15,0.2896326,0.760604986411438,Bottom 70% - Lower Risk
2304796,202512,2025-12-16,0.28956932,0.760723147819922,Bottom 70% - Lower Risk
2394086,202606,2026-06-15,0.2894493,0.76095947063689,Bottom 70% - Lower Risk
2432079,202606,2026-06-15,0.2894493,0.760841309228406,Bottom 70% - Lower Risk
2425471,202606,2026-06-15,0.2893795,0.7610776320453739,Bottom 70% - Lower Risk
2073288,202606,2026-06-15,0.28936264,0.761195793453858,Bottom 70% - Lower Risk
2252703,202606,2026-06-15,0.2893517,0.761313954862342,Bottom 70% - Lower Risk
2452112,202603,2026-03-18,0.28930613,0.761432116270826,Bottom 70% - Lower Risk
2302661,202606,2026-06-15,0.28930008,0.7615502776793099,Bottom 70% - Lower Risk
2425918,202602,2026-02-15,0.28917742,0.7616684390877939,Bottom 70% - Lower Risk
2293596,202512,2025-12-16,0.2891604,0.7617866004962779,Bottom 70% - Lower Risk
2125461,202606,2026-06-15,0.28906545,0.7619047619047619,Bottom 70% - Lower Risk
2392270,202606,2026-06-15,0.2890607,0.762022923313246,Bottom 70% - Lower Risk
2528738,202606,2026-06-15,0.28904185,0.7621410847217299,Bottom 70% - Lower Risk
2606165,202606,2026-06-15,0.2890418,0.7622592461302139,Bottom 70% - Lower Risk
2572607,202606,2026-06-15,0.2890418,0.7623774075386979,Bottom 70% - Lower Risk
2121609,202606,2026-06-15,0.2889556,0.7624955689471818,Bottom 70% - Lower Risk
2215638,202606,2026-06-15,0.2889556,0.7626137303556658,Bottom 70% - Lower Risk
2161771,202606,2026-06-15,0.2889389,0.7627318917641498,Bottom 70% - Lower Risk
2070857,202606,2026-06-15,0.2889298,0.7628500531726338,Bottom 70% - Lower Risk
2081451,202606,2026-06-15,0.28890055,0.7629682145811179,Bottom 70% - Lower Risk
2483981,202605,2026-05-16,0.2888823,0.7630863759896018,Bottom 70% - Lower Risk
2188286,202606,2026-06-15,0.28888074,0.7632045373980858,Bottom 70% - Lower Risk
2493235,202606,2026-06-15,0.28887826,0.7633226988065698,Bottom 70% - Lower Risk
2499232,202606,2026-06-15,0.28876802,0.7634408602150538,Bottom 70% - Lower Risk
2071483,202606,2026-06-15,0.28876802,0.7635590216235377,Bottom 70% - Lower Risk
2496298,202606,2026-06-15,0.28867266,0.7636771830320217,Bottom 70% - Lower Risk
2445342,202606,2026-06-15,0.2886532,0.7637953444405058,Bottom 70% - Lower Risk
2214196,202606,2026-06-15,0.28864437,0.7639135058489898,Bottom 70% - Lower Risk
2108256,202606,2026-06-15,0.28862217,0.7641498286659577,Bottom 70% - Lower Risk
2458669,202606,2026-06-15,0.28862217,0.7640316672574737,Bottom 70% - Lower Risk
2107061,202512,2025-12-16,0.28858742,0.7642679900744417,Bottom 70% - Lower Risk
2592530,202606,2026-06-15,0.28858036,0.7643861514829257,Bottom 70% - Lower Risk
2251196,202512,2025-12-16,0.28854764,0.7645043128914096,Bottom 70% - Lower Risk
2320512,202606,2026-06-15,0.2885342,0.7646224742998936,Bottom 70% - Lower Risk
2495894,202601,2026-01-15,0.28853002,0.7647406357083777,Bottom 70% - Lower Risk
2024777,202606,2026-06-15,0.28838992,0.7648587971168617,Bottom 70% - Lower Risk
2487577,202606,2026-06-15,0.288346,0.7649769585253456,Bottom 70% - Lower Risk
2456742,202606,2026-06-15,0.28831452,0.7650951199338296,Bottom 70% - Lower Risk
2203131,202606,2026-06-15,0.2882987,0.7652132813423136,Bottom 70% - Lower Risk
2523194,202606,2026-06-15,0.28827697,0.7653314427507976,Bottom 70% - Lower Risk
2125254,202606,2026-06-15,0.28826648,0.7654496041592815,Bottom 70% - Lower Risk
2338146,202606,2026-06-15,0.28824338,0.7655677655677655,Bottom 70% - Lower Risk
2558460,202606,2026-06-15,0.28822732,0.7656859269762496,Bottom 70% - Lower Risk
2585364,202606,2026-06-15,0.288224,0.7658040883847336,Bottom 70% - Lower Risk
2418908,202606,2026-06-15,0.28819227,0.7659222497932175,Bottom 70% - Lower Risk
2517148,202602,2026-02-15,0.28817397,0.7660404112017015,Bottom 70% - Lower Risk
2155163,202606,2026-06-15,0.28816846,0.7661585726101855,Bottom 70% - Lower Risk
2094261,202606,2026-06-15,0.28814945,0.7662767340186695,Bottom 70% - Lower Risk
2294971,202606,2026-06-15,0.28812557,0.7663948954271534,Bottom 70% - Lower Risk
2558725,202606,2026-06-15,0.2881062,0.7665130568356375,Bottom 70% - Lower Risk
2057788,202606,2026-06-15,0.28808904,0.7666312182441215,Bottom 70% - Lower Risk
2049265,202606,2026-06-15,0.28806555,0.7668675410610895,Bottom 70% - Lower Risk
2620199,202606,2026-06-15,0.28806555,0.7667493796526055,Bottom 70% - Lower Risk
2455943,202606,2026-06-15,0.2880513,0.7669857024695734,Bottom 70% - Lower Risk
2168958,202606,2026-06-15,0.2880361,0.7671038638780574,Bottom 70% - Lower Risk
2461204,202606,2026-06-15,0.28801486,0.7672220252865414,Bottom 70% - Lower Risk
2458047,202606,2026-06-15,0.28794205,0.7673401866950254,Bottom 70% - Lower Risk
2445010,202606,2026-06-15,0.28793037,0.7674583481035094,Bottom 70% - Lower Risk
2479589,202606,2026-06-15,0.2878997,0.7675765095119934,Bottom 70% - Lower Risk
2260053,202606,2026-06-15,0.28783968,0.7676946709204774,Bottom 70% - Lower Risk
2136966,202606,2026-06-15,0.2878324,0.7678128323289614,Bottom 70% - Lower Risk
2508844,202606,2026-06-15,0.28780493,0.7679309937374453,Bottom 70% - Lower Risk
2109441,202605,2026-05-16,0.28779516,0.7680491551459293,Bottom 70% - Lower Risk
2074349,202606,2026-06-15,0.28778693,0.7681673165544133,Bottom 70% - Lower Risk
2579794,202606,2026-06-15,0.28774706,0.7682854779628974,Bottom 70% - Lower Risk
2504590,202606,2026-06-15,0.28773776,0.7684036393713813,Bottom 70% - Lower Risk
2238839,202601,2026-01-15,0.28771746,0.7685218007798653,Bottom 70% - Lower Risk
2402819,202606,2026-06-15,0.2876528,0.7686399621883493,Bottom 70% - Lower Risk
2442255,202606,2026-06-15,0.28764457,0.7687581235968333,Bottom 70% - Lower Risk
2503760,202606,2026-06-15,0.28762168,0.7688762850053172,Bottom 70% - Lower Risk
2172271,202601,2026-01-15,0.28756556,0.7689944464138012,Bottom 70% - Lower Risk
2533800,202606,2026-06-15,0.28751603,0.7691126078222852,Bottom 70% - Lower Risk
2322949,202606,2026-06-15,0.28748325,0.7692307692307693,Bottom 70% - Lower Risk
2304444,202606,2026-06-15,0.28745878,0.7693489306392532,Bottom 70% - Lower Risk
2621014,202606,2026-06-15,0.28743908,0.7694670920477372,Bottom 70% - Lower Risk
2541665,202606,2026-06-15,0.28740415,0.7695852534562212,Bottom 70% - Lower Risk
2165494,202606,2026-06-15,0.28740072,0.7697034148647052,Bottom 70% - Lower Risk
2248945,202606,2026-06-15,0.28737986,0.7698215762731891,Bottom 70% - Lower Risk
2489069,202606,2026-06-15,0.28733918,0.7699397376816731,Bottom 70% - Lower Risk
2336116,202601,2026-01-15,0.28727916,0.7700578990901572,Bottom 70% - Lower Risk
2361261,202606,2026-06-15,0.28726557,0.7701760604986412,Bottom 70% - Lower Risk
2263432,202606,2026-06-15,0.28723654,0.7702942219071252,Bottom 70% - Lower Risk
2188019,202606,2026-06-15,0.2872192,0.7704123833156091,Bottom 70% - Lower Risk
2121070,202601,2026-01-15,0.28719798,0.7705305447240931,Bottom 70% - Lower Risk
2449253,202606,2026-06-15,0.287186,0.770766867541061,Bottom 70% - Lower Risk
2491073,202602,2026-02-15,0.287186,0.7706487061325771,Bottom 70% - Lower Risk
2563874,202606,2026-06-15,0.28711337,0.770885028949545,Bottom 70% - Lower Risk
2112899,202606,2026-06-15,0.28706563,0.7710031903580291,Bottom 70% - Lower Risk
2008594,202602,2026-02-15,0.28705654,0.7711213517665131,Bottom 70% - Lower Risk
2438117,202606,2026-06-15,0.28705427,0.7712395131749971,Bottom 70% - Lower Risk
2375245,202606,2026-06-15,0.28704548,0.771475835991965,Bottom 70% - Lower Risk
2531549,202606,2026-06-15,0.28704548,0.771357674583481,Bottom 70% - Lower Risk
2253913,202606,2026-06-15,0.28703052,0.771593997400449,Bottom 70% - Lower Risk
2122214,202606,2026-06-15,0.28698888,0.771712158808933,Bottom 70% - Lower Risk
2233850,202606,2026-06-15,0.2869192,0.771830320217417,Bottom 70% - Lower Risk
2234356,202606,2026-06-15,0.28686708,0.771948481625901,Bottom 70% - Lower Risk
2166077,202601,2026-01-15,0.28686017,0.772066643034385,Bottom 70% - Lower Risk
2341710,202606,2026-06-15,0.28684622,0.772184804442869,Bottom 70% - Lower Risk
2316847,202606,2026-06-15,0.28681365,0.7723029658513529,Bottom 70% - Lower Risk
2028375,202606,2026-06-15,0.28676277,0.7724211272598369,Bottom 70% - Lower Risk
2453597,202606,2026-06-15,0.28672394,0.7725392886683209,Bottom 70% - Lower Risk
2183042,202606,2026-06-15,0.28670898,0.7726574500768049,Bottom 70% - Lower Risk
2237987,202602,2026-02-15,0.2866792,0.772775611485289,Bottom 70% - Lower Risk
2286563,202606,2026-06-15,0.28666538,0.7728937728937729,Bottom 70% - Lower Risk
2282811,202601,2026-01-15,0.28660834,0.7730119343022569,Bottom 70% - Lower Risk
2312907,202606,2026-06-15,0.2865285,0.7731300957107409,Bottom 70% - Lower Risk
2361001,202606,2026-06-15,0.28640765,0.7732482571192248,Bottom 70% - Lower Risk
2062699,202606,2026-06-15,0.28633946,0.7733664185277088,Bottom 70% - Lower Risk
2224028,202606,2026-06-15,0.28629464,0.7734845799361928,Bottom 70% - Lower Risk
2220477,202606,2026-06-15,0.28621447,0.7736027413446769,Bottom 70% - Lower Risk
2362151,202606,2026-06-15,0.28616273,0.7737209027531609,Bottom 70% - Lower Risk
2544238,202606,2026-06-15,0.28606954,0.7738390641616448,Bottom 70% - Lower Risk
2528774,202606,2026-06-15,0.28595448,0.7739572255701288,Bottom 70% - Lower Risk
2488058,202606,2026-06-15,0.2859311,0.7740753869786128,Bottom 70% - Lower Risk
2314020,202606,2026-06-15,0.28593084,0.7741935483870968,Bottom 70% - Lower Risk
2463494,202606,2026-06-15,0.2858719,0.7743117097955807,Bottom 70% - Lower Risk
2600763,202606,2026-06-15,0.28587082,0.7744298712040647,Bottom 70% - Lower Risk
2458281,202602,2026-02-15,0.28580633,0.7745480326125488,Bottom 70% - Lower Risk
2166658,202603,2026-03-18,0.28574726,0.7746661940210328,Bottom 70% - Lower Risk
2503539,202606,2026-06-15,0.28573403,0.7747843554295167,Bottom 70% - Lower Risk
2425119,202606,2026-06-15,0.2857093,0.7749025168380007,Bottom 70% - Lower Risk
2082447,202606,2026-06-15,0.2856237,0.7750206782464847,Bottom 70% - Lower Risk
2211740,202606,2026-06-15,0.28561485,0.7751388396549687,Bottom 70% - Lower Risk
2065944,202606,2026-06-15,0.28560334,0.7752570010634526,Bottom 70% - Lower Risk
2417340,202606,2026-06-15,0.28558698,0.7753751624719367,Bottom 70% - Lower Risk
2473337,202606,2026-06-15,0.28556782,0.7754933238804207,Bottom 70% - Lower Risk
2313943,202606,2026-06-15,0.28553528,0.7756114852889047,Bottom 70% - Lower Risk
2593043,202606,2026-06-15,0.28553066,0.7757296466973886,Bottom 70% - Lower Risk
2008601,202606,2026-06-15,0.2854943,0.7758478081058726,Bottom 70% - Lower Risk
2394460,202606,2026-06-15,0.28546283,0.7759659695143566,Bottom 70% - Lower Risk
2069765,202606,2026-06-15,0.2854368,0.7760841309228406,Bottom 70% - Lower Risk
2234222,202606,2026-06-15,0.28543627,0.7762022923313245,Bottom 70% - Lower Risk
2521725,202606,2026-06-15,0.28536475,0.7763204537398086,Bottom 70% - Lower Risk
2520787,202606,2026-06-15,0.28524604,0.7764386151482926,Bottom 70% - Lower Risk
2278990,202606,2026-06-15,0.28523406,0.7765567765567766,Bottom 70% - Lower Risk
2194178,202606,2026-06-15,0.28522193,0.7766749379652605,Bottom 70% - Lower Risk
2602690,202606,2026-06-15,0.28506535,0.7767930993737445,Bottom 70% - Lower Risk
2097793,202606,2026-06-15,0.28506082,0.7769112607822285,Bottom 70% - Lower Risk
2282814,202606,2026-06-15,0.28505585,0.7770294221907125,Bottom 70% - Lower Risk
2497577,202606,2026-06-15,0.28499386,0.7771475835991966,Bottom 70% - Lower Risk
2065666,202606,2026-06-15,0.28490457,0.7779747134585844,Bottom 70% - Lower Risk
2424303,202606,2026-06-15,0.28490457,0.7775020678246485,Bottom 70% - Lower Risk
2142799,202606,2026-06-15,0.28490457,0.7777383906416164,Bottom 70% - Lower Risk
2537599,202606,2026-06-15,0.28490457,0.7780928748670685,Bottom 70% - Lower Risk
2285479,202606,2026-06-15,0.28490457,0.7776202292331325,Bottom 70% - Lower Risk
2272110,202606,2026-06-15,0.28490457,0.7773839064161645,Bottom 70% - Lower Risk
2406327,202606,2026-06-15,0.28490457,0.7778565520501004,Bottom 70% - Lower Risk
2047238,202606,2026-06-15,0.28490457,0.7772657450076805,Bottom 70% - Lower Risk
2250137,202606,2026-06-15,0.28490457,0.7784473590925204,Bottom 70% - Lower Risk
2214643,202606,2026-06-15,0.28490457,0.7783291976840364,Bottom 70% - Lower Risk
2547286,202606,2026-06-15,0.28490457,0.7782110362755524,Bottom 70% - Lower Risk
2498023,202606,2026-06-15,0.28489372,0.7785655205010044,Bottom 70% - Lower Risk
2194781,202605,2026-05-16,0.28488708,0.7786836819094883,Bottom 70% - Lower Risk
2385270,202606,2026-06-15,0.28467357,0.7788018433179723,Bottom 70% - Lower Risk
2456670,202606,2026-06-15,0.2846025,0.7789200047264564,Bottom 70% - Lower Risk
2408252,202601,2026-01-15,0.2845351,0.7790381661349404,Bottom 70% - Lower Risk
2162980,202606,2026-06-15,0.28450936,0.7792744889519083,Bottom 70% - Lower Risk
2521217,202606,2026-06-15,0.28450936,0.7791563275434243,Bottom 70% - Lower Risk
2419678,202606,2026-06-15,0.28446656,0.7793926503603923,Bottom 70% - Lower Risk
2234506,202602,2026-02-15,0.28438002,0.7795108117688763,Bottom 70% - Lower Risk
2615351,202606,2026-06-15,0.2842794,0.7796289731773602,Bottom 70% - Lower Risk
2532338,202606,2026-06-15,0.28427643,0.7797471345858442,Bottom 70% - Lower Risk
2305014,202602,2026-02-15,0.28426376,0.7798652959943283,Bottom 70% - Lower Risk
2209499,202606,2026-06-15,0.28419983,0.7799834574028123,Bottom 70% - Lower Risk
2525442,202606,2026-06-15,0.28415406,0.7801016188112962,Bottom 70% - Lower Risk
2619594,202606,2026-06-15,0.28412756,0.7802197802197802,Bottom 70% - Lower Risk
2378213,202602,2026-02-15,0.28412643,0.7803379416282642,Bottom 70% - Lower Risk
2398215,202604,2026-04-15,0.2841166,0.7804561030367482,Bottom 70% - Lower Risk
2524658,202606,2026-06-15,0.28411123,0.7805742644452321,Bottom 70% - Lower Risk
2496528,202606,2026-06-15,0.28402328,0.7806924258537161,Bottom 70% - Lower Risk
2112668,202603,2026-03-18,0.28401303,0.7808105872622002,Bottom 70% - Lower Risk
2314827,202606,2026-06-15,0.28394416,0.7809287486706842,Bottom 70% - Lower Risk
2521412,202606,2026-06-15,0.2839385,0.7810469100791682,Bottom 70% - Lower Risk
2332240,202606,2026-06-15,0.2838848,0.7811650714876521,Bottom 70% - Lower Risk
2375864,202606,2026-06-15,0.2838848,0.7812832328961361,Bottom 70% - Lower Risk
2185723,202606,2026-06-15,0.2838723,0.7814013943046201,Bottom 70% - Lower Risk
2098263,202606,2026-06-15,0.283845,0.781519555713104,Bottom 70% - Lower Risk
2345245,202606,2026-06-15,0.28382984,0.7816377171215881,Bottom 70% - Lower Risk
2445662,202606,2026-06-15,0.2838174,0.7817558785300721,Bottom 70% - Lower Risk
2549162,202606,2026-06-15,0.28379744,0.7818740399385561,Bottom 70% - Lower Risk
2359825,202606,2026-06-15,0.28341922,0.7819922013470401,Bottom 70% - Lower Risk
2600287,202606,2026-06-15,0.28339696,0.782110362755524,Bottom 70% - Lower Risk
2431674,202606,2026-06-15,0.28327963,0.782228524164008,Bottom 70% - Lower Risk
2463077,202606,2026-06-15,0.28327116,0.782346685572492,Bottom 70% - Lower Risk
2528334,202606,2026-06-15,0.2832353,0.782464846980976,Bottom 70% - Lower Risk
2258687,202606,2026-06-15,0.28322724,0.78258300838946,Bottom 70% - Lower Risk
2263848,202606,2026-06-15,0.2831044,0.782701169797944,Bottom 70% - Lower Risk
2073951,202606,2026-06-15,0.28304604,0.782819331206428,Bottom 70% - Lower Risk
2483186,202606,2026-06-15,0.28299153,0.782937492614912,Bottom 70% - Lower Risk
2166974,202606,2026-06-15,0.28296092,0.7830556540233959,Bottom 70% - Lower Risk
2480319,202606,2026-06-15,0.28295496,0.7831738154318799,Bottom 70% - Lower Risk
2460368,202606,2026-06-15,0.2829122,0.7832919768403639,Bottom 70% - Lower Risk
2221331,202606,2026-06-15,0.2828245,0.783410138248848,Bottom 70% - Lower Risk
2144119,202606,2026-06-15,0.28282085,0.783528299657332,Bottom 70% - Lower Risk
2303849,202601,2026-01-15,0.2827835,0.7836464610658159,Bottom 70% - Lower Risk
2419314,202606,2026-06-15,0.28278288,0.7837646224742999,Bottom 70% - Lower Risk
2597780,202606,2026-06-15,0.28275347,0.7838827838827839,Bottom 70% - Lower Risk
2143452,202606,2026-06-15,0.28274792,0.7840009452912678,Bottom 70% - Lower Risk
2112013,202606,2026-06-15,0.282743,0.7841191066997518,Bottom 70% - Lower Risk
2292675,202606,2026-06-15,0.282743,0.7842372681082358,Bottom 70% - Lower Risk
2547454,202602,2026-02-15,0.28270504,0.7843554295167199,Bottom 70% - Lower Risk
2141129,202606,2026-06-15,0.2827034,0.7844735909252039,Bottom 70% - Lower Risk
2392425,202512,2025-12-16,0.28260076,0.7845917523336878,Bottom 70% - Lower Risk
2457866,202606,2026-06-15,0.28259885,0.7847099137421718,Bottom 70% - Lower Risk
2184450,202604,2026-04-15,0.28259325,0.7848280751506558,Bottom 70% - Lower Risk
2314328,202512,2025-12-16,0.2825918,0.7849462365591398,Bottom 70% - Lower Risk
2506866,202606,2026-06-15,0.28250602,0.7850643979676237,Bottom 70% - Lower Risk
2460542,202606,2026-06-15,0.28250217,0.7851825593761078,Bottom 70% - Lower Risk
2282552,202606,2026-06-15,0.28242445,0.7853007207845918,Bottom 70% - Lower Risk
2131608,202606,2026-06-15,0.2823857,0.7854188821930758,Bottom 70% - Lower Risk
2558086,202606,2026-06-15,0.28211942,0.7855370436015597,Bottom 70% - Lower Risk
2583025,202606,2026-06-15,0.28208333,0.7856552050100437,Bottom 70% - Lower Risk
2457884,202606,2026-06-15,0.2820563,0.7857733664185277,Bottom 70% - Lower Risk
2222925,202606,2026-06-15,0.28201115,0.7858915278270117,Bottom 70% - Lower Risk
2214224,202606,2026-06-15,0.2819727,0.7860096892354956,Bottom 70% - Lower Risk
2043651,202606,2026-06-15,0.2819208,0.7862460120524637,Bottom 70% - Lower Risk
2172308,202606,2026-06-15,0.2819208,0.7861278506439797,Bottom 70% - Lower Risk
2323462,202606,2026-06-15,0.28188634,0.7863641734609477,Bottom 70% - Lower Risk
2238344,202606,2026-06-15,0.2818706,0.7864823348694316,Bottom 70% - Lower Risk
2533806,202606,2026-06-15,0.28186488,0.7866004962779156,Bottom 70% - Lower Risk
2448470,202606,2026-06-15,0.28185365,0.7867186576863996,Bottom 70% - Lower Risk
2089903,202606,2026-06-15,0.28178984,0.7868368190948836,Bottom 70% - Lower Risk
2232191,202606,2026-06-15,0.28175905,0.7869549805033677,Bottom 70% - Lower Risk
2483981,202601,2026-01-15,0.2817362,0.7870731419118516,Bottom 70% - Lower Risk
2521366,202606,2026-06-15,0.2816737,0.7871913033203356,Bottom 70% - Lower Risk
2028346,202606,2026-06-15,0.28162396,0.7873094647288196,Bottom 70% - Lower Risk
2152143,202606,2026-06-15,0.28156996,0.7874276261373035,Bottom 70% - Lower Risk
2173855,202606,2026-06-15,0.28152144,0.7875457875457875,Bottom 70% - Lower Risk
2153370,202606,2026-06-15,0.28147545,0.7876639489542715,Bottom 70% - Lower Risk
2015161,202606,2026-06-15,0.28125814,0.7877821103627555,Bottom 70% - Lower Risk
2224978,202606,2026-06-15,0.28124055,0.7879002717712396,Bottom 70% - Lower Risk
2157767,202606,2026-06-15,0.28123862,0.7880184331797235,Bottom 70% - Lower Risk
2279825,202606,2026-06-15,0.2812162,0.7882547559966915,Bottom 70% - Lower Risk
2215440,202606,2026-06-15,0.2812162,0.7881365945882075,Bottom 70% - Lower Risk
2536231,202606,2026-06-15,0.2812162,0.7883729174051755,Bottom 70% - Lower Risk
2563135,202606,2026-06-15,0.28117037,0.7884910788136594,Bottom 70% - Lower Risk
2305923,202606,2026-06-15,0.28087923,0.7886092402221434,Bottom 70% - Lower Risk
2260927,202606,2026-06-15,0.28081742,0.7887274016306275,Bottom 70% - Lower Risk
2341289,202603,2026-03-18,0.28081447,0.7888455630391115,Bottom 70% - Lower Risk
2221581,202606,2026-06-15,0.2808086,0.7889637244475954,Bottom 70% - Lower Risk
2168018,202606,2026-06-15,0.2808086,0.7890818858560794,Bottom 70% - Lower Risk
2313439,202606,2026-06-15,0.28078625,0.7892000472645634,Bottom 70% - Lower Risk
2454950,202606,2026-06-15,0.2807273,0.7893182086730474,Bottom 70% - Lower Risk
2049214,202606,2026-06-15,0.28072044,0.7894363700815313,Bottom 70% - Lower Risk
2522222,202606,2026-06-15,0.28071055,0.7895545314900153,Bottom 70% - Lower Risk
2280631,202606,2026-06-15,0.28070757,0.7896726928984994,Bottom 70% - Lower Risk
2306960,202601,2026-01-15,0.2806257,0.7899090157154673,Bottom 70% - Lower Risk
2468648,202606,2026-06-15,0.2806257,0.7897908543069834,Bottom 70% - Lower Risk
2147589,202606,2026-06-15,0.28061584,0.7900271771239513,Bottom 70% - Lower Risk
2120327,202606,2026-06-15,0.28047547,0.7901453385324353,Bottom 70% - Lower Risk
2297145,202512,2025-12-16,0.28046554,0.7902634999409193,Bottom 70% - Lower Risk
2009297,202606,2026-06-15,0.2804508,0.7903816613494032,Bottom 70% - Lower Risk
2094129,202606,2026-06-15,0.28044066,0.7904998227578873,Bottom 70% - Lower Risk
2180824,202606,2026-06-15,0.2804201,0.7906179841663713,Bottom 70% - Lower Risk
2168628,202606,2026-06-15,0.2803814,0.7907361455748553,Bottom 70% - Lower Risk
2144035,202606,2026-06-15,0.28031436,0.7908543069833393,Bottom 70% - Lower Risk
2047250,202606,2026-06-15,0.28026617,0.7909724683918232,Bottom 70% - Lower Risk
2258482,202606,2026-06-15,0.2802337,0.7910906298003072,Bottom 70% - Lower Risk
2040175,202606,2026-06-15,0.2802127,0.7912087912087912,Bottom 70% - Lower Risk
2438136,202606,2026-06-15,0.2801944,0.7913269526172751,Bottom 70% - Lower Risk
2440042,202606,2026-06-15,0.2801944,0.7914451140257592,Bottom 70% - Lower Risk
2501510,202606,2026-06-15,0.28016782,0.7915632754342432,Bottom 70% - Lower Risk
2109348,202606,2026-06-15,0.2801215,0.7916814368427272,Bottom 70% - Lower Risk
2231445,202606,2026-06-15,0.28009778,0.7917995982512112,Bottom 70% - Lower Risk
2264080,202606,2026-06-15,0.28006485,0.7919177596596951,Bottom 70% - Lower Risk
2516256,202601,2026-01-15,0.27999952,0.7920359210681791,Bottom 70% - Lower Risk
2154353,202606,2026-06-15,0.27995256,0.7921540824766631,Bottom 70% - Lower Risk
2450246,202606,2026-06-15,0.2798648,0.7922722438851472,Bottom 70% - Lower Risk
2303887,202606,2026-06-15,0.2798465,0.7923904052936311,Bottom 70% - Lower Risk
2107661,202606,2026-06-15,0.2798465,0.7926267281105991,Bottom 70% - Lower Risk
2212416,202606,2026-06-15,0.2798465,0.7925085667021151,Bottom 70% - Lower Risk
2457997,202601,2026-01-15,0.2797946,0.7927448895190831,Bottom 70% - Lower Risk
2560679,202606,2026-06-15,0.2797835,0.792863050927567,Bottom 70% - Lower Risk
2604146,202606,2026-06-15,0.27973485,0.792981212336051,Bottom 70% - Lower Risk
2086659,202606,2026-06-15,0.27972597,0.793099373744535,Bottom 70% - Lower Risk
2311614,202606,2026-06-15,0.27972597,0.7932175351530191,Bottom 70% - Lower Risk
2274040,202606,2026-06-15,0.2797206,0.793335696561503,Bottom 70% - Lower Risk
2175154,202606,2026-06-15,0.2797112,0.793453857969987,Bottom 70% - Lower Risk
2410308,202606,2026-06-15,0.2797112,0.793572019378471,Bottom 70% - Lower Risk
2191053,202606,2026-06-15,0.2797112,0.793690180786955,Bottom 70% - Lower Risk
2388984,202606,2026-06-15,0.27970743,0.7938083421954389,Bottom 70% - Lower Risk
2084423,202606,2026-06-15,0.27967674,0.7939265036039229,Bottom 70% - Lower Risk
2424506,202606,2026-06-15,0.2796581,0.794044665012407,Bottom 70% - Lower Risk
2238513,202606,2026-06-15,0.2796376,0.794162826420891,Bottom 70% - Lower Risk
2168423,202606,2026-06-15,0.27957723,0.794280987829375,Bottom 70% - Lower Risk
2289286,202606,2026-06-15,0.27952814,0.7943991492378589,Bottom 70% - Lower Risk
2526370,202606,2026-06-15,0.27952814,0.7946354720548269,Bottom 70% - Lower Risk
2226582,202606,2026-06-15,0.27952814,0.7945173106463429,Bottom 70% - Lower Risk
2241436,202606,2026-06-15,0.2795278,0.7947536334633108,Bottom 70% - Lower Risk
2580207,202606,2026-06-15,0.27946404,0.7948717948717948,Bottom 70% - Lower Risk
2507198,202603,2026-03-18,0.27945164,0.7949899562802789,Bottom 70% - Lower Risk
2453675,202606,2026-06-15,0.2793987,0.7951081176887629,Bottom 70% - Lower Risk
2032798,202606,2026-06-15,0.2793987,0.7952262790972469,Bottom 70% - Lower Risk
2081539,202606,2026-06-15,0.279397,0.7953444405057308,Bottom 70% - Lower Risk
2213476,202606,2026-06-15,0.27938995,0.7954626019142148,Bottom 70% - Lower Risk
2598592,202606,2026-06-15,0.27933115,0.7955807633226988,Bottom 70% - Lower Risk
2396538,202606,2026-06-15,0.2793041,0.7956989247311828,Bottom 70% - Lower Risk
2169667,202606,2026-06-15,0.27923355,0.7958170861396667,Bottom 70% - Lower Risk
2242562,202606,2026-06-15,0.27923355,0.7959352475481508,Bottom 70% - Lower Risk
2338138,202606,2026-06-15,0.27923355,0.7960534089566348,Bottom 70% - Lower Risk
2157903,202601,2026-01-15,0.27922806,0.7961715703651188,Bottom 70% - Lower Risk
2470068,202604,2026-04-15,0.27922752,0.7962897317736027,Bottom 70% - Lower Risk
2206786,202606,2026-06-15,0.27921525,0.7964078931820867,Bottom 70% - Lower Risk
2297934,202606,2026-06-15,0.27917388,0.7965260545905707,Bottom 70% - Lower Risk
2131620,202606,2026-06-15,0.27912718,0.7966442159990547,Bottom 70% - Lower Risk
2274281,202606,2026-06-15,0.27906165,0.7967623774075387,Bottom 70% - Lower Risk
2368595,202606,2026-06-15,0.27902952,0.7968805388160227,Bottom 70% - Lower Risk
2410069,202606,2026-06-15,0.27901727,0.7969987002245067,Bottom 70% - Lower Risk
2158738,202606,2026-06-15,0.27895072,0.7971168616329907,Bottom 70% - Lower Risk
2040858,202606,2026-06-15,0.27894756,0.7972350230414746,Bottom 70% - Lower Risk
2239036,202606,2026-06-15,0.27894476,0.7973531844499586,Bottom 70% - Lower Risk
2542671,202606,2026-06-15,0.2789315,0.7974713458584426,Bottom 70% - Lower Risk
2518327,202603,2026-03-18,0.278848,0.7975895072669266,Bottom 70% - Lower Risk
2517837,202606,2026-06-15,0.27875584,0.7977076686754107,Bottom 70% - Lower Risk
2527567,202606,2026-06-15,0.27874008,0.7978258300838946,Bottom 70% - Lower Risk
2241330,202512,2025-12-16,0.27873257,0.7979439914923786,Bottom 70% - Lower Risk
2337049,202606,2026-06-15,0.27871293,0.7980621529008626,Bottom 70% - Lower Risk
2139855,202606,2026-06-15,0.27871206,0.7981803143093466,Bottom 70% - Lower Risk
2319309,202606,2026-06-15,0.27869734,0.7982984757178305,Bottom 70% - Lower Risk
2123408,202606,2026-06-15,0.27868956,0.7985347985347986,Bottom 70% - Lower Risk
2097745,202606,2026-06-15,0.27868956,0.7984166371263145,Bottom 70% - Lower Risk
2622771,202606,2026-06-15,0.27861518,0.7986529599432826,Bottom 70% - Lower Risk
2025432,202606,2026-06-15,0.27858406,0.7987711213517665,Bottom 70% - Lower Risk
2152154,202606,2026-06-15,0.2785321,0.7988892827602505,Bottom 70% - Lower Risk
2532124,202606,2026-06-15,0.27852112,0.7990074441687345,Bottom 70% - Lower Risk
2291558,202606,2026-06-15,0.2784677,0.7991256055772185,Bottom 70% - Lower Risk
2276498,202606,2026-06-15,0.27846512,0.7992437669857024,Bottom 70% - Lower Risk
2524786,202606,2026-06-15,0.27844217,0.7993619283941864,Bottom 70% - Lower Risk
2311329,202606,2026-06-15,0.27834,0.7994800898026705,Bottom 70% - Lower Risk
2265064,202606,2026-06-15,0.2783109,0.7995982512111545,Bottom 70% - Lower Risk
2554825,202606,2026-06-15,0.27830377,0.7997164126196384,Bottom 70% - Lower Risk
2514780,202606,2026-06-15,0.2782926,0.7998345740281224,Bottom 70% - Lower Risk
2256687,202606,2026-06-15,0.27819288,0.7999527354366064,Bottom 70% - Lower Risk
2152174,202606,2026-06-15,0.2781915,0.8000708968450904,Bottom 70% - Lower Risk
2248839,202606,2026-06-15,0.27808353,0.8001890582535743,Bottom 70% - Lower Risk
2516417,202606,2026-06-15,0.27806997,0.8003072196620584,Bottom 70% - Lower Risk
2389637,202606,2026-06-15,0.27803802,0.8004253810705424,Bottom 70% - Lower Risk
2470871,202606,2026-06-15,0.27800816,0.8005435424790264,Bottom 70% - Lower Risk
2187699,202606,2026-06-15,0.27800053,0.8006617038875103,Bottom 70% - Lower Risk
2613714,202606,2026-06-15,0.27797022,0.8007798652959943,Bottom 70% - Lower Risk
2242776,202606,2026-06-15,0.27795675,0.8008980267044783,Bottom 70% - Lower Risk
2138817,202606,2026-06-15,0.27795464,0.8010161881129623,Bottom 70% - Lower Risk
2090732,202606,2026-06-15,0.277893,0.8011343495214462,Bottom 70% - Lower Risk
2121361,202606,2026-06-15,0.277893,0.8019614793808342,Bottom 70% - Lower Risk
2089275,202606,2026-06-15,0.277893,0.8014888337468983,Bottom 70% - Lower Risk
2007320,202606,2026-06-15,0.277893,0.8020796407893183,Bottom 70% - Lower Risk
2115567,202606,2026-06-15,0.277893,0.8017251565638662,Bottom 70% - Lower Risk
2043620,202606,2026-06-15,0.277893,0.8012525109299303,Bottom 70% - Lower Risk
2047041,202606,2026-06-15,0.277893,0.8016069951553823,Bottom 70% - Lower Risk
2147417,202606,2026-06-15,0.277893,0.8021978021978022,Bottom 70% - Lower Risk
2274985,202606,2026-06-15,0.277893,0.8013706723384143,Bottom 70% - Lower Risk
2020833,202606,2026-06-15,0.277893,0.8018433179723502,Bottom 70% - Lower Risk
2461202,202606,2026-06-15,0.27786827,0.8024341250147702,Bottom 70% - Lower Risk
2611804,202606,2026-06-15,0.27786827,0.8023159636062862,Bottom 70% - Lower Risk
2144110,202606,2026-06-15,0.27779323,0.8025522864232542,Bottom 70% - Lower Risk
2179849,202606,2026-06-15,0.27777514,0.8026704478317381,Bottom 70% - Lower Risk
2331181,202606,2026-06-15,0.27777514,0.8027886092402221,Bottom 70% - Lower Risk
2607144,202606,2026-06-15,0.2777282,0.8029067706487061,Bottom 70% - Lower Risk
2218315,202606,2026-06-15,0.27770033,0.8030249320571902,Bottom 70% - Lower Risk
2478214,202606,2026-06-15,0.27770013,0.8031430934656741,Bottom 70% - Lower Risk
2061570,202606,2026-06-15,0.27766332,0.8032612548741581,Bottom 70% - Lower Risk
2051140,202512,2025-12-16,0.2776505,0.8033794162826421,Bottom 70% - Lower Risk
2107061,202601,2026-01-15,0.2776141,0.8034975776911261,Bottom 70% - Lower Risk
2472256,202606,2026-06-15,0.27759537,0.80361573909961,Bottom 70% - Lower Risk
2275703,202606,2026-06-15,0.27757865,0.803733900508094,Bottom 70% - Lower Risk
2482506,202606,2026-06-15,0.2775629,0.8038520619165781,Bottom 70% - Lower Risk
2487644,202606,2026-06-15,0.27752173,0.8039702233250621,Bottom 70% - Lower Risk
2157546,202606,2026-06-15,0.27751613,0.804088384733546,Bottom 70% - Lower Risk
2519634,202606,2026-06-15,0.27749947,0.80420654614203,Bottom 70% - Lower Risk
2068575,202606,2026-06-15,0.27745676,0.804324707550514,Bottom 70% - Lower Risk
2069663,202606,2026-06-15,0.27744922,0.804442868958998,Bottom 70% - Lower Risk
2609119,202606,2026-06-15,0.2773661,0.8045610303674819,Bottom 70% - Lower Risk
2620775,202606,2026-06-15,0.2773415,0.8046791917759659,Bottom 70% - Lower Risk
2118390,202606,2026-06-15,0.27725977,0.80479735318445,Bottom 70% - Lower Risk
2241407,202606,2026-06-15,0.27720442,0.804915514592934,Bottom 70% - Lower Risk
2051929,202606,2026-06-15,0.27712914,0.805033676001418,Bottom 70% - Lower Risk
2387069,202606,2026-06-15,0.27709833,0.8051518374099019,Bottom 70% - Lower Risk
2366231,202606,2026-06-15,0.27708846,0.8052699988183859,Bottom 70% - Lower Risk
2280233,202606,2026-06-15,0.27707067,0.8055063216353539,Bottom 70% - Lower Risk
2155642,202512,2025-12-16,0.27707067,0.8053881602268699,Bottom 70% - Lower Risk
2219063,202606,2026-06-15,0.27702463,0.8056244830438379,Bottom 70% - Lower Risk
2200197,202606,2026-06-15,0.27696866,0.8057426444523219,Bottom 70% - Lower Risk
2091847,202606,2026-06-15,0.27693084,0.8058608058608059,Bottom 70% - Lower Risk
2254615,202606,2026-06-15,0.2769057,0.8059789672692899,Bottom 70% - Lower Risk
2182657,202606,2026-06-15,0.27690387,0.8060971286777738,Bottom 70% - Lower Risk
2588538,202606,2026-06-15,0.27690285,0.8062152900862578,Bottom 70% - Lower Risk
2092703,202512,2025-12-16,0.27688992,0.8063334514947418,Bottom 70% - Lower Risk
2400358,202606,2026-06-15,0.27688977,0.8064516129032258,Bottom 70% - Lower Risk
2400236,202606,2026-06-15,0.2768847,0.8065697743117098,Bottom 70% - Lower Risk
2478224,202606,2026-06-15,0.2768454,0.8066879357201938,Bottom 70% - Lower Risk
2353227,202606,2026-06-15,0.27676713,0.8068060971286778,Bottom 70% - Lower Risk
2220585,202606,2026-06-15,0.27675748,0.8069242585371618,Bottom 70% - Lower Risk
2090875,202606,2026-06-15,0.27668908,0.8070424199456457,Bottom 70% - Lower Risk
2429976,202606,2026-06-15,0.2766625,0.8071605813541297,Bottom 70% - Lower Risk
2058748,202606,2026-06-15,0.27665097,0.8072787427626137,Bottom 70% - Lower Risk
2337688,202606,2026-06-15,0.27664888,0.8073969041710978,Bottom 70% - Lower Risk
2072496,202606,2026-06-15,0.27660266,0.8075150655795817,Bottom 70% - Lower Risk
2621644,202606,2026-06-15,0.2765871,0.8076332269880657,Bottom 70% - Lower Risk
2253280,202606,2026-06-15,0.27655742,0.8077513883965497,Bottom 70% - Lower Risk
2098540,202606,2026-06-15,0.276443,0.8078695498050337,Bottom 70% - Lower Risk
2250147,202606,2026-06-15,0.27643263,0.8079877112135176,Bottom 70% - Lower Risk
2124489,202606,2026-06-15,0.2763906,0.8081058726220016,Bottom 70% - Lower Risk
2573197,202606,2026-06-15,0.27635333,0.8082240340304856,Bottom 70% - Lower Risk
2464749,202606,2026-06-15,0.2763448,0.8083421954389697,Bottom 70% - Lower Risk
2341627,202606,2026-06-15,0.27631554,0.8084603568474537,Bottom 70% - Lower Risk
2037240,202606,2026-06-15,0.27618405,0.8085785182559376,Bottom 70% - Lower Risk
2137364,202603,2026-03-18,0.2761335,0.8086966796644216,Bottom 70% - Lower Risk
2523236,202606,2026-06-15,0.27610296,0.8088148410729056,Bottom 70% - Lower Risk
2503639,202606,2026-06-15,0.27596664,0.8089330024813896,Bottom 70% - Lower Risk
2485038,202606,2026-06-15,0.2758893,0.8090511638898735,Bottom 70% - Lower Risk
2511762,202606,2026-06-15,0.27585196,0.8091693252983576,Bottom 70% - Lower Risk
2499218,202606,2026-06-15,0.27570164,0.8092874867068416,Bottom 70% - Lower Risk
2311277,202606,2026-06-15,0.27569792,0.8094056481153256,Bottom 70% - Lower Risk
2017408,202606,2026-06-15,0.2756744,0.8095238095238095,Bottom 70% - Lower Risk
2184729,202606,2026-06-15,0.27563268,0.8096419709322935,Bottom 70% - Lower Risk
2221205,202606,2026-06-15,0.27563268,0.8097601323407775,Bottom 70% - Lower Risk
2399547,202606,2026-06-15,0.27560306,0.8102327779747135,Bottom 70% - Lower Risk
2378251,202606,2026-06-15,0.27560306,0.8099964551577454,Bottom 70% - Lower Risk
2160804,202606,2026-06-15,0.27560306,0.8098782937492615,Bottom 70% - Lower Risk
2446605,202604,2026-04-15,0.27560306,0.8101146165662295,Bottom 70% - Lower Risk
2109441,202512,2025-12-16,0.27557805,0.8103509393831975,Bottom 70% - Lower Risk
2191924,202606,2026-06-15,0.27556208,0.8104691007916814,Bottom 70% - Lower Risk
2568057,202603,2026-03-18,0.275543,0.8105872622001654,Bottom 70% - Lower Risk
2213074,202606,2026-06-15,0.2755167,0.8107054236086494,Bottom 70% - Lower Risk
2115322,202603,2026-03-18,0.27549735,0.8108235850171334,Bottom 70% - Lower Risk
2455145,202606,2026-06-15,0.2753323,0.8109417464256173,Bottom 70% - Lower Risk
2292532,202606,2026-06-15,0.27528375,0.8110599078341014,Bottom 70% - Lower Risk
2121711,202606,2026-06-15,0.27527994,0.8111780692425854,Bottom 70% - Lower Risk
2289461,202603,2026-03-18,0.27526206,0.8112962306510694,Bottom 70% - Lower Risk
2042400,202606,2026-06-15,0.27521166,0.8114143920595533,Bottom 70% - Lower Risk
2383267,202606,2026-06-15,0.27519372,0.8115325534680373,Bottom 70% - Lower Risk
2150830,202606,2026-06-15,0.27515408,0.8116507148765213,Bottom 70% - Lower Risk
2396728,202606,2026-06-15,0.2751452,0.8117688762850053,Bottom 70% - Lower Risk
2562847,202606,2026-06-15,0.2751029,0.8118870376934894,Bottom 70% - Lower Risk
2359902,202601,2026-01-15,0.27504155,0.8120051991019733,Bottom 70% - Lower Risk
2329277,202606,2026-06-15,0.27504155,0.8121233605104573,Bottom 70% - Lower Risk
2403370,202606,2026-06-15,0.274834,0.8122415219189413,Bottom 70% - Lower Risk
2163335,202606,2026-06-15,0.2747831,0.8123596833274253,Bottom 70% - Lower Risk
2455253,202606,2026-06-15,0.27475238,0.8124778447359092,Bottom 70% - Lower Risk
2184479,202606,2026-06-15,0.2746339,0.8125960061443932,Bottom 70% - Lower Risk
2386578,202606,2026-06-15,0.27462995,0.8127141675528772,Bottom 70% - Lower Risk
2197367,202606,2026-06-15,0.27462995,0.8130686517783292,Bottom 70% - Lower Risk
2528806,202606,2026-06-15,0.27462995,0.8129504903698452,Bottom 70% - Lower Risk
2243283,202606,2026-06-15,0.27462995,0.8128323289613613,Bottom 70% - Lower Risk
2511903,202606,2026-06-15,0.27461138,0.8131868131868132,Bottom 70% - Lower Risk
2166636,202606,2026-06-15,0.27459374,0.8133049745952972,Bottom 70% - Lower Risk
2588983,202606,2026-06-15,0.27459106,0.8134231360037811,Bottom 70% - Lower Risk
2100139,202606,2026-06-15,0.2744764,0.8135412974122651,Bottom 70% - Lower Risk
2018644,202602,2026-02-15,0.27447182,0.8136594588207492,Bottom 70% - Lower Risk
2467952,202606,2026-06-15,0.27446467,0.8137776202292332,Bottom 70% - Lower Risk
2293326,202606,2026-06-15,0.27442116,0.8138957816377171,Bottom 70% - Lower Risk
2034667,202606,2026-06-15,0.2744202,0.8141321044546851,Bottom 70% - Lower Risk
2100949,202606,2026-06-15,0.2744202,0.8140139430462011,Bottom 70% - Lower Risk
2620784,202606,2026-06-15,0.2743805,0.8142502658631691,Bottom 70% - Lower Risk
2164772,202512,2025-12-16,0.27430204,0.814368427271653,Bottom 70% - Lower Risk
2183015,202606,2026-06-15,0.2742833,0.814486588680137,Bottom 70% - Lower Risk
2341050,202606,2026-06-15,0.27427956,0.8146047500886211,Bottom 70% - Lower Risk
2604200,202606,2026-06-15,0.27419758,0.8147229114971051,Bottom 70% - Lower Risk
2124833,202606,2026-06-15,0.27418482,0.814841072905589,Bottom 70% - Lower Risk
2161695,202606,2026-06-15,0.2741755,0.814959234314073,Bottom 70% - Lower Risk
2521100,202606,2026-06-15,0.27416983,0.815077395722557,Bottom 70% - Lower Risk
2221614,202606,2026-06-15,0.2740479,0.815313718539525,Bottom 70% - Lower Risk
2302021,202606,2026-06-15,0.2740479,0.815195557131041,Bottom 70% - Lower Risk
2096155,202606,2026-06-15,0.27403837,0.815431879948009,Bottom 70% - Lower Risk
2361589,202512,2025-12-16,0.27394363,0.815550041356493,Bottom 70% - Lower Risk
2504174,202602,2026-02-15,0.2739341,0.815668202764977,Bottom 70% - Lower Risk
2506712,202606,2026-06-15,0.27387622,0.815786364173461,Bottom 70% - Lower Risk
2021814,202606,2026-06-15,0.27380475,0.8160226869904289,Bottom 70% - Lower Risk
2155738,202606,2026-06-15,0.27380475,0.8159045255819449,Bottom 70% - Lower Risk
2498743,202601,2026-01-15,0.27372658,0.8161408483989129,Bottom 70% - Lower Risk
2388191,202606,2026-06-15,0.27372146,0.8162590098073969,Bottom 70% - Lower Risk
2080444,202606,2026-06-15,0.27367407,0.8163771712158809,Bottom 70% - Lower Risk
2163771,202606,2026-06-15,0.2736738,0.8164953326243649,Bottom 70% - Lower Risk
2070152,202606,2026-06-15,0.27359918,0.8166134940328489,Bottom 70% - Lower Risk
2186187,202606,2026-06-15,0.27359918,0.8167316554413329,Bottom 70% - Lower Risk
2071783,202606,2026-06-15,0.27355045,0.8168498168498168,Bottom 70% - Lower Risk
2153974,202606,2026-06-15,0.27354693,0.8169679782583008,Bottom 70% - Lower Risk
2467526,202606,2026-06-15,0.27350235,0.8170861396667848,Bottom 70% - Lower Risk
2615130,202606,2026-06-15,0.2734937,0.8172043010752689,Bottom 70% - Lower Risk
2340598,202606,2026-06-15,0.2734733,0.8173224624837528,Bottom 70% - Lower Risk
2529958,202606,2026-06-15,0.2734733,0.8174406238922368,Bottom 70% - Lower Risk
2552590,202606,2026-06-15,0.273447,0.8175587853007208,Bottom 70% - Lower Risk
2536941,202606,2026-06-15,0.27344167,0.8176769467092048,Bottom 70% - Lower Risk
2556518,202606,2026-06-15,0.27341023,0.8177951081176887,Bottom 70% - Lower Risk
2622097,202606,2026-06-15,0.27339998,0.8179132695261727,Bottom 70% - Lower Risk
2229241,202606,2026-06-15,0.27333254,0.8181495923431408,Bottom 70% - Lower Risk
2291101,202606,2026-06-15,0.27333254,0.8180314309346567,Bottom 70% - Lower Risk
2233508,202606,2026-06-15,0.2732723,0.8182677537516247,Bottom 70% - Lower Risk
2617558,202606,2026-06-15,0.27326542,0.8183859151601087,Bottom 70% - Lower Risk
2095382,202606,2026-06-15,0.2732581,0.8185040765685927,Bottom 70% - Lower Risk
2012888,202606,2026-06-15,0.27322638,0.8186222379770767,Bottom 70% - Lower Risk
2221059,202606,2026-06-15,0.27321345,0.8187403993855606,Bottom 70% - Lower Risk
2623202,202606,2026-06-15,0.2731384,0.8188585607940446,Bottom 70% - Lower Risk
2193085,202606,2026-06-15,0.27306724,0.8189767222025287,Bottom 70% - Lower Risk
2342009,202606,2026-06-15,0.2730532,0.8190948836110127,Bottom 70% - Lower Risk
2157504,202606,2026-06-15,0.27294278,0.8192130450194967,Bottom 70% - Lower Risk
2343310,202605,2026-05-16,0.27293777,0.8193312064279806,Bottom 70% - Lower Risk
2455780,202512,2025-12-16,0.2728929,0.8194493678364646,Bottom 70% - Lower Risk
2340868,202606,2026-06-15,0.2728157,0.8195675292449486,Bottom 70% - Lower Risk
2049915,202606,2026-06-15,0.27271184,0.8196856906534326,Bottom 70% - Lower Risk
2140149,202606,2026-06-15,0.27270848,0.8198038520619165,Bottom 70% - Lower Risk
2093657,202606,2026-06-15,0.27265048,0.8199220134704006,Bottom 70% - Lower Risk
2027790,202606,2026-06-15,0.27255532,0.8200401748788846,Bottom 70% - Lower Risk
2490035,202606,2026-06-15,0.27251524,0.8201583362873686,Bottom 70% - Lower Risk
2521493,202606,2026-06-15,0.2725101,0.8202764976958525,Bottom 70% - Lower Risk
2140444,202606,2026-06-15,0.2724535,0.8203946591043365,Bottom 70% - Lower Risk
2278631,202606,2026-06-15,0.27237442,0.8205128205128205,Bottom 70% - Lower Risk
2428267,202606,2026-06-15,0.27228364,0.8206309819213045,Bottom 70% - Lower Risk
2458393,202603,2026-03-18,0.2721942,0.8207491433297885,Bottom 70% - Lower Risk
2353557,202606,2026-06-15,0.27217814,0.8208673047382725,Bottom 70% - Lower Risk
2363502,202606,2026-06-15,0.27216396,0.8209854661467565,Bottom 70% - Lower Risk
2567563,202603,2026-03-18,0.2721442,0.8211036275552405,Bottom 70% - Lower Risk
2358256,202606,2026-06-15,0.27211547,0.8212217889637244,Bottom 70% - Lower Risk
2259490,202606,2026-06-15,0.27208805,0.8213399503722084,Bottom 70% - Lower Risk
2543238,202606,2026-06-15,0.27203324,0.8214581117806924,Bottom 70% - Lower Risk
2398251,202606,2026-06-15,0.2719929,0.8215762731891764,Bottom 70% - Lower Risk
2084670,202606,2026-06-15,0.27198064,0.8216944345976605,Bottom 70% - Lower Risk
2359013,202603,2026-03-18,0.27194294,0.8218125960061444,Bottom 70% - Lower Risk
2324348,202605,2026-05-16,0.27179506,0.8219307574146284,Bottom 70% - Lower Risk
2396391,202605,2026-05-16,0.2717797,0.8220489188231124,Bottom 70% - Lower Risk
2261848,202606,2026-06-15,0.27176493,0.8221670802315963,Bottom 70% - Lower Risk
2193696,202606,2026-06-15,0.27176186,0.8222852416400803,Bottom 70% - Lower Risk
2317838,202601,2026-01-15,0.2717513,0.8224034030485643,Bottom 70% - Lower Risk
2342226,202606,2026-06-15,0.27174935,0.8225215644570484,Bottom 70% - Lower Risk
2562014,202606,2026-06-15,0.27172932,0.8226397258655324,Bottom 70% - Lower Risk
2301311,202606,2026-06-15,0.27165318,0.8227578872740163,Bottom 70% - Lower Risk
2279995,202606,2026-06-15,0.27160573,0.8228760486825003,Bottom 70% - Lower Risk
2042508,202606,2026-06-15,0.271599,0.8229942100909843,Bottom 70% - Lower Risk
2134777,202606,2026-06-15,0.27156892,0.8231123714994683,Bottom 70% - Lower Risk
2226375,202606,2026-06-15,0.27156892,0.8232305329079522,Bottom 70% - Lower Risk
2153033,202606,2026-06-15,0.27156892,0.8233486943164362,Bottom 70% - Lower Risk
2108376,202603,2026-03-18,0.27155542,0.8234668557249203,Bottom 70% - Lower Risk
2515476,202606,2026-06-15,0.27148584,0.8235850171334043,Bottom 70% - Lower Risk
2139727,202606,2026-06-15,0.2714829,0.8237031785418882,Bottom 70% - Lower Risk
2146538,202606,2026-06-15,0.27146962,0.8238213399503722,Bottom 70% - Lower Risk
2388797,202606,2026-06-15,0.27145174,0.8239395013588562,Bottom 70% - Lower Risk
2303775,202606,2026-06-15,0.27144706,0.8240576627673402,Bottom 70% - Lower Risk
2465991,202512,2025-12-16,0.2714058,0.8241758241758241,Bottom 70% - Lower Risk
2483119,202606,2026-06-15,0.27138704,0.8242939855843082,Bottom 70% - Lower Risk
2150196,202512,2025-12-16,0.27135736,0.8244121469927922,Bottom 70% - Lower Risk
2006335,202606,2026-06-15,0.27132353,0.8245303084012762,Bottom 70% - Lower Risk
2280847,202606,2026-06-15,0.27130285,0.8246484698097601,Bottom 70% - Lower Risk
2521014,202606,2026-06-15,0.27128762,0.8247666312182441,Bottom 70% - Lower Risk
2267484,202512,2025-12-16,0.27121058,0.8248847926267281,Bottom 70% - Lower Risk
2109423,202606,2026-06-15,0.2711908,0.8250029540352121,Bottom 70% - Lower Risk
2027205,202606,2026-06-15,0.27105033,0.825121115443696,Bottom 70% - Lower Risk
2151873,202606,2026-06-15,0.27105027,0.8252392768521801,Bottom 70% - Lower Risk
2116174,202605,2026-05-16,0.27099547,0.8253574382606641,Bottom 70% - Lower Risk
2191118,202606,2026-06-15,0.27099264,0.8254755996691481,Bottom 70% - Lower Risk
2060538,202512,2025-12-16,0.27095005,0.825593761077632,Bottom 70% - Lower Risk
2457166,202606,2026-06-15,0.27086407,0.825711922486116,Bottom 70% - Lower Risk
2381377,202606,2026-06-15,0.27085438,0.8258300838946,Bottom 70% - Lower Risk
2538126,202606,2026-06-15,0.27085438,0.825948245303084,Bottom 70% - Lower Risk
2506843,202606,2026-06-15,0.27083677,0.826066406711568,Bottom 70% - Lower Risk
2284064,202606,2026-06-15,0.27083367,0.826184568120052,Bottom 70% - Lower Risk
2271870,202606,2026-06-15,0.2708308,0.826302729528536,Bottom 70% - Lower Risk
2321401,202606,2026-06-15,0.2706691,0.82642089093702,Bottom 70% - Lower Risk
2286562,202603,2026-03-18,0.2706636,0.826539052345504,Bottom 70% - Lower Risk
2192241,202606,2026-06-15,0.27060115,0.8266572137539879,Bottom 70% - Lower Risk
2018517,202606,2026-06-15,0.2705819,0.8267753751624719,Bottom 70% - Lower Risk
2054321,202606,2026-06-15,0.27053824,0.8268935365709559,Bottom 70% - Lower Risk
2582765,202606,2026-06-15,0.270423,0.82701169797944,Bottom 70% - Lower Risk
2322088,202606,2026-06-15,0.2703602,0.8271298593879239,Bottom 70% - Lower Risk
2139789,202602,2026-02-15,0.27029878,0.8272480207964079,Bottom 70% - Lower Risk
2196143,202602,2026-02-15,0.2702601,0.8273661822048919,Bottom 70% - Lower Risk
2479468,202606,2026-06-15,0.27025044,0.8274843436133759,Bottom 70% - Lower Risk
2423647,202606,2026-06-15,0.27019542,0.8276025050218598,Bottom 70% - Lower Risk
2198468,202601,2026-01-15,0.27016547,0.8277206664303438,Bottom 70% - Lower Risk
2098911,202606,2026-06-15,0.27015397,0.8278388278388278,Bottom 70% - Lower Risk
2131933,202606,2026-06-15,0.27007842,0.8279569892473119,Bottom 70% - Lower Risk
2388103,202606,2026-06-15,0.26998863,0.8280751506557958,Bottom 70% - Lower Risk
2139104,202605,2026-05-16,0.26993144,0.8281933120642798,Bottom 70% - Lower Risk
2533830,202603,2026-03-18,0.26988792,0.8283114734727638,Bottom 70% - Lower Risk
2259336,202606,2026-06-15,0.26987192,0.8284296348812478,Bottom 70% - Lower Risk
2466534,202606,2026-06-15,0.26986712,0.8285477962897317,Bottom 70% - Lower Risk
2443072,202606,2026-06-15,0.26985514,0.8286659576982157,Bottom 70% - Lower Risk
2321090,202606,2026-06-15,0.2698275,0.8287841191066998,Bottom 70% - Lower Risk
2319250,202606,2026-06-15,0.2698164,0.8289022805151838,Bottom 70% - Lower Risk
2093355,202512,2025-12-16,0.2698063,0.8290204419236678,Bottom 70% - Lower Risk
2054543,202606,2026-06-15,0.26973858,0.8291386033321517,Bottom 70% - Lower Risk
2423261,202606,2026-06-15,0.26973858,0.8292567647406357,Bottom 70% - Lower Risk
2424096,202606,2026-06-15,0.26968133,0.8293749261491197,Bottom 70% - Lower Risk
2115973,202606,2026-06-15,0.26965174,0.8294930875576036,Bottom 70% - Lower Risk
2549231,202606,2026-06-15,0.26962036,0.8296112489660876,Bottom 70% - Lower Risk
2176153,202606,2026-06-15,0.26955917,0.8297294103745717,Bottom 70% - Lower Risk
2502143,202601,2026-01-15,0.26951435,0.8298475717830557,Bottom 70% - Lower Risk
2325015,202606,2026-06-15,0.26950726,0.8299657331915397,Bottom 70% - Lower Risk
2380967,202606,2026-06-15,0.26950005,0.8300838946000236,Bottom 70% - Lower Risk
2158080,202606,2026-06-15,0.26947314,0.8302020560085076,Bottom 70% - Lower Risk
2584459,202606,2026-06-15,0.2694256,0.8303202174169916,Bottom 70% - Lower Risk
2313553,202606,2026-06-15,0.26913503,0.8304383788254756,Bottom 70% - Lower Risk
2348866,202606,2026-06-15,0.26911736,0.8305565402339596,Bottom 70% - Lower Risk
2448297,202606,2026-06-15,0.2690968,0.8306747016424436,Bottom 70% - Lower Risk
2095141,202606,2026-06-15,0.26907596,0.8307928630509276,Bottom 70% - Lower Risk
2223704,202606,2026-06-15,0.269034,0.8309110244594116,Bottom 70% - Lower Risk
2533220,202606,2026-06-15,0.2689378,0.8310291858678955,Bottom 70% - Lower Risk
2144730,202606,2026-06-15,0.26891804,0.8311473472763795,Bottom 70% - Lower Risk
2237437,202606,2026-06-15,0.26883292,0.8312655086848635,Bottom 70% - Lower Risk
2175817,202606,2026-06-15,0.26877758,0.8313836700933475,Bottom 70% - Lower Risk
2562495,202604,2026-04-15,0.26875508,0.8315018315018315,Bottom 70% - Lower Risk
2273158,202604,2026-04-15,0.26874036,0.8316199929103155,Bottom 70% - Lower Risk
2279111,202606,2026-06-15,0.26873758,0.8317381543187995,Bottom 70% - Lower Risk
2431916,202606,2026-06-15,0.26864913,0.8318563157272835,Bottom 70% - Lower Risk
2396391,202602,2026-02-15,0.2686477,0.8319744771357674,Bottom 70% - Lower Risk
2001963,202606,2026-06-15,0.26860833,0.8320926385442514,Bottom 70% - Lower Risk
2450752,202606,2026-06-15,0.26860815,0.8322107999527354,Bottom 70% - Lower Risk
2238065,202606,2026-06-15,0.2685949,0.8323289613612195,Bottom 70% - Lower Risk
2423207,202606,2026-06-15,0.26858714,0.8324471227697035,Bottom 70% - Lower Risk
2434461,202606,2026-06-15,0.26852295,0.8325652841781874,Bottom 70% - Lower Risk
2174015,202606,2026-06-15,0.26849177,0.8326834455866714,Bottom 70% - Lower Risk
2395407,202601,2026-01-15,0.26842108,0.8328016069951554,Bottom 70% - Lower Risk
2018714,202606,2026-06-15,0.26838022,0.8329197684036393,Bottom 70% - Lower Risk
2512480,202606,2026-06-15,0.26835877,0.8330379298121233,Bottom 70% - Lower Risk
2143513,202606,2026-06-15,0.2683397,0.8331560912206073,Bottom 70% - Lower Risk
2221590,202606,2026-06-15,0.26820213,0.8332742526290914,Bottom 70% - Lower Risk
2349346,202512,2025-12-16,0.26817563,0.8333924140375754,Bottom 70% - Lower Risk
2351063,202606,2026-06-15,0.2681402,0.8335105754460593,Bottom 70% - Lower Risk
2396737,202606,2026-06-15,0.268123,0.8336287368545433,Bottom 70% - Lower Risk
2501620,202606,2026-06-15,0.2681109,0.8337468982630273,Bottom 70% - Lower Risk
2220988,202606,2026-06-15,0.268089,0.8338650596715113,Bottom 70% - Lower Risk
2129447,202606,2026-06-15,0.2680867,0.8339832210799952,Bottom 70% - Lower Risk
2539618,202606,2026-06-15,0.26803207,0.8341013824884793,Bottom 70% - Lower Risk
2558963,202603,2026-03-18,0.2680179,0.8342195438969633,Bottom 70% - Lower Risk
2140032,202606,2026-06-15,0.26779637,0.8343377053054473,Bottom 70% - Lower Risk
2262465,202606,2026-06-15,0.26778492,0.8344558667139312,Bottom 70% - Lower Risk
2479997,202606,2026-06-15,0.26776528,0.8345740281224152,Bottom 70% - Lower Risk
2391478,202601,2026-01-15,0.2676133,0.8346921895308992,Bottom 70% - Lower Risk
2281647,202606,2026-06-15,0.267612,0.8348103509393832,Bottom 70% - Lower Risk
2621685,202606,2026-06-15,0.2675871,0.8349285123478671,Bottom 70% - Lower Risk
2196792,202606,2026-06-15,0.26751682,0.8350466737563512,Bottom 70% - Lower Risk
2536336,202606,2026-06-15,0.26746154,0.8351648351648352,Bottom 70% - Lower Risk
2502534,202606,2026-06-15,0.2674308,0.8352829965733192,Bottom 70% - Lower Risk
2455374,202606,2026-06-15,0.26741824,0.8356374807987711,Bottom 70% - Lower Risk
2488919,202606,2026-06-15,0.26741824,0.8354011579818031,Bottom 70% - Lower Risk
2322417,202605,2026-05-16,0.26741824,0.8355193193902871,Bottom 70% - Lower Risk
2103629,202606,2026-06-15,0.26741442,0.8359919650242231,Bottom 70% - Lower Risk
2101311,202606,2026-06-15,0.26741442,0.8357556422072551,Bottom 70% - Lower Risk
2171684,202605,2026-05-16,0.26741442,0.8358738036157392,Bottom 70% - Lower Risk
2212753,202606,2026-06-15,0.26740173,0.8361101264327071,Bottom 70% - Lower Risk
2534985,202606,2026-06-15,0.26733553,0.8362282878411911,Bottom 70% - Lower Risk
2584995,202606,2026-06-15,0.2673275,0.836346449249675,Bottom 70% - Lower Risk
2378911,202606,2026-06-15,0.26720726,0.836464610658159,Bottom 70% - Lower Risk
2365635,202606,2026-06-15,0.26720533,0.836582772066643,Bottom 70% - Lower Risk
2440409,202606,2026-06-15,0.26719788,0.836700933475127,Bottom 70% - Lower Risk
2126222,202606,2026-06-15,0.26718834,0.8368190948836111,Bottom 70% - Lower Risk
2459131,202606,2026-06-15,0.26713124,0.836937256292095,Bottom 70% - Lower Risk
2260552,202606,2026-06-15,0.2670525,0.837055417700579,Bottom 70% - Lower Risk
2064092,202606,2026-06-15,0.266967,0.837173579109063,Bottom 70% - Lower Risk
2106010,202606,2026-06-15,0.26686606,0.837291740517547,Bottom 70% - Lower Risk
2564975,202606,2026-06-15,0.26685658,0.8374099019260309,Bottom 70% - Lower Risk
2541598,202606,2026-06-15,0.26685226,0.8375280633345149,Bottom 70% - Lower Risk
2503672,202606,2026-06-15,0.26681057,0.837646224742999,Bottom 70% - Lower Risk
2360514,202606,2026-06-15,0.266797,0.837764386151483,Bottom 70% - Lower Risk
2154607,202606,2026-06-15,0.26676056,0.8378825475599669,Bottom 70% - Lower Risk
2306616,202606,2026-06-15,0.2667216,0.8380007089684509,Bottom 70% - Lower Risk
2511563,202606,2026-06-15,0.26670334,0.8381188703769349,Bottom 70% - Lower Risk
2241504,202606,2026-06-15,0.2666834,0.8382370317854189,Bottom 70% - Lower Risk
2262622,202606,2026-06-15,0.26667348,0.8383551931939028,Bottom 70% - Lower Risk
2232261,202606,2026-06-15,0.2666698,0.8384733546023868,Bottom 70% - Lower Risk
2498912,202606,2026-06-15,0.26665547,0.8385915160108709,Bottom 70% - Lower Risk
2181395,202605,2026-05-16,0.26662892,0.8387096774193549,Bottom 70% - Lower Risk
2079110,202601,2026-01-15,0.26661733,0.8388278388278388,Bottom 70% - Lower Risk
2587989,202606,2026-06-15,0.2664693,0.8389460002363228,Bottom 70% - Lower Risk
2347471,202606,2026-06-15,0.26646468,0.8390641616448068,Bottom 70% - Lower Risk
2086393,202606,2026-06-15,0.26642233,0.8391823230532908,Bottom 70% - Lower Risk
2146802,202604,2026-04-15,0.26627982,0.8393004844617747,Bottom 70% - Lower Risk
2247636,202606,2026-06-15,0.26625752,0.8394186458702588,Bottom 70% - Lower Risk
2210480,202601,2026-01-15,0.2662453,0.8395368072787428,Bottom 70% - Lower Risk
2502591,202606,2026-06-15,0.26618618,0.8396549686872268,Bottom 70% - Lower Risk
2008053,202606,2026-06-15,0.26617742,0.8397731300957108,Bottom 70% - Lower Risk
2479144,202606,2026-06-15,0.26601395,0.8398912915041947,Bottom 70% - Lower Risk
2361080,202606,2026-06-15,0.2659184,0.8400094529126787,Bottom 70% - Lower Risk
2273074,202606,2026-06-15,0.26588526,0.8401276143211627,Bottom 70% - Lower Risk
2321372,202606,2026-06-15,0.2658795,0.8402457757296466,Bottom 70% - Lower Risk
2361098,202606,2026-06-15,0.26586944,0.8403639371381307,Bottom 70% - Lower Risk
2397191,202606,2026-06-15,0.2657939,0.8404820985466147,Bottom 70% - Lower Risk
2256137,202606,2026-06-15,0.2657387,0.8406002599550987,Bottom 70% - Lower Risk
2485292,202606,2026-06-15,0.26571426,0.8407184213635827,Bottom 70% - Lower Risk
2481165,202606,2026-06-15,0.2656992,0.8408365827720666,Bottom 70% - Lower Risk
2409323,202606,2026-06-15,0.26562023,0.8409547441805506,Bottom 70% - Lower Risk
2473665,202601,2026-01-15,0.26553473,0.8410729055890346,Bottom 70% - Lower Risk
2140549,202606,2026-06-15,0.2653761,0.8411910669975186,Bottom 70% - Lower Risk
2227727,202602,2026-02-15,0.26535967,0.8413092284060026,Bottom 70% - Lower Risk
2165141,202606,2026-06-15,0.26523423,0.8414273898144866,Bottom 70% - Lower Risk
2436205,202512,2025-12-16,0.2652166,0.8415455512229706,Bottom 70% - Lower Risk
2314583,202512,2025-12-16,0.265166,0.8416637126314546,Bottom 70% - Lower Risk
2259309,202606,2026-06-15,0.265166,0.8417818740399385,Bottom 70% - Lower Risk
2528233,202606,2026-06-15,0.26512715,0.8419000354484225,Bottom 70% - Lower Risk
2207818,202606,2026-06-15,0.26511943,0.8420181968569065,Bottom 70% - Lower Risk
2440356,202606,2026-06-15,0.26508057,0.8421363582653906,Bottom 70% - Lower Risk
2470909,202603,2026-03-18,0.2649711,0.8422545196738745,Bottom 70% - Lower Risk
2139973,202606,2026-06-15,0.2649062,0.8423726810823585,Bottom 70% - Lower Risk
2184317,202512,2025-12-16,0.26489034,0.8424908424908425,Bottom 70% - Lower Risk
2304200,202606,2026-06-15,0.26483294,0.8426090038993265,Bottom 70% - Lower Risk
2300250,202606,2026-06-15,0.26482365,0.8427271653078104,Bottom 70% - Lower Risk
2264837,202606,2026-06-15,0.2647812,0.8428453267162944,Bottom 70% - Lower Risk
2081020,202606,2026-06-15,0.26476038,0.8429634881247784,Bottom 70% - Lower Risk
2252660,202512,2025-12-16,0.26457906,0.8430816495332625,Bottom 70% - Lower Risk
2244501,202606,2026-06-15,0.2645279,0.8431998109417465,Bottom 70% - Lower Risk
2267597,202606,2026-06-15,0.26449066,0.8433179723502304,Bottom 70% - Lower Risk
2084664,202606,2026-06-15,0.26434457,0.8434361337587144,Bottom 70% - Lower Risk
2043191,202606,2026-06-15,0.2643238,0.8435542951671984,Bottom 70% - Lower Risk
2204568,202606,2026-06-15,0.26431775,0.8436724565756824,Bottom 70% - Lower Risk
2117507,202606,2026-06-15,0.26431322,0.8437906179841663,Bottom 70% - Lower Risk
2420739,202601,2026-01-15,0.2642381,0.8439087793926504,Bottom 70% - Lower Risk
2503306,202606,2026-06-15,0.2642075,0.8440269408011344,Bottom 70% - Lower Risk
2537550,202606,2026-06-15,0.26420033,0.8441451022096184,Bottom 70% - Lower Risk
2079680,202606,2026-06-15,0.2641951,0.8442632636181023,Bottom 70% - Lower Risk
2182411,202606,2026-06-15,0.2641755,0.8443814250265863,Bottom 70% - Lower Risk
2585304,202606,2026-06-15,0.26401833,0.8444995864350703,Bottom 70% - Lower Risk
2228121,202606,2026-06-15,0.26401716,0.8446177478435543,Bottom 70% - Lower Risk
2344268,202606,2026-06-15,0.26388136,0.8447359092520382,Bottom 70% - Lower Risk
2291002,202606,2026-06-15,0.26384604,0.8448540706605223,Bottom 70% - Lower Risk
2140333,202606,2026-06-15,0.26380673,0.8449722320690063,Bottom 70% - Lower Risk
2385980,202606,2026-06-15,0.26377013,0.8450903934774903,Bottom 70% - Lower Risk
2555057,202606,2026-06-15,0.26376155,0.8452085548859742,Bottom 70% - Lower Risk
2277595,202606,2026-06-15,0.2637234,0.8453267162944582,Bottom 70% - Lower Risk
2430675,202606,2026-06-15,0.26364532,0.8454448777029422,Bottom 70% - Lower Risk
2000751,202606,2026-06-15,0.26358202,0.8456812005199102,Bottom 70% - Lower Risk
2401561,202512,2025-12-16,0.26358202,0.8455630391114262,Bottom 70% - Lower Risk
2257464,202606,2026-06-15,0.26357785,0.8457993619283942,Bottom 70% - Lower Risk
2035791,202603,2026-03-18,0.2635393,0.8459175233368782,Bottom 70% - Lower Risk
2163487,202606,2026-06-15,0.26353088,0.8460356847453622,Bottom 70% - Lower Risk
2203164,202606,2026-06-15,0.26351944,0.8461538461538461,Bottom 70% - Lower Risk
2442386,202606,2026-06-15,0.26346752,0.8462720075623301,Bottom 70% - Lower Risk
2217296,202512,2025-12-16,0.2634476,0.8463901689708141,Bottom 70% - Lower Risk
2221809,202606,2026-06-15,0.26343134,0.8465083303792981,Bottom 70% - Lower Risk
2497393,202606,2026-06-15,0.2634243,0.8466264917877822,Bottom 70% - Lower Risk
2103602,202603,2026-03-18,0.263382,0.8467446531962661,Bottom 70% - Lower Risk
2216675,202606,2026-06-15,0.26323494,0.8468628146047501,Bottom 70% - Lower Risk
2103135,202603,2026-03-18,0.263226,0.8469809760132341,Bottom 70% - Lower Risk
2592541,202606,2026-06-15,0.26322547,0.847099137421718,Bottom 70% - Lower Risk
2264594,202606,2026-06-15,0.2631926,0.847217298830202,Bottom 70% - Lower Risk
2386289,202606,2026-06-15,0.26310578,0.847335460238686,Bottom 70% - Lower Risk
2527231,202606,2026-06-15,0.2630845,0.8474536216471701,Bottom 70% - Lower Risk
2029145,202603,2026-03-18,0.26302236,0.8475717830556541,Bottom 70% - Lower Risk
2077872,202606,2026-06-15,0.26301008,0.847689944464138,Bottom 70% - Lower Risk
2562791,202606,2026-06-15,0.26298705,0.847808105872622,Bottom 70% - Lower Risk
2061084,202606,2026-06-15,0.2629532,0.847926267281106,Bottom 70% - Lower Risk
2313787,202606,2026-06-15,0.26294106,0.84804442868959,Bottom 70% - Lower Risk
2268300,202606,2026-06-15,0.26293033,0.8481625900980739,Bottom 70% - Lower Risk
2470068,202512,2025-12-16,0.26289207,0.8482807515065579,Bottom 70% - Lower Risk
2241254,202601,2026-01-15,0.26289207,0.848398912915042,Bottom 70% - Lower Risk
2139104,202606,2026-06-15,0.26284084,0.848517074323526,Bottom 70% - Lower Risk
2222045,202606,2026-06-15,0.26281616,0.8486352357320099,Bottom 70% - Lower Risk
2458764,202606,2026-06-15,0.26278472,0.8487533971404939,Bottom 70% - Lower Risk
2148333,202606,2026-06-15,0.2626792,0.8488715585489779,Bottom 70% - Lower Risk
2125223,202606,2026-06-15,0.26262224,0.8489897199574619,Bottom 70% - Lower Risk
2054615,202606,2026-06-15,0.26259208,0.8491078813659458,Bottom 70% - Lower Risk
2079110,202603,2026-03-18,0.26256117,0.8492260427744299,Bottom 70% - Lower Risk
2307722,202606,2026-06-15,0.26252314,0.8493442041829139,Bottom 70% - Lower Risk
2076797,202606,2026-06-15,0.2625138,0.8494623655913979,Bottom 70% - Lower Risk
2399952,202606,2026-06-15,0.2624796,0.8495805269998818,Bottom 70% - Lower Risk
2203591,202606,2026-06-15,0.26236653,0.8496986884083658,Bottom 70% - Lower Risk
2360235,202606,2026-06-15,0.26235825,0.8498168498168498,Bottom 70% - Lower Risk
2238691,202606,2026-06-15,0.26226693,0.8499350112253338,Bottom 70% - Lower Risk
2314892,202606,2026-06-15,0.26216787,0.8500531726338177,Bottom 70% - Lower Risk
2172279,202606,2026-06-15,0.26216128,0.8501713340423018,Bottom 70% - Lower Risk
2495970,202606,2026-06-15,0.26215672,0.8502894954507858,Bottom 70% - Lower Risk
2251952,202606,2026-06-15,0.26207995,0.8504076568592698,Bottom 70% - Lower Risk
2406522,202512,2025-12-16,0.26207384,0.8505258182677538,Bottom 70% - Lower Risk
2158592,202606,2026-06-15,0.26202598,0.8506439796762377,Bottom 70% - Lower Risk
2154459,202606,2026-06-15,0.26200542,0.8507621410847217,Bottom 70% - Lower Risk
2449342,202512,2025-12-16,0.26195708,0.8508803024932057,Bottom 70% - Lower Risk
2486799,202606,2026-06-15,0.26188403,0.8509984639016898,Bottom 70% - Lower Risk
2370084,202606,2026-06-15,0.26188233,0.8511166253101737,Bottom 70% - Lower Risk
2133702,202606,2026-06-15,0.26186982,0.8512347867186577,Bottom 70% - Lower Risk
2364150,202606,2026-06-15,0.26182443,0.8513529481271417,Bottom 70% - Lower Risk
2615863,202606,2026-06-15,0.2617587,0.8514711095356257,Bottom 70% - Lower Risk
2267375,202606,2026-06-15,0.2617461,0.8515892709441096,Bottom 70% - Lower Risk
2313225,202606,2026-06-15,0.26172212,0.8517074323525936,Bottom 70% - Lower Risk
2417619,202606,2026-06-15,0.26166946,0.8518255937610776,Bottom 70% - Lower Risk
2433470,202606,2026-06-15,0.2616229,0.8519437551695617,Bottom 70% - Lower Risk
2610845,202606,2026-06-15,0.26155734,0.8520619165780456,Bottom 70% - Lower Risk
2074720,202606,2026-06-15,0.2614805,0.8521800779865296,Bottom 70% - Lower Risk
2080344,202606,2026-06-15,0.26134497,0.8522982393950136,Bottom 70% - Lower Risk
2202920,202606,2026-06-15,0.26134497,0.8524164008034976,Bottom 70% - Lower Risk
2481484,202606,2026-06-15,0.26126635,0.8525345622119815,Bottom 70% - Lower Risk
2037694,202606,2026-06-15,0.26126465,0.8526527236204655,Bottom 70% - Lower Risk
2112682,202606,2026-06-15,0.26113996,0.8527708850289496,Bottom 70% - Lower Risk
2146802,202603,2026-03-18,0.26108864,0.8528890464374336,Bottom 70% - Lower Risk
2480672,202512,2025-12-16,0.2610519,0.8530072078459175,Bottom 70% - Lower Risk
2180741,202606,2026-06-15,0.26100215,0.8531253692544015,Bottom 70% - Lower Risk
2101981,202606,2026-06-15,0.26097956,0.8532435306628855,Bottom 70% - Lower Risk
2143693,202606,2026-06-15,0.26097956,0.8533616920713695,Bottom 70% - Lower Risk
2350863,202606,2026-06-15,0.26097423,0.8534798534798534,Bottom 70% - Lower Risk
2371363,202606,2026-06-15,0.26096344,0.8535980148883374,Bottom 70% - Lower Risk
2498326,202606,2026-06-15,0.2609367,0.8537161762968215,Bottom 70% - Lower Risk
2458393,202512,2025-12-16,0.26091737,0.8538343377053055,Bottom 70% - Lower Risk
2247942,202606,2026-06-15,0.26091737,0.8539524991137895,Bottom 70% - Lower Risk
2569574,202606,2026-06-15,0.26087934,0.8540706605222734,Bottom 70% - Lower Risk
2350345,202606,2026-06-15,0.26075676,0.8541888219307574,Bottom 70% - Lower Risk
2618445,202606,2026-06-15,0.26068282,0.8543069833392414,Bottom 70% - Lower Risk
2461323,202606,2026-06-15,0.26066044,0.8544251447477254,Bottom 70% - Lower Risk
2209807,202606,2026-06-15,0.26064226,0.8545433061562094,Bottom 70% - Lower Risk
2211146,202606,2026-06-15,0.26058722,0.8546614675646934,Bottom 70% - Lower Risk
2273589,202604,2026-04-15,0.2605006,0.8547796289731774,Bottom 70% - Lower Risk
2386078,202606,2026-06-15,0.26048687,0.8548977903816614,Bottom 70% - Lower Risk
2214624,202606,2026-06-15,0.26043767,0.8550159517901453,Bottom 70% - Lower Risk
2082043,202606,2026-06-15,0.26035467,0.8551341131986293,Bottom 70% - Lower Risk
2001534,202606,2026-06-15,0.26035467,0.8552522746071133,Bottom 70% - Lower Risk
2297702,202606,2026-06-15,0.2603339,0.8553704360155973,Bottom 70% - Lower Risk
2247665,202606,2026-06-15,0.26021937,0.8554885974240813,Bottom 70% - Lower Risk
2191635,202606,2026-06-15,0.26012552,0.8556067588325653,Bottom 70% - Lower Risk
2421328,202606,2026-06-15,0.26009715,0.8557249202410493,Bottom 70% - Lower Risk
2095207,202606,2026-06-15,0.2600944,0.8558430816495333,Bottom 70% - Lower Risk
2334435,202606,2026-06-15,0.26007324,0.8559612430580172,Bottom 70% - Lower Risk
2102958,202606,2026-06-15,0.2600557,0.8560794044665012,Bottom 70% - Lower Risk
2201880,202606,2026-06-15,0.26003164,0.8561975658749852,Bottom 70% - Lower Risk
2187314,202606,2026-06-15,0.2600107,0.8563157272834692,Bottom 70% - Lower Risk
2117796,202606,2026-06-15,0.26000863,0.8564338886919532,Bottom 70% - Lower Risk
2536148,202606,2026-06-15,0.25995123,0.8565520501004372,Bottom 70% - Lower Risk
2225905,202606,2026-06-15,0.25991768,0.8566702115089212,Bottom 70% - Lower Risk
2335872,202606,2026-06-15,0.25988218,0.8567883729174052,Bottom 70% - Lower Risk
2515178,202606,2026-06-15,0.25982857,0.8569065343258891,Bottom 70% - Lower Risk
2515089,202606,2026-06-15,0.25981623,0.8570246957343731,Bottom 70% - Lower Risk
2157748,202606,2026-06-15,0.25970462,0.8571428571428571,Bottom 70% - Lower Risk
2165055,202606,2026-06-15,0.25961336,0.8572610185513412,Bottom 70% - Lower Risk
2260663,202606,2026-06-15,0.25960943,0.8573791799598252,Bottom 70% - Lower Risk
2095327,202602,2026-02-15,0.2596014,0.8574973413683091,Bottom 70% - Lower Risk
2478512,202606,2026-06-15,0.2592922,0.8576155027767931,Bottom 70% - Lower Risk
2425720,202606,2026-06-15,0.2592224,0.8577336641852771,Bottom 70% - Lower Risk
2193421,202606,2026-06-15,0.25916123,0.857851825593761,Bottom 70% - Lower Risk
2531775,202602,2026-02-15,0.2590156,0.857969987002245,Bottom 70% - Lower Risk
2157903,202606,2026-06-15,0.2589197,0.858088148410729,Bottom 70% - Lower Risk
2089891,202606,2026-06-15,0.25883135,0.8582063098192131,Bottom 70% - Lower Risk
2299797,202602,2026-02-15,0.25870207,0.8583244712276971,Bottom 70% - Lower Risk
2535491,202603,2026-03-18,0.25867984,0.858442632636181,Bottom 70% - Lower Risk
2438375,202606,2026-06-15,0.25860095,0.858560794044665,Bottom 70% - Lower Risk
2508591,202606,2026-06-15,0.2584833,0.858678955453149,Bottom 70% - Lower Risk
2354573,202606,2026-06-15,0.2584031,0.858797116861633,Bottom 70% - Lower Risk
2326043,202606,2026-06-15,0.25829756,0.8589152782701169,Bottom 70% - Lower Risk
2290634,202606,2026-06-15,0.2582204,0.859033439678601,Bottom 70% - Lower Risk
2554157,202606,2026-06-15,0.2581708,0.859151601087085,Bottom 70% - Lower Risk
2309726,202606,2026-06-15,0.25814644,0.859269762495569,Bottom 70% - Lower Risk
2602961,202606,2026-06-15,0.25813556,0.8593879239040529,Bottom 70% - Lower Risk
2538359,202606,2026-06-15,0.2581115,0.8595060853125369,Bottom 70% - Lower Risk
2192472,202606,2026-06-15,0.2580769,0.8596242467210209,Bottom 70% - Lower Risk
2327232,202606,2026-06-15,0.25806865,0.8597424081295049,Bottom 70% - Lower Risk
2080424,202606,2026-06-15,0.25801706,0.8598605695379888,Bottom 70% - Lower Risk
2468215,202606,2026-06-15,0.25800392,0.8599787309464729,Bottom 70% - Lower Risk
2297240,202606,2026-06-15,0.25797638,0.8600968923549569,Bottom 70% - Lower Risk
2488102,202606,2026-06-15,0.25793195,0.8602150537634409,Bottom 70% - Lower Risk
2173159,202606,2026-06-15,0.2579133,0.8603332151719248,Bottom 70% - Lower Risk
2186076,202606,2026-06-15,0.25787959,0.8604513765804088,Bottom 70% - Lower Risk
2233038,202606,2026-06-15,0.25779173,0.8605695379888928,Bottom 70% - Lower Risk
2440359,202512,2025-12-16,0.25770637,0.8606876993973768,Bottom 70% - Lower Risk
2503593,202606,2026-06-15,0.25766551,0.8608058608058609,Bottom 70% - Lower Risk
2407600,202606,2026-06-15,0.2576227,0.8609240222143448,Bottom 70% - Lower Risk
2073164,202606,2026-06-15,0.25759792,0.8610421836228288,Bottom 70% - Lower Risk
2181395,202604,2026-04-15,0.25758308,0.8611603450313128,Bottom 70% - Lower Risk
2138046,202606,2026-06-15,0.2572746,0.8612785064397968,Bottom 70% - Lower Risk
2492444,202606,2026-06-15,0.25716904,0.8613966678482807,Bottom 70% - Lower Risk
2510922,202606,2026-06-15,0.2571575,0.8615148292567647,Bottom 70% - Lower Risk
2503433,202606,2026-06-15,0.2570846,0.8616329906652487,Bottom 70% - Lower Risk
2148719,202606,2026-06-15,0.25696227,0.8617511520737328,Bottom 70% - Lower Risk
2386209,202606,2026-06-15,0.25686654,0.8618693134822167,Bottom 70% - Lower Risk
2276520,202606,2026-06-15,0.2567728,0.8619874748907007,Bottom 70% - Lower Risk
2065167,202606,2026-06-15,0.25671378,0.8621056362991847,Bottom 70% - Lower Risk
2533487,202606,2026-06-15,0.2566412,0.8622237977076687,Bottom 70% - Lower Risk
2091156,202606,2026-06-15,0.2566337,0.8623419591161526,Bottom 70% - Lower Risk
2181195,202606,2026-06-15,0.25662017,0.8624601205246366,Bottom 70% - Lower Risk
2541632,202606,2026-06-15,0.25651464,0.8625782819331207,Bottom 70% - Lower Risk
2028226,202606,2026-06-15,0.25648996,0.8626964433416047,Bottom 70% - Lower Risk
2273589,202606,2026-06-15,0.25632098,0.8628146047500886,Bottom 70% - Lower Risk
2094610,202606,2026-06-15,0.25619873,0.8629327661585726,Bottom 70% - Lower Risk
2041945,202603,2026-03-18,0.25596836,0.8630509275670566,Bottom 70% - Lower Risk
2305894,202606,2026-06-15,0.25594836,0.8631690889755406,Bottom 70% - Lower Risk
2257191,202606,2026-06-15,0.25590152,0.8634054117925085,Bottom 70% - Lower Risk
2237992,202606,2026-06-15,0.25590152,0.8632872503840245,Bottom 70% - Lower Risk
2468909,202606,2026-06-15,0.25580955,0.8635235732009926,Bottom 70% - Lower Risk
2398825,202606,2026-06-15,0.2558095,0.8636417346094766,Bottom 70% - Lower Risk
2259423,202606,2026-06-15,0.2558095,0.8637598960179605,Bottom 70% - Lower Risk
2468304,202606,2026-06-15,0.2558076,0.8638780574264445,Bottom 70% - Lower Risk
2251889,202606,2026-06-15,0.25568092,0.8639962188349285,Bottom 70% - Lower Risk
2461357,202606,2026-06-15,0.25566238,0.8641143802434125,Bottom 70% - Lower Risk
2442431,202606,2026-06-15,0.25563714,0.8642325416518964,Bottom 70% - Lower Risk
2357574,202606,2026-06-15,0.2556232,0.8643507030603805,Bottom 70% - Lower Risk
2237396,202606,2026-06-15,0.25553903,0.8644688644688645,Bottom 70% - Lower Risk
2509950,202606,2026-06-15,0.25545797,0.8645870258773485,Bottom 70% - Lower Risk
2051128,202606,2026-06-15,0.25545484,0.8647051872858325,Bottom 70% - Lower Risk
2357687,202606,2026-06-15,0.25544435,0.8648233486943164,Bottom 70% - Lower Risk
2518345,202603,2026-03-18,0.25535867,0.8649415101028004,Bottom 70% - Lower Risk
2584176,202606,2026-06-15,0.25535828,0.8650596715112844,Bottom 70% - Lower Risk
2173792,202606,2026-06-15,0.2553498,0.8651778329197684,Bottom 70% - Lower Risk
2054826,202606,2026-06-15,0.2553156,0.8652959943282524,Bottom 70% - Lower Risk
2257871,202606,2026-06-15,0.25530407,0.8654141557367364,Bottom 70% - Lower Risk
2011864,202606,2026-06-15,0.2552994,0.8655323171452204,Bottom 70% - Lower Risk
2505163,202606,2026-06-15,0.25504747,0.8656504785537044,Bottom 70% - Lower Risk
2438642,202606,2026-06-15,0.2550146,0.8658868013706723,Bottom 70% - Lower Risk
2190619,202512,2025-12-16,0.2550146,0.8657686399621883,Bottom 70% - Lower Risk
2321462,202606,2026-06-15,0.25492483,0.8660049627791563,Bottom 70% - Lower Risk
2099023,202606,2026-06-15,0.2549186,0.8661231241876404,Bottom 70% - Lower Risk
2300777,202606,2026-06-15,0.2549093,0.8662412855961243,Bottom 70% - Lower Risk
2319498,202606,2026-06-15,0.25484276,0.8663594470046083,Bottom 70% - Lower Risk
2345705,202604,2026-04-15,0.254842,0.8664776084130923,Bottom 70% - Lower Risk
2164604,202606,2026-06-15,0.2547053,0.8665957698215763,Bottom 70% - Lower Risk
2610415,202606,2026-06-15,0.25466424,0.8667139312300602,Bottom 70% - Lower Risk
2195508,202606,2026-06-15,0.2546494,0.8668320926385442,Bottom 70% - Lower Risk
2270103,202603,2026-03-18,0.25462076,0.8669502540470282,Bottom 70% - Lower Risk
2474229,202606,2026-06-15,0.2546042,0.8670684154555123,Bottom 70% - Lower Risk
2127030,202606,2026-06-15,0.25459966,0.8671865768639963,Bottom 70% - Lower Risk
2062265,202606,2026-06-15,0.2545971,0.8673047382724802,Bottom 70% - Lower Risk
2253109,202606,2026-06-15,0.2545479,0.8674228996809642,Bottom 70% - Lower Risk
2222281,202606,2026-06-15,0.2545464,0.8675410610894482,Bottom 70% - Lower Risk
2367536,202606,2026-06-15,0.2544954,0.8676592224979321,Bottom 70% - Lower Risk
2209252,202606,2026-06-15,0.25439715,0.8680137067233842,Bottom 70% - Lower Risk
2363944,202606,2026-06-15,0.25439715,0.8681318681318682,Bottom 70% - Lower Risk
2456078,202606,2026-06-15,0.25439715,0.8678955453149002,Bottom 70% - Lower Risk
2375807,202606,2026-06-15,0.25439715,0.8683681909488361,Bottom 70% - Lower Risk
2110515,202512,2025-12-16,0.25439715,0.868604513765804,Bottom 70% - Lower Risk
2195364,202606,2026-06-15,0.25439715,0.8677773839064161,Bottom 70% - Lower Risk
2032953,202606,2026-06-15,0.25439715,0.8684863523573201,Bottom 70% - Lower Risk
2182960,202606,2026-06-15,0.25439715,0.8682500295403521,Bottom 70% - Lower Risk
2232268,202606,2026-06-15,0.2543695,0.868722675174288,Bottom 70% - Lower Risk
2485206,202606,2026-06-15,0.2543421,0.8688408365827721,Bottom 70% - Lower Risk
2488242,202606,2026-06-15,0.2542019,0.8689589979912561,Bottom 70% - Lower Risk
2105975,202606,2026-06-15,0.25417525,0.8690771593997401,Bottom 70% - Lower Risk
2401554,202606,2026-06-15,0.2541484,0.869195320808224,Bottom 70% - Lower Risk
2171253,202606,2026-06-15,0.25410527,0.869313482216708,Bottom 70% - Lower Risk
2549514,202606,2026-06-15,0.2539383,0.869431643625192,Bottom 70% - Lower Risk
2027352,202606,2026-06-15,0.25390902,0.869549805033676,Bottom 70% - Lower Risk
2546347,202606,2026-06-15,0.2538878,0.86966796644216,Bottom 70% - Lower Risk
2042063,202606,2026-06-15,0.25380874,0.869786127850644,Bottom 70% - Lower Risk
2278562,202606,2026-06-15,0.2537864,0.869904289259128,Bottom 70% - Lower Risk
2066265,202606,2026-06-15,0.2537864,0.870022450667612,Bottom 70% - Lower Risk
2182158,202606,2026-06-15,0.25378254,0.8701406120760959,Bottom 70% - Lower Risk
2306661,202606,2026-06-15,0.25364253,0.8702587734845799,Bottom 70% - Lower Risk
2298873,202606,2026-06-15,0.25364116,0.8703769348930639,Bottom 70% - Lower Risk
2096133,202606,2026-06-15,0.25363573,0.8704950963015479,Bottom 70% - Lower Risk
2408986,202606,2026-06-15,0.25345814,0.870613257710032,Bottom 70% - Lower Risk
2469034,202606,2026-06-15,0.2534489,0.8707314191185159,Bottom 70% - Lower Risk
2074495,202512,2025-12-16,0.25337583,0.8708495805269999,Bottom 70% - Lower Risk
2305418,202606,2026-06-15,0.25333244,0.8713222261609358,Bottom 70% - Lower Risk
2092436,202601,2026-01-15,0.25333244,0.8712040647524518,Bottom 70% - Lower Risk
2252858,202606,2026-06-15,0.25333244,0.8710859033439678,Bottom 70% - Lower Risk
2235450,202606,2026-06-15,0.25333244,0.8714403875694198,Bottom 70% - Lower Risk
2473485,202606,2026-06-15,0.25333244,0.8709677419354839,Bottom 70% - Lower Risk
2231556,202606,2026-06-15,0.25330052,0.8715585489779039,Bottom 70% - Lower Risk
2106685,202606,2026-06-15,0.25329065,0.8716767103863878,Bottom 70% - Lower Risk
2261896,202606,2026-06-15,0.253254,0.8717948717948718,Bottom 70% - Lower Risk
2039904,202606,2026-06-15,0.253254,0.8719130332033558,Bottom 70% - Lower Risk
2205540,202606,2026-06-15,0.25315326,0.8720311946118398,Bottom 70% - Lower Risk
2171180,202606,2026-06-15,0.25314876,0.8721493560203237,Bottom 70% - Lower Risk
2437016,202606,2026-06-15,0.25311038,0.8722675174288077,Bottom 70% - Lower Risk
2415714,202606,2026-06-15,0.25310415,0.8723856788372918,Bottom 70% - Lower Risk
2416518,202606,2026-06-15,0.25308013,0.8726220016542597,Bottom 70% - Lower Risk
2170950,202606,2026-06-15,0.25308013,0.8725038402457758,Bottom 70% - Lower Risk
2351849,202606,2026-06-15,0.2530582,0.8727401630627437,Bottom 70% - Lower Risk
2158850,202606,2026-06-15,0.2530223,0.8728583244712277,Bottom 70% - Lower Risk
2266453,202606,2026-06-15,0.25286615,0.8729764858797117,Bottom 70% - Lower Risk
2539119,202606,2026-06-15,0.25284302,0.8730946472881956,Bottom 70% - Lower Risk
2528545,202606,2026-06-15,0.25269613,0.8733309701051637,Bottom 70% - Lower Risk
2110532,202606,2026-06-15,0.25269613,0.8732128086966796,Bottom 70% - Lower Risk
2147814,202606,2026-06-15,0.25267568,0.8734491315136477,Bottom 70% - Lower Risk
2088654,202606,2026-06-15,0.25261837,0.8735672929221316,Bottom 70% - Lower Risk
2455983,202606,2026-06-15,0.2524847,0.8736854543306156,Bottom 70% - Lower Risk
2183799,202606,2026-06-15,0.25239488,0.8738036157390996,Bottom 70% - Lower Risk
2527281,202603,2026-03-18,0.2523472,0.8739217771475836,Bottom 70% - Lower Risk
2505652,202606,2026-06-15,0.25228128,0.8740399385560675,Bottom 70% - Lower Risk
2254991,202606,2026-06-15,0.25224215,0.8741580999645516,Bottom 70% - Lower Risk
2099245,202606,2026-06-15,0.25218612,0.8745125841900036,Bottom 70% - Lower Risk
2315232,202606,2026-06-15,0.25218612,0.8742762613730356,Bottom 70% - Lower Risk
2233075,202606,2026-06-15,0.25218612,0.8743944227815196,Bottom 70% - Lower Risk
2109714,202606,2026-06-15,0.2521835,0.8746307455984875,Bottom 70% - Lower Risk
2576610,202606,2026-06-15,0.25215447,0.8747489070069715,Bottom 70% - Lower Risk
2186058,202606,2026-06-15,0.25203845,0.8748670684154555,Bottom 70% - Lower Risk
2387280,202606,2026-06-15,0.25202563,0.8749852298239394,Bottom 70% - Lower Risk
2044625,202606,2026-06-15,0.25193056,0.8751033912324235,Bottom 70% - Lower Risk
2231093,202606,2026-06-15,0.25158215,0.8752215526409075,Bottom 70% - Lower Risk
2344082,202606,2026-06-15,0.2515752,0.8753397140493915,Bottom 70% - Lower Risk
2455150,202606,2026-06-15,0.2515443,0.8754578754578755,Bottom 70% - Lower Risk
2277921,202606,2026-06-15,0.2514574,0.8755760368663594,Bottom 70% - Lower Risk
2014320,202606,2026-06-15,0.25141898,0.8756941982748434,Bottom 70% - Lower Risk
2191275,202606,2026-06-15,0.251362,0.8758123596833274,Bottom 70% - Lower Risk
2114933,202606,2026-06-15,0.25132602,0.8759305210918115,Bottom 70% - Lower Risk
2451992,202606,2026-06-15,0.25129327,0.8760486825002954,Bottom 70% - Lower Risk
2462631,202606,2026-06-15,0.25124472,0.8761668439087794,Bottom 70% - Lower Risk
2567396,202606,2026-06-15,0.2512402,0.8762850053172634,Bottom 70% - Lower Risk
2352112,202606,2026-06-15,0.25115898,0.8764031667257474,Bottom 70% - Lower Risk
2211505,202606,2026-06-15,0.25103676,0.8766394895427153,Bottom 70% - Lower Risk
2136827,202606,2026-06-15,0.25103676,0.8765213281342313,Bottom 70% - Lower Risk
2164208,202606,2026-06-15,0.2509143,0.8767576509511993,Bottom 70% - Lower Risk
2112023,202606,2026-06-15,0.25078264,0.8773484579936193,Bottom 70% - Lower Risk
2299894,202606,2026-06-15,0.25078264,0.8768758123596834,Bottom 70% - Lower Risk
2180274,202512,2025-12-16,0.25078264,0.8769939737681673,Bottom 70% - Lower Risk
2149964,202512,2025-12-16,0.25078264,0.8772302965851353,Bottom 70% - Lower Risk
2249791,202606,2026-06-15,0.25078264,0.8775847808105872,Bottom 70% - Lower Risk
2285475,202606,2026-06-15,0.25078264,0.8771121351766513,Bottom 70% - Lower Risk
2422616,202606,2026-06-15,0.25078264,0.8774666194021032,Bottom 70% - Lower Risk
2110046,202606,2026-06-15,0.25068268,0.8777029422190713,Bottom 70% - Lower Risk
2495734,202606,2026-06-15,0.25063285,0.8778211036275553,Bottom 70% - Lower Risk
2344195,202606,2026-06-15,0.25061864,0.8779392650360393,Bottom 70% - Lower Risk
2229871,202606,2026-06-15,0.25054303,0.8780574264445232,Bottom 70% - Lower Risk
2366393,202606,2026-06-15,0.25054303,0.8781755878530072,Bottom 70% - Lower Risk
2478937,202606,2026-06-15,0.25048456,0.8782937492614912,Bottom 70% - Lower Risk
2046016,202606,2026-06-15,0.25040516,0.8784119106699751,Bottom 70% - Lower Risk
2397814,202606,2026-06-15,0.25039425,0.8785300720784591,Bottom 70% - Lower Risk
2313223,202605,2026-05-16,0.2502912,0.8786482334869432,Bottom 70% - Lower Risk
2076064,202606,2026-06-15,0.25027448,0.8787663948954272,Bottom 70% - Lower Risk
2110488,202606,2026-06-15,0.25014153,0.8788845563039112,Bottom 70% - Lower Risk
2214044,202606,2026-06-15,0.25005484,0.8790027177123951,Bottom 70% - Lower Risk
2174234,202606,2026-06-15,0.2500022,0.8791208791208791,Bottom 70% - Lower Risk
2183461,202606,2026-06-15,0.2500022,0.8792390405293631,Bottom 70% - Lower Risk
2426708,202606,2026-06-15,0.24999273,0.879357201937847,Bottom 70% - Lower Risk
2202675,202606,2026-06-15,0.24999273,0.8794753633463311,Bottom 70% - Lower Risk
2437660,202606,2026-06-15,0.24993457,0.8795935247548151,Bottom 70% - Lower Risk
2287899,202606,2026-06-15,0.249917,0.8797116861632991,Bottom 70% - Lower Risk
2309887,202606,2026-06-15,0.24985394,0.8798298475717831,Bottom 70% - Lower Risk
2358636,202606,2026-06-15,0.24972802,0.879948008980267,Bottom 70% - Lower Risk
2314613,202606,2026-06-15,0.24968639,0.880066170388751,Bottom 70% - Lower Risk
2487224,202606,2026-06-15,0.24959642,0.880184331797235,Bottom 70% - Lower Risk
2487230,202606,2026-06-15,0.249539,0.880420654614203,Bottom 70% - Lower Risk
2358771,202606,2026-06-15,0.249539,0.880302493205719,Bottom 70% - Lower Risk
2553307,202606,2026-06-15,0.24952906,0.880538816022687,Bottom 70% - Lower Risk
2482066,202606,2026-06-15,0.24946348,0.880656977431171,Bottom 70% - Lower Risk
2574979,202606,2026-06-15,0.24944393,0.880775138839655,Bottom 70% - Lower Risk
2103928,202606,2026-06-15,0.24937737,0.8810114616566229,Bottom 70% - Lower Risk
2386147,202606,2026-06-15,0.24937737,0.8808933002481389,Bottom 70% - Lower Risk
2044503,202606,2026-06-15,0.24930075,0.8811296230651069,Bottom 70% - Lower Risk
2575020,202606,2026-06-15,0.24925795,0.881247784473591,Bottom 70% - Lower Risk
2451498,202606,2026-06-15,0.24924359,0.881365945882075,Bottom 70% - Lower Risk
2552362,202606,2026-06-15,0.24921042,0.8814841072905589,Bottom 70% - Lower Risk
2252777,202606,2026-06-15,0.2490763,0.8816022686990429,Bottom 70% - Lower Risk
2300400,202512,2025-12-16,0.24899483,0.8817204301075269,Bottom 70% - Lower Risk
2303191,202606,2026-06-15,0.24897403,0.8818385915160109,Bottom 70% - Lower Risk
2157765,202606,2026-06-15,0.24895062,0.8819567529244948,Bottom 70% - Lower Risk
2174332,202606,2026-06-15,0.24893911,0.8820749143329788,Bottom 70% - Lower Risk
2322279,202606,2026-06-15,0.24889885,0.8821930757414629,Bottom 70% - Lower Risk
2171213,202606,2026-06-15,0.24888417,0.8823112371499469,Bottom 70% - Lower Risk
2505704,202606,2026-06-15,0.24872793,0.8824293985584308,Bottom 70% - Lower Risk
2373064,202606,2026-06-15,0.24859254,0.8825475599669148,Bottom 70% - Lower Risk
2163313,202606,2026-06-15,0.24832444,0.8826657213753988,Bottom 70% - Lower Risk
2115979,202606,2026-06-15,0.24828145,0.8827838827838828,Bottom 70% - Lower Risk
2125637,202606,2026-06-15,0.2482222,0.8829020441923667,Bottom 70% - Lower Risk
2073689,202606,2026-06-15,0.24819204,0.8830202056008508,Bottom 70% - Lower Risk
2186902,202606,2026-06-15,0.24808508,0.8831383670093348,Bottom 70% - Lower Risk
2068743,202606,2026-06-15,0.24805392,0.8832565284178188,Bottom 70% - Lower Risk
2590109,202606,2026-06-15,0.24800023,0.8833746898263027,Bottom 70% - Lower Risk
2164074,202606,2026-06-15,0.24788427,0.8836110126432707,Bottom 70% - Lower Risk
2137191,202606,2026-06-15,0.24788427,0.8834928512347867,Bottom 70% - Lower Risk
2424324,202606,2026-06-15,0.24779236,0.8838473354602386,Bottom 70% - Lower Risk
2425076,202606,2026-06-15,0.24779236,0.8837291740517547,Bottom 70% - Lower Risk
2313986,202606,2026-06-15,0.24777538,0.8839654968687227,Bottom 70% - Lower Risk
2394222,202606,2026-06-15,0.24776633,0.8840836582772067,Bottom 70% - Lower Risk
2383282,202606,2026-06-15,0.24772474,0.8842018196856907,Bottom 70% - Lower Risk
2200105,202606,2026-06-15,0.24769862,0.8843199810941746,Bottom 70% - Lower Risk
2254683,202606,2026-06-15,0.24763975,0.8844381425026586,Bottom 70% - Lower Risk
2509156,202606,2026-06-15,0.2475742,0.8845563039111426,Bottom 70% - Lower Risk
2240303,202606,2026-06-15,0.24756692,0.8846744653196266,Bottom 70% - Lower Risk
2025938,202606,2026-06-15,0.24755076,0.8847926267281107,Bottom 70% - Lower Risk
2237876,202606,2026-06-15,0.2475128,0.8849107881365946,Bottom 70% - Lower Risk
2166350,202606,2026-06-15,0.24743992,0.8850289495450786,Bottom 70% - Lower Risk
2230342,202606,2026-06-15,0.24742012,0.8851471109535626,Bottom 70% - Lower Risk
2533080,202606,2026-06-15,0.24741916,0.8852652723620466,Bottom 70% - Lower Risk
2177351,202606,2026-06-15,0.24738729,0.8853834337705305,Bottom 70% - Lower Risk
2151840,202606,2026-06-15,0.24738729,0.8855015951790145,Bottom 70% - Lower Risk
2164826,202606,2026-06-15,0.24738349,0.8856197565874985,Bottom 70% - Lower Risk
2127613,202606,2026-06-15,0.24727294,0.8857379179959826,Bottom 70% - Lower Risk
2130119,202606,2026-06-15,0.24709022,0.8858560794044665,Bottom 70% - Lower Risk
2043601,202606,2026-06-15,0.2469879,0.8859742408129505,Bottom 70% - Lower Risk
2239737,202606,2026-06-15,0.24698074,0.8864468864468864,Bottom 70% - Lower Risk
2231336,202606,2026-06-15,0.24698074,0.8860924022214345,Bottom 70% - Lower Risk
2157516,202606,2026-06-15,0.24698074,0.8863287250384024,Bottom 70% - Lower Risk
2236109,202606,2026-06-15,0.24698074,0.8862105636299185,Bottom 70% - Lower Risk
2322236,202606,2026-06-15,0.2469635,0.8865650478553704,Bottom 70% - Lower Risk
2364247,202512,2025-12-16,0.24696289,0.8868013706723384,Bottom 70% - Lower Risk
2096949,202606,2026-06-15,0.24696289,0.8866832092638545,Bottom 70% - Lower Risk
2305803,202604,2026-04-15,0.24695177,0.8869195320808224,Bottom 70% - Lower Risk
2275154,202606,2026-06-15,0.24673657,0.8870376934893064,Bottom 70% - Lower Risk
2366454,202606,2026-06-15,0.24673456,0.8871558548977904,Bottom 70% - Lower Risk
2518741,202606,2026-06-15,0.24673218,0.8872740163062743,Bottom 70% - Lower Risk
2166758,202606,2026-06-15,0.24660745,0.8873921777147583,Bottom 70% - Lower Risk
2173877,202606,2026-06-15,0.24658903,0.8875103391232424,Bottom 70% - Lower Risk
2225128,202601,2026-01-15,0.24655086,0.8877466619402103,Bottom 70% - Lower Risk
2161614,202606,2026-06-15,0.24655086,0.8876285005317264,Bottom 70% - Lower Risk
2402968,202606,2026-06-15,0.24647161,0.8878648233486943,Bottom 70% - Lower Risk
2211151,202606,2026-06-15,0.24646772,0.8879829847571783,Bottom 70% - Lower Risk
2560708,202606,2026-06-15,0.24628396,0.8881011461656623,Bottom 70% - Lower Risk
2151126,202606,2026-06-15,0.2462826,0.8882193075741462,Bottom 70% - Lower Risk
2490452,202606,2026-06-15,0.24624594,0.8883374689826302,Bottom 70% - Lower Risk
2195723,202606,2026-06-15,0.2460881,0.8884556303911143,Bottom 70% - Lower Risk
2019309,202606,2026-06-15,0.24576291,0.8886919532080823,Bottom 70% - Lower Risk
2091364,202606,2026-06-15,0.24576291,0.8885737917995983,Bottom 70% - Lower Risk
2357325,202606,2026-06-15,0.24551232,0.8888101146165662,Bottom 70% - Lower Risk
2262069,202606,2026-06-15,0.24551155,0.8889282760250502,Bottom 70% - Lower Risk
2233811,202606,2026-06-15,0.24541855,0.8890464374335342,Bottom 70% - Lower Risk
2162778,202606,2026-06-15,0.2453519,0.8891645988420182,Bottom 70% - Lower Risk
2507799,202606,2026-06-15,0.2452655,0.8892827602505022,Bottom 70% - Lower Risk
2341188,202606,2026-06-15,0.24526326,0.8894009216589862,Bottom 70% - Lower Risk
2255220,202606,2026-06-15,0.24519353,0.8895190830674702,Bottom 70% - Lower Risk
2489467,202606,2026-06-15,0.24513896,0.8896372444759542,Bottom 70% - Lower Risk
2484959,202601,2026-01-15,0.24510363,0.8897554058844381,Bottom 70% - Lower Risk
2292984,202606,2026-06-15,0.24508853,0.8898735672929221,Bottom 70% - Lower Risk
2263447,202606,2026-06-15,0.24505128,0.8899917287014061,Bottom 70% - Lower Risk
2176537,202606,2026-06-15,0.24503957,0.8901098901098901,Bottom 70% - Lower Risk
2301352,202606,2026-06-15,0.24501091,0.8902280515183741,Bottom 70% - Lower Risk
2062698,202606,2026-06-15,0.2448517,0.8903462129268581,Bottom 70% - Lower Risk
2107693,202606,2026-06-15,0.24481067,0.8904643743353421,Bottom 70% - Lower Risk
2460432,202606,2026-06-15,0.24479684,0.8905825357438261,Bottom 70% - Lower Risk
2001343,202606,2026-06-15,0.24477446,0.89070069715231,Bottom 70% - Lower Risk
2046483,202606,2026-06-15,0.2446629,0.890818858560794,Bottom 70% - Lower Risk
2376808,202606,2026-06-15,0.24458064,0.890937019969278,Bottom 70% - Lower Risk
2391549,202606,2026-06-15,0.24447198,0.8910551813777621,Bottom 70% - Lower Risk
2288113,202606,2026-06-15,0.24444538,0.891173342786246,Bottom 70% - Lower Risk
2518262,202606,2026-06-15,0.2443816,0.89129150419473,Bottom 70% - Lower Risk
2048535,202606,2026-06-15,0.24433099,0.891409665603214,Bottom 70% - Lower Risk
2230667,202606,2026-06-15,0.24409136,0.891645988420182,Bottom 70% - Lower Risk
2279255,202606,2026-06-15,0.24409136,0.8918823112371499,Bottom 70% - Lower Risk
2403788,202606,2026-06-15,0.24409136,0.8917641498286659,Bottom 70% - Lower Risk
2219979,202606,2026-06-15,0.24409136,0.892000472645634,Bottom 70% - Lower Risk
2113960,202606,2026-06-15,0.24409136,0.891527827011698,Bottom 70% - Lower Risk
2086487,202606,2026-06-15,0.24409136,0.892118634054118,Bottom 70% - Lower Risk
2005055,202606,2026-06-15,0.24400872,0.8922367954626019,Bottom 70% - Lower Risk
2223162,202606,2026-06-15,0.24390872,0.8923549568710859,Bottom 70% - Lower Risk
2509684,202606,2026-06-15,0.24390292,0.8924731182795699,Bottom 70% - Lower Risk
2513400,202606,2026-06-15,0.24385466,0.8925912796880539,Bottom 70% - Lower Risk
2316745,202606,2026-06-15,0.24385148,0.8927094410965378,Bottom 70% - Lower Risk
2389795,202601,2026-01-15,0.2437834,0.8928276025050219,Bottom 70% - Lower Risk
2430189,202606,2026-06-15,0.24368107,0.8929457639135059,Bottom 70% - Lower Risk
2567993,202606,2026-06-15,0.24367352,0.8930639253219899,Bottom 70% - Lower Risk
2302577,202606,2026-06-15,0.2435823,0.8931820867304738,Bottom 70% - Lower Risk
2177318,202606,2026-06-15,0.2433429,0.8933002481389578,Bottom 70% - Lower Risk
2327702,202606,2026-06-15,0.24331738,0.8936547323644097,Bottom 70% - Lower Risk
2069604,202606,2026-06-15,0.24331738,0.8934184095474418,Bottom 70% - Lower Risk
2270090,202606,2026-06-15,0.24331738,0.8935365709559258,Bottom 70% - Lower Risk
2275145,202606,2026-06-15,0.2431369,0.8937728937728938,Bottom 70% - Lower Risk
2312313,202603,2026-03-18,0.243015,0.8938910551813778,Bottom 70% - Lower Risk
2566196,202606,2026-06-15,0.2429635,0.8940092165898618,Bottom 70% - Lower Risk
2429361,202606,2026-06-15,0.24290012,0.8941273779983457,Bottom 70% - Lower Risk
2294058,202606,2026-06-15,0.24286169,0.8942455394068297,Bottom 70% - Lower Risk
2424950,202606,2026-06-15,0.2428377,0.8944818622237977,Bottom 70% - Lower Risk
2192750,202606,2026-06-15,0.2428377,0.8943637008153137,Bottom 70% - Lower Risk
2181160,202606,2026-06-15,0.24270795,0.8946000236322817,Bottom 70% - Lower Risk
2132419,202606,2026-06-15,0.24261254,0.8947181850407657,Bottom 70% - Lower Risk
2183101,202606,2026-06-15,0.24236219,0.8948363464492497,Bottom 70% - Lower Risk
2515463,202606,2026-06-15,0.24224511,0.8949545078577337,Bottom 70% - Lower Risk
2247596,202606,2026-06-15,0.24223064,0.8950726692662176,Bottom 70% - Lower Risk
2069210,202606,2026-06-15,0.24208619,0.8953089920831856,Bottom 70% - Lower Risk
2563273,202606,2026-06-15,0.24208619,0.8951908306747016,Bottom 70% - Lower Risk
2436649,202606,2026-06-15,0.24203116,0.8954271534916696,Bottom 70% - Lower Risk
2226872,202606,2026-06-15,0.2420089,0.8955453149001537,Bottom 70% - Lower Risk
2164948,202606,2026-06-15,0.2419058,0.8956634763086376,Bottom 70% - Lower Risk
2054484,202606,2026-06-15,0.241875,0.8957816377171216,Bottom 70% - Lower Risk
2535148,202606,2026-06-15,0.241875,0.8958997991256056,Bottom 70% - Lower Risk
2184783,202606,2026-06-15,0.24181715,0.8960179605340896,Bottom 70% - Lower Risk
2430781,202606,2026-06-15,0.2418166,0.8961361219425735,Bottom 70% - Lower Risk
2179366,202606,2026-06-15,0.2417133,0.8964906061680256,Bottom 70% - Lower Risk
2019456,202606,2026-06-15,0.2417133,0.8966087675765095,Bottom 70% - Lower Risk
2301602,202606,2026-06-15,0.2417133,0.8962542833510575,Bottom 70% - Lower Risk
2367173,202606,2026-06-15,0.2417133,0.8963724447595416,Bottom 70% - Lower Risk
2621382,202606,2026-06-15,0.24168116,0.8967269289849935,Bottom 70% - Lower Risk
2516920,202606,2026-06-15,0.24164769,0.8968450903934775,Bottom 70% - Lower Risk
2555744,202606,2026-06-15,0.2414808,0.8969632518019615,Bottom 70% - Lower Risk
2051191,202606,2026-06-15,0.24130888,0.8970814132104454,Bottom 70% - Lower Risk
2239260,202606,2026-06-15,0.24124458,0.8971995746189294,Bottom 70% - Lower Risk
2423752,202606,2026-06-15,0.24120516,0.8973177360274135,Bottom 70% - Lower Risk
2491258,202606,2026-06-15,0.24114196,0.8975540588443814,Bottom 70% - Lower Risk
2186082,202606,2026-06-15,0.24114196,0.8974358974358975,Bottom 70% - Lower Risk
2308129,202606,2026-06-15,0.24107623,0.8976722202528654,Bottom 70% - Lower Risk
2516630,202602,2026-02-15,0.24106683,0.8977903816613494,Bottom 70% - Lower Risk
2438482,202606,2026-06-15,0.24104284,0.8980267044783173,Bottom 70% - Lower Risk
2057319,202606,2026-06-15,0.24104284,0.8979085430698334,Bottom 70% - Lower Risk
2188998,202602,2026-02-15,0.24097604,0.8981448658868014,Bottom 70% - Lower Risk
2318077,202606,2026-06-15,0.24097456,0.8982630272952854,Bottom 70% - Lower Risk
2233359,202606,2026-06-15,0.24095912,0.8983811887037694,Bottom 70% - Lower Risk
2541716,202606,2026-06-15,0.24091773,0.8984993501122533,Bottom 70% - Lower Risk
2415490,202606,2026-06-15,0.24091598,0.8986175115207373,Bottom 70% - Lower Risk
2468814,202606,2026-06-15,0.24084239,0.8987356729292213,Bottom 70% - Lower Risk
2366982,202512,2025-12-16,0.24063115,0.8988538343377053,Bottom 70% - Lower Risk
2581080,202606,2026-06-15,0.24055226,0.8989719957461892,Bottom 70% - Lower Risk
2280766,202606,2026-06-15,0.24044424,0.8990901571546733,Bottom 70% - Lower Risk
2210640,202512,2025-12-16,0.24039936,0.8992083185631573,Bottom 70% - Lower Risk
2278757,202606,2026-06-15,0.2403881,0.8993264799716413,Bottom 70% - Lower Risk
2284919,202603,2026-03-18,0.24025078,0.8994446413801253,Bottom 70% - Lower Risk
2315919,202606,2026-06-15,0.24020731,0.8995628027886092,Bottom 70% - Lower Risk
2025397,202606,2026-06-15,0.24001852,0.8996809641970932,Bottom 70% - Lower Risk
2044823,202606,2026-06-15,0.23998438,0.8997991256055772,Bottom 70% - Lower Risk
2528781,202606,2026-06-15,0.23981649,0.8999172870140613,Bottom 70% - Lower Risk
2621499,202606,2026-06-15,0.23971485,0.9000354484225452,Bottom 70% - Lower Risk
2389648,202606,2026-06-15,0.23970652,0.9001536098310292,Bottom 70% - Lower Risk
2396230,202606,2026-06-15,0.23969835,0.9002717712395132,Bottom 70% - Lower Risk
2181198,202606,2026-06-15,0.23955515,0.9003899326479972,Bottom 70% - Lower Risk
2488210,202606,2026-06-15,0.23954812,0.9005080940564811,Bottom 70% - Lower Risk
2548831,202606,2026-06-15,0.23945405,0.9006262554649651,Bottom 70% - Lower Risk
2172169,202606,2026-06-15,0.23936915,0.9007444168734491,Bottom 70% - Lower Risk
2275185,202606,2026-06-15,0.23930977,0.9009807396904171,Bottom 70% - Lower Risk
2261657,202606,2026-06-15,0.23930977,0.9008625782819332,Bottom 70% - Lower Risk
2177659,202512,2025-12-16,0.2391896,0.9010989010989011,Bottom 70% - Lower Risk
2376957,202606,2026-06-15,0.23900644,0.9012170625073851,Bottom 70% - Lower Risk
2178059,202606,2026-06-15,0.23900644,0.9013352239158691,Bottom 70% - Lower Risk
2216313,202606,2026-06-15,0.23900191,0.901453385324353,Bottom 70% - Lower Risk
2189976,202606,2026-06-15,0.23897,0.901689708141321,Bottom 70% - Lower Risk
2190360,202606,2026-06-15,0.23897,0.901571546732837,Bottom 70% - Lower Risk
2440017,202606,2026-06-15,0.23894054,0.9018078695498051,Bottom 70% - Lower Risk
2060333,202606,2026-06-15,0.23892285,0.901926030958289,Bottom 70% - Lower Risk
2527963,202606,2026-06-15,0.23883654,0.902044192366773,Bottom 70% - Lower Risk
2002866,202606,2026-06-15,0.23880768,0.902162353775257,Bottom 70% - Lower Risk
2428206,202512,2025-12-16,0.23872496,0.902280515183741,Bottom 70% - Lower Risk
2149842,202606,2026-06-15,0.23868899,0.902398676592225,Bottom 70% - Lower Risk
2255372,202606,2026-06-15,0.23866862,0.9025168380007089,Bottom 70% - Lower Risk
2431602,202606,2026-06-15,0.2386365,0.902634999409193,Bottom 70% - Lower Risk
2463455,202606,2026-06-15,0.23853137,0.902753160817677,Bottom 70% - Lower Risk
2377124,202606,2026-06-15,0.23840818,0.902871322226161,Bottom 70% - Lower Risk
2420243,202606,2026-06-15,0.23838425,0.9029894836346449,Bottom 70% - Lower Risk
2245603,202606,2026-06-15,0.23834375,0.9031076450431289,Bottom 70% - Lower Risk
2531449,202606,2026-06-15,0.2382634,0.9032258064516129,Bottom 70% - Lower Risk
2417963,202606,2026-06-15,0.23815833,0.9033439678600969,Bottom 70% - Lower Risk
2097777,202606,2026-06-15,0.23800738,0.9034621292685808,Bottom 70% - Lower Risk
2223679,202606,2026-06-15,0.23787957,0.9035802906770649,Bottom 70% - Lower Risk
2068460,202606,2026-06-15,0.23786254,0.9039347749025168,Bottom 70% - Lower Risk
2042629,202606,2026-06-15,0.23786254,0.9038166134940329,Bottom 70% - Lower Risk
2181149,202606,2026-06-15,0.23786254,0.9036984520855489,Bottom 70% - Lower Risk
2586799,202606,2026-06-15,0.23772094,0.9040529363110008,Bottom 70% - Lower Risk
2141686,202606,2026-06-15,0.23759922,0.9041710977194848,Bottom 70% - Lower Risk
2146013,202606,2026-06-15,0.23752417,0.9042892591279688,Bottom 70% - Lower Risk
2590808,202606,2026-06-15,0.2374832,0.9044074205364528,Bottom 70% - Lower Risk
2187946,202606,2026-06-15,0.23744385,0.9045255819449368,Bottom 70% - Lower Risk
2361949,202606,2026-06-15,0.23729548,0.9046437433534208,Bottom 70% - Lower Risk
2276465,202606,2026-06-15,0.23724368,0.9047619047619048,Bottom 70% - Lower Risk
2460556,202606,2026-06-15,0.23714879,0.9049982275788727,Bottom 70% - Lower Risk
2006525,202606,2026-06-15,0.23714879,0.9048800661703887,Bottom 70% - Lower Risk
2282293,202606,2026-06-15,0.23711106,0.9051163889873567,Bottom 70% - Lower Risk
2580507,202606,2026-06-15,0.23687421,0.9052345503958407,Bottom 70% - Lower Risk
2230052,202606,2026-06-15,0.23686506,0.9061798416637127,Bottom 70% - Lower Risk
2115915,202606,2026-06-15,0.23686506,0.9064161644806806,Bottom 70% - Lower Risk
2186536,202606,2026-06-15,0.23686506,0.9060616802552286,Bottom 70% - Lower Risk
2232053,202606,2026-06-15,0.23686506,0.9068888101146165,Bottom 70% - Lower Risk
2168499,202606,2026-06-15,0.23686506,0.9066524872976486,Bottom 70% - Lower Risk
2290664,202606,2026-06-15,0.23686506,0.9062980030721967,Bottom 70% - Lower Risk
2192517,202606,2026-06-15,0.23686506,0.9071251329315846,Bottom 70% - Lower Risk
2144005,202606,2026-06-15,0.23686506,0.9057071960297767,Bottom 70% - Lower Risk
2210806,202606,2026-06-15,0.23686506,0.9065343258891646,Bottom 70% - Lower Risk
2301075,202606,2026-06-15,0.23686506,0.9058253574382606,Bottom 70% - Lower Risk
2351468,202606,2026-06-15,0.23686506,0.9054708732128087,Bottom 70% - Lower Risk
2104341,202606,2026-06-15,0.23686506,0.9059435188467446,Bottom 70% - Lower Risk
2060141,202606,2026-06-15,0.23686506,0.9055890346212927,Bottom 70% - Lower Risk
2066112,202606,2026-06-15,0.23686506,0.9067706487061326,Bottom 70% - Lower Risk
2176132,202606,2026-06-15,0.23686506,0.9053527118043248,Bottom 70% - Lower Risk
2094503,202606,2026-06-15,0.23686506,0.9072432943400686,Bottom 70% - Lower Risk
2242999,202606,2026-06-15,0.23686506,0.9070069715231005,Bottom 70% - Lower Risk
2017739,202606,2026-06-15,0.23678401,0.9073614557485525,Bottom 70% - Lower Risk
2297316,202606,2026-06-15,0.23670523,0.9074796171570365,Bottom 70% - Lower Risk
2346772,202606,2026-06-15,0.23660997,0.9075977785655205,Bottom 70% - Lower Risk
2184450,202601,2026-01-15,0.23636825,0.9077159399740045,Bottom 70% - Lower Risk
2517647,202606,2026-06-15,0.23631965,0.9078341013824884,Bottom 70% - Lower Risk
2320358,202606,2026-06-15,0.23624766,0.9079522627909725,Bottom 70% - Lower Risk
2360752,202602,2026-02-15,0.23623168,0.9080704241994565,Bottom 70% - Lower Risk
2289839,202606,2026-06-15,0.23617284,0.9081885856079405,Bottom 70% - Lower Risk
2397647,202603,2026-03-18,0.23615688,0.9083067470164244,Bottom 70% - Lower Risk
2106841,202606,2026-06-15,0.23615216,0.9084249084249084,Bottom 70% - Lower Risk
2073028,202605,2026-05-16,0.23615216,0.9085430698333924,Bottom 70% - Lower Risk
2093743,202606,2026-06-15,0.2358745,0.9086612312418764,Bottom 70% - Lower Risk
2320553,202606,2026-06-15,0.23582833,0.9087793926503603,Bottom 70% - Lower Risk
2203074,202606,2026-06-15,0.23576778,0.9090157154673284,Bottom 70% - Lower Risk
2353730,202605,2026-05-16,0.23576778,0.9088975540588444,Bottom 70% - Lower Risk
2349665,202606,2026-06-15,0.23573025,0.9091338768758124,Bottom 70% - Lower Risk
2074506,202601,2026-01-15,0.23548622,0.9092520382842963,Bottom 70% - Lower Risk
2050429,202606,2026-06-15,0.23529114,0.9093701996927803,Bottom 70% - Lower Risk
2350349,202606,2026-06-15,0.2352531,0.9094883611012643,Bottom 70% - Lower Risk
2286445,202606,2026-06-15,0.23510894,0.9096065225097483,Bottom 70% - Lower Risk
2026971,202606,2026-06-15,0.23502046,0.9097246839182324,Bottom 70% - Lower Risk
2256555,202606,2026-06-15,0.23485823,0.9098428453267163,Bottom 70% - Lower Risk
2086382,202606,2026-06-15,0.23485449,0.9099610067352003,Bottom 70% - Lower Risk
2121849,202606,2026-06-15,0.23481391,0.9100791681436843,Bottom 70% - Lower Risk
2308516,202606,2026-06-15,0.23472196,0.9101973295521683,Bottom 70% - Lower Risk
2145241,202606,2026-06-15,0.23464386,0.9103154909606522,Bottom 70% - Lower Risk
2434794,202606,2026-06-15,0.23459579,0.9104336523691362,Bottom 70% - Lower Risk
2475114,202606,2026-06-15,0.23445027,0.9105518137776202,Bottom 70% - Lower Risk
2164443,202606,2026-06-15,0.23444088,0.9106699751861043,Bottom 70% - Lower Risk
2360091,202606,2026-06-15,0.23430106,0.9107881365945882,Bottom 70% - Lower Risk
2167372,202604,2026-04-15,0.2342527,0.9109062980030722,Bottom 70% - Lower Risk
2361720,202606,2026-06-15,0.23424281,0.9110244594115562,Bottom 70% - Lower Risk
2576325,202606,2026-06-15,0.23407668,0.9111426208200402,Bottom 70% - Lower Risk
2116504,202606,2026-06-15,0.23382457,0.9112607822285241,Bottom 70% - Lower Risk
2397316,202606,2026-06-15,0.2337691,0.9113789436370081,Bottom 70% - Lower Risk
2330645,202606,2026-06-15,0.23372382,0.9114971050454922,Bottom 70% - Lower Risk
2195807,202606,2026-06-15,0.23357701,0.9116152664539762,Bottom 70% - Lower Risk
2248928,202606,2026-06-15,0.23351401,0.9117334278624601,Bottom 70% - Lower Risk
2453065,202606,2026-06-15,0.233395,0.9118515892709441,Bottom 70% - Lower Risk
2027383,202512,2025-12-16,0.23337197,0.9119697506794281,Bottom 70% - Lower Risk
2211255,202606,2026-06-15,0.23334154,0.9120879120879121,Bottom 70% - Lower Risk
2422505,202512,2025-12-16,0.23331852,0.912206073496396,Bottom 70% - Lower Risk
2034357,202603,2026-03-18,0.23328589,0.91232423490488,Bottom 70% - Lower Risk
2115757,202606,2026-06-15,0.23326103,0.9124423963133641,Bottom 70% - Lower Risk
2519414,202606,2026-06-15,0.2332444,0.9125605577218481,Bottom 70% - Lower Risk
2051724,202606,2026-06-15,0.2332334,0.912678719130332,Bottom 70% - Lower Risk
2083643,202606,2026-06-15,0.23313166,0.912796880538816,Bottom 70% - Lower Risk
2305694,202606,2026-06-15,0.23306866,0.9129150419473,Bottom 70% - Lower Risk
2440974,202604,2026-04-15,0.23288177,0.913033203355784,Bottom 70% - Lower Risk
2142574,202606,2026-06-15,0.23281047,0.913151364764268,Bottom 70% - Lower Risk
2275643,202606,2026-06-15,0.23269887,0.913269526172752,Bottom 70% - Lower Risk
2582220,202606,2026-06-15,0.23268306,0.913387687581236,Bottom 70% - Lower Risk
2096028,202606,2026-06-15,0.23264487,0.9138603332151719,Bottom 70% - Lower Risk
2030277,202606,2026-06-15,0.23264487,0.91350584898972,Bottom 70% - Lower Risk
2278248,202606,2026-06-15,0.23264487,0.9139784946236559,Bottom 70% - Lower Risk
2324878,202606,2026-06-15,0.23264487,0.9137421718066879,Bottom 70% - Lower Risk
2026298,202606,2026-06-15,0.23264487,0.913624010398204,Bottom 70% - Lower Risk
2415656,202606,2026-06-15,0.23256907,0.9140966560321399,Bottom 70% - Lower Risk
2151181,202606,2026-06-15,0.23249716,0.9142148174406239,Bottom 70% - Lower Risk
2401384,202606,2026-06-15,0.23222467,0.9143329788491079,Bottom 70% - Lower Risk
2265704,202606,2026-06-15,0.2321204,0.9144511402575919,Bottom 70% - Lower Risk
2282408,202606,2026-06-15,0.23211977,0.9145693016660759,Bottom 70% - Lower Risk
2178795,202606,2026-06-15,0.23209865,0.9146874630745598,Bottom 70% - Lower Risk
2248118,202606,2026-06-15,0.23193353,0.9148056244830438,Bottom 70% - Lower Risk
2091867,202606,2026-06-15,0.23181531,0.9149237858915278,Bottom 70% - Lower Risk
2281195,202606,2026-06-15,0.23172335,0.9150419473000119,Bottom 70% - Lower Risk
2144131,202606,2026-06-15,0.23172335,0.9151601087084958,Bottom 70% - Lower Risk
2099007,202606,2026-06-15,0.23157357,0.9152782701169798,Bottom 70% - Lower Risk
2215559,202606,2026-06-15,0.23150153,0.9153964315254638,Bottom 70% - Lower Risk
2084903,202606,2026-06-15,0.2313985,0.9155145929339478,Bottom 70% - Lower Risk
2144568,202606,2026-06-15,0.23136438,0.9156327543424317,Bottom 70% - Lower Risk
2287504,202606,2026-06-15,0.2312992,0.9157509157509157,Bottom 70% - Lower Risk
2007745,202606,2026-06-15,0.23127332,0.9159872385678838,Bottom 70% - Lower Risk
2125026,202606,2026-06-15,0.23127332,0.9162235613848517,Bottom 70% - Lower Risk
2185496,202606,2026-06-15,0.23127332,0.9161053999763678,Bottom 70% - Lower Risk
2357760,202606,2026-06-15,0.23127332,0.9158690771593997,Bottom 70% - Lower Risk
2515697,202606,2026-06-15,0.23115903,0.9163417227933357,Bottom 70% - Lower Risk
2120955,202606,2026-06-15,0.2310566,0.9164598842018197,Bottom 70% - Lower Risk
2344191,202606,2026-06-15,0.2310203,0.9165780456103036,Bottom 70% - Lower Risk
2243260,202606,2026-06-15,0.2308882,0.9166962070187876,Bottom 70% - Lower Risk
2293169,202606,2026-06-15,0.23085389,0.9168143684272716,Bottom 70% - Lower Risk
2303531,202606,2026-06-15,0.23081456,0.9169325298357557,Bottom 70% - Lower Risk
2276948,202606,2026-06-15,0.23074259,0.9170506912442397,Bottom 70% - Lower Risk
2255026,202606,2026-06-15,0.23073192,0.9171688526527236,Bottom 70% - Lower Risk
2068609,202606,2026-06-15,0.23069488,0.9172870140612076,Bottom 70% - Lower Risk
2050861,202606,2026-06-15,0.23066019,0.9177596596951436,Bottom 70% - Lower Risk
2028512,202606,2026-06-15,0.23066019,0.9175233368781756,Bottom 70% - Lower Risk
2054557,202606,2026-06-15,0.23066019,0.9174051754696916,Bottom 70% - Lower Risk
2229114,202606,2026-06-15,0.23066019,0.9178778211036276,Bottom 70% - Lower Risk
2193865,202606,2026-06-15,0.23066019,0.9176414982866595,Bottom 70% - Lower Risk
2299968,202606,2026-06-15,0.23051944,0.9179959825121116,Bottom 70% - Lower Risk
2307859,202606,2026-06-15,0.23046255,0.9181141439205955,Bottom 70% - Lower Risk
2177155,202606,2026-06-15,0.23032768,0.9182323053290795,Bottom 70% - Lower Risk
2164028,202606,2026-06-15,0.23032081,0.9184686281460475,Bottom 70% - Lower Risk
2011159,202606,2026-06-15,0.23032081,0.9185867895545314,Bottom 70% - Lower Risk
2210802,202606,2026-06-15,0.23032081,0.9183504667375635,Bottom 70% - Lower Risk
2195351,202606,2026-06-15,0.22996338,0.9195320808224035,Bottom 70% - Lower Risk
2019834,202606,2026-06-15,0.22996338,0.9196502422308874,Bottom 70% - Lower Risk
2147856,202606,2026-06-15,0.22996338,0.9194139194139194,Bottom 70% - Lower Risk
2012973,202606,2026-06-15,0.22996338,0.9190594351884674,Bottom 70% - Lower Risk
2135467,202606,2026-06-15,0.22996338,0.9197684036393714,Bottom 70% - Lower Risk
2044368,202606,2026-06-15,0.22996338,0.9189412737799835,Bottom 70% - Lower Risk
2111083,202606,2026-06-15,0.22996338,0.9198865650478554,Bottom 70% - Lower Risk
2092434,202606,2026-06-15,0.22996338,0.9192957580054354,Bottom 70% - Lower Risk
2340932,202606,2026-06-15,0.22996338,0.9188231123714995,Bottom 70% - Lower Risk
2265828,202606,2026-06-15,0.22996338,0.9191775965969514,Bottom 70% - Lower Risk
2147171,202606,2026-06-15,0.22996338,0.9187049509630155,Bottom 70% - Lower Risk
2411851,202606,2026-06-15,0.22981463,0.9204773720902754,Bottom 70% - Lower Risk
2354520,202606,2026-06-15,0.22981463,0.9202410492733073,Bottom 70% - Lower Risk
2169904,202606,2026-06-15,0.22981463,0.9201228878648233,Bottom 70% - Lower Risk
2255853,202606,2026-06-15,0.22981463,0.9203592106817913,Bottom 70% - Lower Risk
2196886,202606,2026-06-15,0.22981463,0.9200047264563394,Bottom 70% - Lower Risk
2303378,202512,2025-12-16,0.22981332,0.9205955334987593,Bottom 70% - Lower Risk
2090924,202606,2026-06-15,0.22959304,0.9207136949072433,Bottom 70% - Lower Risk
2061923,202606,2026-06-15,0.22936067,0.9208318563157273,Bottom 70% - Lower Risk
2180980,202606,2026-06-15,0.22931498,0.9209500177242113,Bottom 70% - Lower Risk
2517498,202606,2026-06-15,0.22923467,0.9210681791326952,Bottom 70% - Lower Risk
2251233,202606,2026-06-15,0.22923179,0.9211863405411792,Bottom 70% - Lower Risk
2294391,202606,2026-06-15,0.22923048,0.9213045019496633,Bottom 70% - Lower Risk
2180651,202606,2026-06-15,0.22921193,0.9214226633581473,Bottom 70% - Lower Risk
2027429,202606,2026-06-15,0.2290165,0.9215408247666312,Bottom 70% - Lower Risk
2094470,202606,2026-06-15,0.22900428,0.9217771475835992,Bottom 70% - Lower Risk
2039405,202606,2026-06-15,0.22900428,0.9216589861751152,Bottom 70% - Lower Risk
2032819,202606,2026-06-15,0.22900428,0.9218953089920832,Bottom 70% - Lower Risk
2513188,202606,2026-06-15,0.22897843,0.9220134704005671,Bottom 70% - Lower Risk
2190211,202606,2026-06-15,0.22868249,0.9221316318090511,Bottom 70% - Lower Risk
2180066,202606,2026-06-15,0.22868249,0.9222497932175352,Bottom 70% - Lower Risk
2105624,202606,2026-06-15,0.22865026,0.9223679546260192,Bottom 70% - Lower Risk
2321998,202606,2026-06-15,0.2285944,0.9224861160345031,Bottom 70% - Lower Risk
2169094,202606,2026-06-15,0.22845241,0.9227224388514711,Bottom 70% - Lower Risk
2342666,202606,2026-06-15,0.22845241,0.9226042774429871,Bottom 70% - Lower Risk
2266514,202606,2026-06-15,0.22840275,0.9228406002599551,Bottom 70% - Lower Risk
2303262,202606,2026-06-15,0.22830135,0.922958761668439,Bottom 70% - Lower Risk
2153134,202605,2026-05-16,0.22815709,0.9230769230769231,Bottom 70% - Lower Risk
2469936,202606,2026-06-15,0.22813788,0.9231950844854071,Bottom 70% - Lower Risk
2076972,202606,2026-06-15,0.2281278,0.9233132458938911,Bottom 70% - Lower Risk
2088641,202606,2026-06-15,0.22806405,0.923431407302375,Bottom 70% - Lower Risk
2194511,202606,2026-06-15,0.22800682,0.923785891527827,Bottom 70% - Lower Risk
2102900,202606,2026-06-15,0.22800682,0.924022214344795,Bottom 70% - Lower Risk
2178645,202606,2026-06-15,0.22800682,0.923904052936311,Bottom 70% - Lower Risk
2302604,202606,2026-06-15,0.22800682,0.923549568710859,Bottom 70% - Lower Risk
2113925,202606,2026-06-15,0.22800682,0.923667730119343,Bottom 70% - Lower Risk
2476812,202606,2026-06-15,0.22799447,0.924140375753279,Bottom 70% - Lower Risk
2355418,202606,2026-06-15,0.2278162,0.924258537161763,Bottom 70% - Lower Risk
2132873,202606,2026-06-15,0.22772719,0.9250856670211509,Bottom 70% - Lower Risk
2305599,202606,2026-06-15,0.22772719,0.9247311827956989,Bottom 70% - Lower Risk
2018204,202606,2026-06-15,0.22772719,0.924849344204183,Bottom 70% - Lower Risk
2191503,202606,2026-06-15,0.22772719,0.9246130213872149,Bottom 70% - Lower Risk
2026443,202606,2026-06-15,0.22772719,0.9249675056126669,Bottom 70% - Lower Risk
2178531,202606,2026-06-15,0.22772719,0.924376698570247,Bottom 70% - Lower Risk
2063883,202606,2026-06-15,0.22772719,0.9244948599787309,Bottom 70% - Lower Risk
2108109,202606,2026-06-15,0.22767629,0.9254401512466028,Bottom 70% - Lower Risk
2096261,202606,2026-06-15,0.22767629,0.9252038284296349,Bottom 70% - Lower Risk
2174034,202606,2026-06-15,0.22767629,0.9253219898381189,Bottom 70% - Lower Risk
2558963,202604,2026-04-15,0.22762293,0.9255583126550868,Bottom 70% - Lower Risk
2229960,202606,2026-06-15,0.22754277,0.9256764740635708,Bottom 70% - Lower Risk
2302295,202606,2026-06-15,0.22754277,0.9257946354720549,Bottom 70% - Lower Risk
2091755,202606,2026-06-15,0.22740637,0.9260309582890228,Bottom 70% - Lower Risk
2258318,202606,2026-06-15,0.22740637,0.9259127968805388,Bottom 70% - Lower Risk
2349920,202606,2026-06-15,0.2273136,0.9261491196975068,Bottom 70% - Lower Risk
2127373,202606,2026-06-15,0.22723936,0.9262672811059908,Bottom 70% - Lower Risk
2254157,202606,2026-06-15,0.22722551,0.9263854425144747,Bottom 70% - Lower Risk
2123819,202606,2026-06-15,0.22719961,0.9265036039229587,Bottom 70% - Lower Risk
2171677,202606,2026-06-15,0.22714312,0.9266217653314428,Bottom 70% - Lower Risk
2066973,202606,2026-06-15,0.22714312,0.9267399267399268,Bottom 70% - Lower Risk
2061943,202606,2026-06-15,0.2270975,0.9268580881484108,Bottom 70% - Lower Risk
2245483,202606,2026-06-15,0.22708978,0.9269762495568947,Bottom 70% - Lower Risk
2030288,202606,2026-06-15,0.2270638,0.9270944109653787,Bottom 70% - Lower Risk
2197840,202606,2026-06-15,0.2270638,0.9273307337823467,Bottom 70% - Lower Risk
2106265,202606,2026-06-15,0.2270638,0.9272125723738627,Bottom 70% - Lower Risk
2178911,202606,2026-06-15,0.2270638,0.9274488951908306,Bottom 70% - Lower Risk
2460726,202606,2026-06-15,0.2269281,0.9275670565993147,Bottom 70% - Lower Risk
2129489,202606,2026-06-15,0.22688141,0.9279215408247666,Bottom 70% - Lower Risk
2271994,202606,2026-06-15,0.22688141,0.9278033794162827,Bottom 70% - Lower Risk
2427071,202606,2026-06-15,0.22688141,0.9276852180077987,Bottom 70% - Lower Risk
2551749,202606,2026-06-15,0.22675134,0.9280397022332506,Bottom 70% - Lower Risk
2060400,202606,2026-06-15,0.22675066,0.9281578636417346,Bottom 70% - Lower Risk
2000513,202606,2026-06-15,0.22660737,0.9282760250502186,Bottom 70% - Lower Risk
2060709,202606,2026-06-15,0.2265172,0.9283941864587026,Bottom 70% - Lower Risk
2145731,202606,2026-06-15,0.22637852,0.9286305092756706,Bottom 70% - Lower Risk
2239499,202606,2026-06-15,0.22637852,0.9285123478671866,Bottom 70% - Lower Risk
2058095,202606,2026-06-15,0.22637852,0.9288668320926385,Bottom 70% - Lower Risk
2094817,202606,2026-06-15,0.22637852,0.9287486706841546,Bottom 70% - Lower Risk
2057813,202606,2026-06-15,0.22637852,0.9289849935011225,Bottom 70% - Lower Risk
2485018,202606,2026-06-15,0.22632203,0.9291031549096065,Bottom 70% - Lower Risk
2202205,202606,2026-06-15,0.22630742,0.9292213163180905,Bottom 70% - Lower Risk
2091098,202606,2026-06-15,0.22625938,0.9293394777265745,Bottom 70% - Lower Risk
2141212,202606,2026-06-15,0.22625938,0.9298121233605104,Bottom 70% - Lower Risk
2100602,202606,2026-06-15,0.22625938,0.9295758005435425,Bottom 70% - Lower Risk
2354989,202606,2026-06-15,0.22625938,0.9294576391350585,Bottom 70% - Lower Risk
2139891,202606,2026-06-15,0.22625938,0.9296939619520265,Bottom 70% - Lower Risk
2133878,202606,2026-06-15,0.22623116,0.9302847689944465,Bottom 70% - Lower Risk
2303388,202606,2026-06-15,0.22623116,0.9299302847689944,Bottom 70% - Lower Risk
2215790,202606,2026-06-15,0.22623116,0.9301666075859625,Bottom 70% - Lower Risk
2071847,202606,2026-06-15,0.22623116,0.9300484461774784,Bottom 70% - Lower Risk
2148637,202606,2026-06-15,0.2261939,0.9304029304029304,Bottom 70% - Lower Risk
2026796,202606,2026-06-15,0.22615695,0.9305210918114144,Bottom 70% - Lower Risk
2263309,202606,2026-06-15,0.22611324,0.9306392532198984,Bottom 70% - Lower Risk
2443586,202606,2026-06-15,0.22610278,0.9307574146283824,Bottom 70% - Lower Risk
2105109,202606,2026-06-15,0.2260749,0.9308755760368663,Bottom 70% - Lower Risk
2066765,202606,2026-06-15,0.22606887,0.9309937374453503,Bottom 70% - Lower Risk
2513712,202606,2026-06-15,0.22598834,0.9311118988538344,Bottom 70% - Lower Risk
2135226,202606,2026-06-15,0.22596166,0.9312300602623184,Bottom 70% - Lower Risk
2122156,202606,2026-06-15,0.22595441,0.9315845444877703,Bottom 70% - Lower Risk
2013828,202606,2026-06-15,0.22595441,0.9314663830792863,Bottom 70% - Lower Risk
2105344,202606,2026-06-15,0.22595441,0.9313482216708023,Bottom 70% - Lower Risk
2187843,202606,2026-06-15,0.22589447,0.9317027058962543,Bottom 70% - Lower Risk
2327568,202606,2026-06-15,0.22589447,0.9318208673047382,Bottom 70% - Lower Risk
2108949,202606,2026-06-15,0.22587322,0.9324116743471582,Bottom 70% - Lower Risk
2252986,202606,2026-06-15,0.22587322,0.9321753515301903,Bottom 70% - Lower Risk
2135627,202606,2026-06-15,0.22587322,0.9320571901217063,Bottom 70% - Lower Risk
2283795,202606,2026-06-15,0.22587322,0.9319390287132222,Bottom 70% - Lower Risk
2166285,202606,2026-06-15,0.22587322,0.9322935129386742,Bottom 70% - Lower Risk
2460028,202606,2026-06-15,0.22587156,0.9325298357556422,Bottom 70% - Lower Risk
2081820,202606,2026-06-15,0.22585362,0.9326479971641262,Bottom 70% - Lower Risk
2296856,202606,2026-06-15,0.22578001,0.9327661585726101,Bottom 70% - Lower Risk
2047496,202606,2026-06-15,0.22571608,0.9328843199810942,Bottom 70% - Lower Risk
2237164,202605,2026-05-16,0.22570364,0.9330024813895782,Bottom 70% - Lower Risk
2204781,202606,2026-06-15,0.22570364,0.9331206427980622,Bottom 70% - Lower Risk
2465396,202606,2026-06-15,0.22567879,0.9332388042065461,Bottom 70% - Lower Risk
2570430,202606,2026-06-15,0.2256004,0.9333569656150301,Bottom 70% - Lower Risk
2612518,202606,2026-06-15,0.22551787,0.9334751270235141,Bottom 70% - Lower Risk
2299944,202606,2026-06-15,0.22546303,0.9335932884319981,Bottom 70% - Lower Risk
2275750,202602,2026-02-15,0.22538863,0.933711449840482,Bottom 70% - Lower Risk
2004132,202606,2026-06-15,0.22522931,0.9338296112489661,Bottom 70% - Lower Risk
2090957,202606,2026-06-15,0.22522931,0.9346567411083541,Bottom 70% - Lower Risk
2179321,202606,2026-06-15,0.22522931,0.934420418291386,Bottom 70% - Lower Risk
2295755,202606,2026-06-15,0.22522931,0.934302256882902,Bottom 70% - Lower Risk
2096264,202512,2025-12-16,0.22522931,0.9339477726574501,Bottom 70% - Lower Risk
2155221,202606,2026-06-15,0.22522931,0.934184095474418,Bottom 70% - Lower Risk
2146133,202606,2026-06-15,0.22522931,0.93453857969987,Bottom 70% - Lower Risk
2160836,202606,2026-06-15,0.22522931,0.9340659340659341,Bottom 70% - Lower Risk
2004395,202606,2026-06-15,0.22511481,0.934774902516838,Bottom 70% - Lower Risk
2281863,202606,2026-06-15,0.22510505,0.934893063925322,Bottom 70% - Lower Risk
2270912,202606,2026-06-15,0.22503465,0.935011225333806,Bottom 70% - Lower Risk
2301448,202606,2026-06-15,0.22501741,0.93512938674229,Bottom 70% - Lower Risk
2137493,202602,2026-02-15,0.22499137,0.9352475481507739,Bottom 70% - Lower Risk
2554066,202606,2026-06-15,0.2248893,0.9353657095592579,Bottom 70% - Lower Risk
2115310,202606,2026-06-15,0.22476624,0.9354838709677419,Bottom 70% - Lower Risk
2314415,202606,2026-06-15,0.22474869,0.935602032376226,Bottom 70% - Lower Risk
2574222,202606,2026-06-15,0.22471218,0.9357201937847099,Bottom 70% - Lower Risk
2515869,202606,2026-06-15,0.22471218,0.9358383551931939,Bottom 70% - Lower Risk
2039757,202512,2025-12-16,0.22467072,0.9359565166016779,Bottom 70% - Lower Risk
2101551,202606,2026-06-15,0.22454779,0.9361928394186458,Bottom 70% - Lower Risk
2090368,202606,2026-06-15,0.22454779,0.9360746780101619,Bottom 70% - Lower Risk
2501597,202606,2026-06-15,0.22440487,0.9363110008271298,Bottom 70% - Lower Risk
2462829,202606,2026-06-15,0.22434378,0.9364291622356139,Bottom 70% - Lower Risk
2062582,202606,2026-06-15,0.224242,0.9365473236440979,Bottom 70% - Lower Risk
2467804,202606,2026-06-15,0.22415376,0.9366654850525818,Bottom 70% - Lower Risk
2371536,202601,2026-01-15,0.2240829,0.9367836464610658,Bottom 70% - Lower Risk
2090303,202606,2026-06-15,0.22404687,0.9369018078695498,Bottom 70% - Lower Risk
2590116,202606,2026-06-15,0.22401033,0.9370199692780338,Bottom 70% - Lower Risk
2419624,202606,2026-06-15,0.22387952,0.9371381306865177,Bottom 70% - Lower Risk
2044517,202606,2026-06-15,0.223757,0.9372562920950017,Bottom 70% - Lower Risk
2179903,202606,2026-06-15,0.22352946,0.9373744535034858,Bottom 70% - Lower Risk
2162830,202606,2026-06-15,0.22329086,0.9374926149119698,Bottom 70% - Lower Risk
2378221,202606,2026-06-15,0.22325987,0.9376107763204538,Bottom 70% - Lower Risk
2471845,202606,2026-06-15,0.2232532,0.9377289377289377,Bottom 70% - Lower Risk
2420874,202606,2026-06-15,0.2230541,0.9378470991374217,Bottom 70% - Lower Risk
2376855,202606,2026-06-15,0.22303921,0.9379652605459057,Bottom 70% - Lower Risk
2159374,202606,2026-06-15,0.2229208,0.9380834219543897,Bottom 70% - Lower Risk
2183745,202606,2026-06-15,0.2229208,0.9382015833628737,Bottom 70% - Lower Risk
2271980,202606,2026-06-15,0.22285955,0.9383197447713577,Bottom 70% - Lower Risk
2042383,202606,2026-06-15,0.22285244,0.9384379061798417,Bottom 70% - Lower Risk
2352239,202606,2026-06-15,0.22285244,0.9385560675883257,Bottom 70% - Lower Risk
2055717,202606,2026-06-15,0.22277236,0.9386742289968096,Bottom 70% - Lower Risk
2151280,202606,2026-06-15,0.22271872,0.9387923904052936,Bottom 70% - Lower Risk
2235617,202606,2026-06-15,0.22271223,0.9389105518137776,Bottom 70% - Lower Risk
2382605,202606,2026-06-15,0.22265916,0.9390287132222616,Bottom 70% - Lower Risk
2556357,202606,2026-06-15,0.22253565,0.9391468746307456,Bottom 70% - Lower Risk
2484059,202606,2026-06-15,0.22224116,0.9392650360392296,Bottom 70% - Lower Risk
2181418,202601,2026-01-15,0.2221409,0.9393831974477136,Bottom 70% - Lower Risk
2500484,202606,2026-06-15,0.22201872,0.9395013588561976,Bottom 70% - Lower Risk
2391232,202606,2026-06-15,0.22201754,0.9396195202646815,Bottom 70% - Lower Risk
2266240,202606,2026-06-15,0.22201264,0.9397376816731655,Bottom 70% - Lower Risk
2187017,202606,2026-06-15,0.22195049,0.9398558430816495,Bottom 70% - Lower Risk
2141491,202606,2026-06-15,0.22192465,0.9399740044901336,Bottom 70% - Lower Risk
2253828,202606,2026-06-15,0.22192465,0.9400921658986175,Bottom 70% - Lower Risk
2525121,202606,2026-06-15,0.22168262,0.9402103273071015,Bottom 70% - Lower Risk
2038500,202606,2026-06-15,0.22166437,0.9403284887155855,Bottom 70% - Lower Risk
2171678,202606,2026-06-15,0.2216418,0.9404466501240695,Bottom 70% - Lower Risk
2057575,202606,2026-06-15,0.22148746,0.9406829729410374,Bottom 70% - Lower Risk
2047166,202606,2026-06-15,0.22148746,0.9405648115325534,Bottom 70% - Lower Risk
2398901,202606,2026-06-15,0.22146349,0.9408011343495214,Bottom 70% - Lower Risk
2183477,202606,2026-06-15,0.22144157,0.9409192957580055,Bottom 70% - Lower Risk
2209722,202606,2026-06-15,0.22141312,0.9410374571664895,Bottom 70% - Lower Risk
2022142,202606,2026-06-15,0.22137457,0.9411556185749734,Bottom 70% - Lower Risk
2285557,202606,2026-06-15,0.22134236,0.9412737799834574,Bottom 70% - Lower Risk
2001261,202606,2026-06-15,0.22132783,0.9413919413919414,Bottom 70% - Lower Risk
2142763,202606,2026-06-15,0.22131877,0.9415101028004254,Bottom 70% - Lower Risk
2204508,202606,2026-06-15,0.22130509,0.9416282642089093,Bottom 70% - Lower Risk
2042498,202606,2026-06-15,0.22128415,0.9417464256173934,Bottom 70% - Lower Risk
2524445,202606,2026-06-15,0.22125418,0.9418645870258774,Bottom 70% - Lower Risk
2124676,202606,2026-06-15,0.22105171,0.9419827484343614,Bottom 70% - Lower Risk
2337842,202606,2026-06-15,0.22099076,0.9421009098428453,Bottom 70% - Lower Risk
2079237,202601,2026-01-15,0.22097097,0.9422190712513293,Bottom 70% - Lower Risk
2039165,202606,2026-06-15,0.22093368,0.9423372326598133,Bottom 70% - Lower Risk
2128892,202606,2026-06-15,0.22091018,0.9424553940682973,Bottom 70% - Lower Risk
2330867,202606,2026-06-15,0.22086969,0.9425735554767812,Bottom 70% - Lower Risk
2273024,202606,2026-06-15,0.22084555,0.9428098782937493,Bottom 70% - Lower Risk
2091941,202606,2026-06-15,0.22084555,0.9426917168852653,Bottom 70% - Lower Risk
2340339,202512,2025-12-16,0.22078244,0.9429280397022333,Bottom 70% - Lower Risk
2115710,202606,2026-06-15,0.2207804,0.9430462011107172,Bottom 70% - Lower Risk
2168251,202606,2026-06-15,0.22073713,0.9431643625192012,Bottom 70% - Lower Risk
2192144,202606,2026-06-15,0.22073713,0.9432825239276852,Bottom 70% - Lower Risk
2216526,202606,2026-06-15,0.22065492,0.9434006853361692,Bottom 70% - Lower Risk
2325840,202606,2026-06-15,0.2205907,0.9435188467446533,Bottom 70% - Lower Risk
2230927,202606,2026-06-15,0.22054733,0.9436370081531372,Bottom 70% - Lower Risk
2055585,202606,2026-06-15,0.22049859,0.9437551695616212,Bottom 70% - Lower Risk
2100120,202606,2026-06-15,0.22049859,0.9438733309701052,Bottom 70% - Lower Risk
2370763,202606,2026-06-15,0.22049859,0.9439914923785891,Bottom 70% - Lower Risk
2294906,202601,2026-01-15,0.22030818,0.9441096537870731,Bottom 70% - Lower Risk
2308789,202606,2026-06-15,0.22030818,0.9442278151955571,Bottom 70% - Lower Risk
2108837,202606,2026-06-15,0.22029006,0.9443459766040411,Bottom 70% - Lower Risk
2091594,202606,2026-06-15,0.22017159,0.9448186222379771,Bottom 70% - Lower Risk
2071698,202606,2026-06-15,0.22017159,0.9447004608294931,Bottom 70% - Lower Risk
2173916,202606,2026-06-15,0.22017159,0.9445822994210091,Bottom 70% - Lower Risk
2192638,202606,2026-06-15,0.22017159,0.9444641380125252,Bottom 70% - Lower Risk
2050686,202606,2026-06-15,0.22003862,0.944936783646461,Bottom 70% - Lower Risk
2166976,202606,2026-06-15,0.2199345,0.945054945054945,Bottom 70% - Lower Risk
2483472,202606,2026-06-15,0.21993296,0.945173106463429,Bottom 70% - Lower Risk
2232244,202606,2026-06-15,0.21992098,0.9452912678719131,Bottom 70% - Lower Risk
2171788,202606,2026-06-15,0.2198331,0.945645752097365,Bottom 70% - Lower Risk
2191319,202606,2026-06-15,0.2198331,0.9454094292803971,Bottom 70% - Lower Risk
2212290,202606,2026-06-15,0.2198331,0.945763913505849,Bottom 70% - Lower Risk
2178496,202606,2026-06-15,0.2198331,0.945527590688881,Bottom 70% - Lower Risk
2471184,202512,2025-12-16,0.21974342,0.945882074914333,Bottom 70% - Lower Risk
2207855,202606,2026-06-15,0.21950048,0.9460002363228169,Bottom 70% - Lower Risk
2049721,202606,2026-06-15,0.21948732,0.946354720548269,Bottom 70% - Lower Risk
2225230,202606,2026-06-15,0.21948732,0.9465910433652369,Bottom 70% - Lower Risk
2135589,202606,2026-06-15,0.21948732,0.9461183977313009,Bottom 70% - Lower Risk
2210881,202606,2026-06-15,0.21948732,0.9467092047737209,Bottom 70% - Lower Risk
2169624,202606,2026-06-15,0.21948732,0.946236559139785,Bottom 70% - Lower Risk
2052117,202606,2026-06-15,0.21948732,0.9464728819567529,Bottom 70% - Lower Risk
2315829,202606,2026-06-15,0.21945985,0.9468273661822049,Bottom 70% - Lower Risk
2389275,202606,2026-06-15,0.2192417,0.9469455275906888,Bottom 70% - Lower Risk
2299594,202606,2026-06-15,0.21920367,0.9471818504076569,Bottom 70% - Lower Risk
2231913,202606,2026-06-15,0.21920367,0.9470636889991728,Bottom 70% - Lower Risk
2287255,202606,2026-06-15,0.2189297,0.9473000118161409,Bottom 70% - Lower Risk
2237164,202601,2026-01-15,0.21833842,0.9474181732246248,Bottom 70% - Lower Risk
2085311,202606,2026-06-15,0.21824828,0.9477726574500768,Bottom 70% - Lower Risk
2041945,202601,2026-01-15,0.21824828,0.9475363346331088,Bottom 70% - Lower Risk
2122598,202601,2026-01-15,0.21824828,0.9478908188585607,Bottom 70% - Lower Risk
2082585,202606,2026-06-15,0.21824828,0.9476544960415928,Bottom 70% - Lower Risk
2499769,202606,2026-06-15,0.21807072,0.9480089802670448,Bottom 70% - Lower Risk
2393757,202606,2026-06-15,0.21797955,0.9481271416755288,Bottom 70% - Lower Risk
2354693,202606,2026-06-15,0.21788871,0.9482453030840128,Bottom 70% - Lower Risk
2426789,202606,2026-06-15,0.21787451,0.9483634644924968,Bottom 70% - Lower Risk
2158372,202602,2026-02-15,0.21779552,0.9484816259009807,Bottom 70% - Lower Risk
2329600,202606,2026-06-15,0.21775891,0.9485997873094647,Bottom 70% - Lower Risk
2483473,202606,2026-06-15,0.21773644,0.9487179487179487,Bottom 70% - Lower Risk
2217166,202606,2026-06-15,0.21768464,0.9488361101264327,Bottom 70% - Lower Risk
2158916,202606,2026-06-15,0.21751764,0.9489542715349167,Bottom 70% - Lower Risk
2095394,202606,2026-06-15,0.21742776,0.9490724329434007,Bottom 70% - Lower Risk
2580018,202606,2026-06-15,0.21733469,0.9491905943518847,Bottom 70% - Lower Risk
2543621,202606,2026-06-15,0.21721582,0.9493087557603687,Bottom 70% - Lower Risk
2149752,202606,2026-06-15,0.21715584,0.9494269171688526,Bottom 70% - Lower Risk
2036451,202606,2026-06-15,0.21711235,0.9495450785773366,Bottom 70% - Lower Risk
2341526,202606,2026-06-15,0.21706901,0.9496632399858206,Bottom 70% - Lower Risk
2097568,202606,2026-06-15,0.21679705,0.9497814013943047,Bottom 70% - Lower Risk
2230238,202606,2026-06-15,0.21668267,0.9498995628027886,Bottom 70% - Lower Risk
2080935,202606,2026-06-15,0.21653946,0.9500177242112726,Bottom 70% - Lower Risk
2266582,202606,2026-06-15,0.21653946,0.9501358856197566,Bottom 70% - Lower Risk
2180587,202606,2026-06-15,0.21645688,0.9502540470282406,Bottom 70% - Lower Risk
2018297,202606,2026-06-15,0.21644987,0.9504903698452085,Bottom 70% - Lower Risk
2051784,202606,2026-06-15,0.21644987,0.9503722084367245,Bottom 70% - Lower Risk
2414873,202606,2026-06-15,0.21632822,0.9506085312536925,Bottom 70% - Lower Risk
2532713,202606,2026-06-15,0.21607685,0.9507266926621766,Bottom 70% - Lower Risk
2279382,202606,2026-06-15,0.21602139,0.9509630154791445,Bottom 70% - Lower Risk
2255969,202606,2026-06-15,0.21602139,0.9508448540706606,Bottom 70% - Lower Risk
2215095,202606,2026-06-15,0.2158874,0.9510811768876285,Bottom 70% - Lower Risk
2069514,202606,2026-06-15,0.21587406,0.9511993382961125,Bottom 70% - Lower Risk
2247815,202606,2026-06-15,0.21570343,0.9513174997045964,Bottom 70% - Lower Risk
2120812,202606,2026-06-15,0.21556184,0.9514356611130804,Bottom 70% - Lower Risk
2156560,202606,2026-06-15,0.21554132,0.9515538225215645,Bottom 70% - Lower Risk
2514647,202606,2026-06-15,0.2154369,0.9516719839300485,Bottom 70% - Lower Risk
2567563,202605,2026-05-16,0.21524665,0.9517901453385325,Bottom 70% - Lower Risk
2039878,202606,2026-06-15,0.2151127,0.9519083067470164,Bottom 70% - Lower Risk
2361590,202606,2026-06-15,0.21502578,0.9520264681555004,Bottom 70% - Lower Risk
2330606,202512,2025-12-16,0.21480435,0.9521446295639844,Bottom 70% - Lower Risk
2205389,202606,2026-06-15,0.21473154,0.9522627909724684,Bottom 70% - Lower Risk
2314338,202606,2026-06-15,0.2143798,0.9523809523809523,Bottom 70% - Lower Risk
2435954,202606,2026-06-15,0.21435548,0.9524991137894364,Bottom 70% - Lower Risk
2144873,202606,2026-06-15,0.21395096,0.9526172751979204,Bottom 70% - Lower Risk
2175544,202606,2026-06-15,0.21382213,0.9527354366064044,Bottom 70% - Lower Risk
2030376,202606,2026-06-15,0.21379326,0.9528535980148883,Bottom 70% - Lower Risk
2179726,202606,2026-06-15,0.21336949,0.9529717594233723,Bottom 70% - Lower Risk
2312595,202606,2026-06-15,0.2133121,0.9530899208318563,Bottom 70% - Lower Risk
2236896,202606,2026-06-15,0.213108,0.9532080822403403,Bottom 70% - Lower Risk
2325711,202606,2026-06-15,0.2130632,0.9533262436488243,Bottom 70% - Lower Risk
2301576,202606,2026-06-15,0.21297127,0.9534444050573083,Bottom 70% - Lower Risk
2328006,202602,2026-02-15,0.21295261,0.9535625664657923,Bottom 70% - Lower Risk
2518628,202606,2026-06-15,0.21283644,0.9536807278742763,Bottom 70% - Lower Risk
2133645,202606,2026-06-15,0.21269932,0.9537988892827602,Bottom 70% - Lower Risk
2525230,202606,2026-06-15,0.2124233,0.9539170506912442,Bottom 70% - Lower Risk
2609559,202606,2026-06-15,0.21226716,0.9540352120997282,Bottom 70% - Lower Risk
2104926,202606,2026-06-15,0.21220148,0.9541533735082122,Bottom 70% - Lower Risk
2223973,202606,2026-06-15,0.21210134,0.9542715349166963,Bottom 70% - Lower Risk
2172708,202606,2026-06-15,0.21209152,0.9545078577336642,Bottom 70% - Lower Risk
2365332,202606,2026-06-15,0.21209152,0.9543896963251802,Bottom 70% - Lower Risk
2178626,202606,2026-06-15,0.2120168,0.9546260191421482,Bottom 70% - Lower Risk
2566998,202604,2026-04-15,0.21186367,0.9548623419591161,Bottom 70% - Lower Risk
2202080,202606,2026-06-15,0.21186367,0.9547441805506321,Bottom 70% - Lower Risk
2148787,202606,2026-06-15,0.21171412,0.9552168261845682,Bottom 70% - Lower Risk
2067496,202606,2026-06-15,0.21171412,0.9549805033676001,Bottom 70% - Lower Risk
2363000,202606,2026-06-15,0.21171412,0.9554531490015361,Bottom 70% - Lower Risk
2180720,202606,2026-06-15,0.21171412,0.9553349875930521,Bottom 70% - Lower Risk
2108213,202606,2026-06-15,0.21171412,0.9550986647760842,Bottom 70% - Lower Risk
2529117,202606,2026-06-15,0.21167375,0.9555713104100201,Bottom 70% - Lower Risk
2457057,202606,2026-06-15,0.2115624,0.955689471818504,Bottom 70% - Lower Risk
2610789,202606,2026-06-15,0.21154839,0.955807633226988,Bottom 70% - Lower Risk
2084931,202606,2026-06-15,0.21139936,0.955925794635472,Bottom 70% - Lower Risk
2234556,202606,2026-06-15,0.21124879,0.9560439560439561,Bottom 70% - Lower Risk
2337543,202606,2026-06-15,0.21104771,0.9561621174524401,Bottom 70% - Lower Risk
2386517,202606,2026-06-15,0.21104771,0.956280278860924,Bottom 70% - Lower Risk
2159454,202606,2026-06-15,0.21095698,0.956398440269408,Bottom 70% - Lower Risk
2286648,202606,2026-06-15,0.21094075,0.956516601677892,Bottom 70% - Lower Risk
2533294,202606,2026-06-15,0.2109243,0.956634763086376,Bottom 70% - Lower Risk
2276161,202606,2026-06-15,0.21082191,0.9567529244948599,Bottom 70% - Lower Risk
2442569,202606,2026-06-15,0.21055366,0.956871085903344,Bottom 70% - Lower Risk
2112057,202606,2026-06-15,0.21023081,0.956989247311828,Bottom 70% - Lower Risk
2335384,202606,2026-06-15,0.21007255,0.957107408720312,Bottom 70% - Lower Risk
2054861,202606,2026-06-15,0.21002114,0.9572255701287959,Bottom 70% - Lower Risk
2311885,202606,2026-06-15,0.20988487,0.9573437315372799,Bottom 70% - Lower Risk
2480286,202606,2026-06-15,0.20983618,0.9574618929457639,Bottom 70% - Lower Risk
2350233,202606,2026-06-15,0.20969377,0.9575800543542479,Bottom 70% - Lower Risk
2337770,202606,2026-06-15,0.20952693,0.9576982157627318,Bottom 70% - Lower Risk
2059220,202606,2026-06-15,0.20946427,0.9578163771712159,Bottom 70% - Lower Risk
2187261,202606,2026-06-15,0.20931612,0.9579345385796999,Bottom 70% - Lower Risk
2236163,202606,2026-06-15,0.20920774,0.9580526999881839,Bottom 70% - Lower Risk
2494956,202606,2026-06-15,0.2091328,0.9581708613966679,Bottom 70% - Lower Risk
2454685,202606,2026-06-15,0.2090695,0.9582890228051518,Bottom 70% - Lower Risk
2310941,202606,2026-06-15,0.20837578,0.9584071842136358,Bottom 70% - Lower Risk
2295131,202606,2026-06-15,0.20835578,0.9585253456221198,Bottom 70% - Lower Risk
2209242,202606,2026-06-15,0.20821698,0.9586435070306039,Bottom 70% - Lower Risk
2025573,202606,2026-06-15,0.20814613,0.9587616684390878,Bottom 70% - Lower Risk
2554265,202606,2026-06-15,0.20796043,0.9588798298475718,Bottom 70% - Lower Risk
2275083,202606,2026-06-15,0.20772824,0.9589979912560558,Bottom 70% - Lower Risk
2191747,202606,2026-06-15,0.20758983,0.9591161526645398,Bottom 70% - Lower Risk
2579861,202606,2026-06-15,0.20757103,0.9592343140730237,Bottom 70% - Lower Risk
2521860,202606,2026-06-15,0.20706926,0.9593524754815077,Bottom 70% - Lower Risk
2241663,202606,2026-06-15,0.2070147,0.9594706368899917,Bottom 70% - Lower Risk
2263664,202606,2026-06-15,0.20694923,0.9595887982984758,Bottom 70% - Lower Risk
2118630,202606,2026-06-15,0.20677401,0.9597069597069597,Bottom 70% - Lower Risk
2071228,202606,2026-06-15,0.20668544,0.9598251211154437,Bottom 70% - Lower Risk
2432338,202606,2026-06-15,0.20664549,0.9599432825239277,Bottom 70% - Lower Risk
2137493,202512,2025-12-16,0.20637701,0.9600614439324117,Bottom 70% - Lower Risk
2337344,202606,2026-06-15,0.20629501,0.9601796053408956,Bottom 70% - Lower Risk
2328006,202604,2026-04-15,0.20621556,0.9602977667493796,Bottom 70% - Lower Risk
2613018,202606,2026-06-15,0.2059959,0.9604159281578637,Bottom 70% - Lower Risk
2466852,202606,2026-06-15,0.20585008,0.9605340895663477,Bottom 70% - Lower Risk
2533483,202606,2026-06-15,0.2056377,0.9606522509748316,Bottom 70% - Lower Risk
2452652,202606,2026-06-15,0.20552412,0.9607704123833156,Bottom 70% - Lower Risk
2508073,202606,2026-06-15,0.20548436,0.9608885737917996,Bottom 70% - Lower Risk
2399354,202604,2026-04-15,0.20533042,0.9611248966087675,Bottom 70% - Lower Risk
2154826,202606,2026-06-15,0.20533042,0.9610067352002836,Bottom 70% - Lower Risk
2274357,202606,2026-06-15,0.2052118,0.9612430580172515,Bottom 70% - Lower Risk
2117921,202606,2026-06-15,0.20501989,0.9613612194257356,Bottom 70% - Lower Risk
2176720,202606,2026-06-15,0.20480734,0.9614793808342196,Bottom 70% - Lower Risk
2253942,202606,2026-06-15,0.20471224,0.9615975422427036,Bottom 70% - Lower Risk
2213531,202606,2026-06-15,0.20469654,0.9617157036511875,Bottom 70% - Lower Risk
2575186,202605,2026-05-16,0.20466085,0.9618338650596715,Bottom 70% - Lower Risk
2175520,202606,2026-06-15,0.20464803,0.9619520264681555,Bottom 70% - Lower Risk
2500357,202606,2026-06-15,0.20464185,0.9620701878766394,Bottom 70% - Lower Risk
2233027,202606,2026-06-15,0.20420346,0.9621883492851234,Bottom 70% - Lower Risk
2351565,202601,2026-01-15,0.2039872,0.9623065106936075,Bottom 70% - Lower Risk
2460608,202606,2026-06-15,0.2037055,0.9624246721020915,Bottom 70% - Lower Risk
2527281,202606,2026-06-15,0.20369527,0.9625428335105755,Bottom 70% - Lower Risk
2389358,202606,2026-06-15,0.20350806,0.9626609949190594,Bottom 70% - Lower Risk
2254280,202601,2026-01-15,0.20316266,0.9627791563275434,Bottom 70% - Lower Risk
2109679,202606,2026-06-15,0.2029283,0.9628973177360274,Bottom 70% - Lower Risk
2115792,202601,2026-01-15,0.20289336,0.9630154791445114,Bottom 70% - Lower Risk
2223174,202606,2026-06-15,0.20289187,0.9631336405529954,Bottom 70% - Lower Risk
2173560,202602,2026-02-15,0.20241424,0.9632518019614794,Bottom 70% - Lower Risk
2617514,202606,2026-06-15,0.20207042,0.9633699633699634,Bottom 70% - Lower Risk
2244106,202606,2026-06-15,0.2019045,0.9634881247784474,Bottom 70% - Lower Risk
2243019,202606,2026-06-15,0.20127693,0.9636062861869313,Bottom 70% - Lower Risk
2440611,202606,2026-06-15,0.20122768,0.9637244475954153,Bottom 70% - Lower Risk
2089177,202606,2026-06-15,0.20105484,0.9638426090038993,Bottom 70% - Lower Risk
2202879,202606,2026-06-15,0.20097943,0.9640789318208673,Bottom 70% - Lower Risk
2178133,202606,2026-06-15,0.20097943,0.9639607704123833,Bottom 70% - Lower Risk
2588467,202606,2026-06-15,0.2008025,0.9641970932293513,Bottom 70% - Lower Risk
2493840,202606,2026-06-15,0.20014678,0.9643152546378353,Bottom 70% - Lower Risk
2426292,202606,2026-06-15,0.20007132,0.9644334160463193,Bottom 70% - Lower Risk
2034869,202606,2026-06-15,0.19994886,0.9645515774548032,Bottom 70% - Lower Risk
2179447,202601,2026-01-15,0.19987802,0.9646697388632872,Bottom 70% - Lower Risk
2418363,202601,2026-01-15,0.1997438,0.9647879002717712,Bottom 70% - Lower Risk
2178537,202606,2026-06-15,0.19972427,0.9649060616802553,Bottom 70% - Lower Risk
2261940,202606,2026-06-15,0.19958135,0.9650242230887393,Bottom 70% - Lower Risk
2177840,202606,2026-06-15,0.19957902,0.9651423844972232,Bottom 70% - Lower Risk
2330759,202606,2026-06-15,0.19955666,0.9652605459057072,Bottom 70% - Lower Risk
2045855,202606,2026-06-15,0.19920698,0.9653787073141912,Bottom 70% - Lower Risk
2400305,202606,2026-06-15,0.19920208,0.9654968687226752,Bottom 70% - Lower Risk
2220317,202601,2026-01-15,0.1990009,0.9656150301311591,Bottom 70% - Lower Risk
2115792,202604,2026-04-15,0.19893433,0.9657331915396431,Bottom 70% - Lower Risk
2533730,202606,2026-06-15,0.1989042,0.9658513529481272,Bottom 70% - Lower Risk
2501886,202606,2026-06-15,0.19885415,0.9659695143566112,Bottom 70% - Lower Risk
2132038,202602,2026-02-15,0.19851385,0.9660876757650951,Bottom 70% - Lower Risk
2586681,202606,2026-06-15,0.19849749,0.9662058371735791,Bottom 70% - Lower Risk
2489423,202604,2026-04-15,0.19843656,0.9663239985820631,Bottom 70% - Lower Risk
2339246,202606,2026-06-15,0.19833107,0.9664421599905471,Bottom 70% - Lower Risk
2154459,202604,2026-04-15,0.1983254,0.966560321399031,Bottom 70% - Lower Risk
2327248,202606,2026-06-15,0.19824716,0.9666784828075151,Bottom 70% - Lower Risk
2298204,202604,2026-04-15,0.19797142,0.9667966442159991,Bottom 70% - Lower Risk
2259669,202602,2026-02-15,0.19783601,0.9669148056244831,Bottom 70% - Lower Risk
2461738,202606,2026-06-15,0.19780417,0.967032967032967,Bottom 70% - Lower Risk
2219802,202606,2026-06-15,0.19775757,0.967151128441451,Bottom 70% - Lower Risk
2556344,202606,2026-06-15,0.19760028,0.967269289849935,Bottom 70% - Lower Risk
2108478,202602,2026-02-15,0.19757399,0.967387451258419,Bottom 70% - Lower Risk
2441093,202606,2026-06-15,0.19757031,0.9675056126669029,Bottom 70% - Lower Risk
2177526,202606,2026-06-15,0.19751342,0.967623774075387,Bottom 70% - Lower Risk
2145354,202606,2026-06-15,0.19746132,0.967741935483871,Bottom 70% - Lower Risk
2172623,202606,2026-06-15,0.19714013,0.967860096892355,Bottom 70% - Lower Risk
2270474,202606,2026-06-15,0.19710606,0.9680964197093229,Bottom 70% - Lower Risk
2244693,202601,2026-01-15,0.19710606,0.967978258300839,Bottom 70% - Lower Risk
2122168,202606,2026-06-15,0.19702327,0.9682145811178069,Bottom 70% - Lower Risk
2212104,202606,2026-06-15,0.19702327,0.9683327425262909,Bottom 70% - Lower Risk
2224267,202606,2026-06-15,0.19682717,0.968450903934775,Bottom 70% - Lower Risk
2510576,202606,2026-06-15,0.19620132,0.9685690653432589,Bottom 70% - Lower Risk
2271278,202606,2026-06-15,0.19617957,0.9686872267517429,Bottom 70% - Lower Risk
2297019,202606,2026-06-15,0.19568622,0.9688053881602269,Bottom 70% - Lower Risk
2099593,202606,2026-06-15,0.19560495,0.9689235495687109,Bottom 70% - Lower Risk
2364616,202512,2025-12-16,0.195547,0.9690417109771948,Bottom 70% - Lower Risk
2463974,202606,2026-06-15,0.19550061,0.9691598723856788,Bottom 70% - Lower Risk
2284201,202606,2026-06-15,0.19531956,0.9692780337941628,Bottom 70% - Lower Risk
2294178,202606,2026-06-15,0.19509253,0.9693961952026469,Bottom 70% - Lower Risk
2301352,202602,2026-02-15,0.19507201,0.9695143566111308,Bottom 70% - Lower Risk
2497985,202606,2026-06-15,0.19489966,0.9696325180196148,Bottom 70% - Lower Risk
2266506,202606,2026-06-15,0.1947651,0.9697506794280988,Bottom 70% - Lower Risk
2280730,202606,2026-06-15,0.19452196,0.9698688408365828,Bottom 70% - Lower Risk
2538190,202606,2026-06-15,0.19430666,0.9699870022450667,Bottom 70% - Lower Risk
2320389,202606,2026-06-15,0.19420803,0.9701051636535507,Bottom 70% - Lower Risk
2275750,202512,2025-12-16,0.19415168,0.9702233250620348,Bottom 70% - Lower Risk
2489378,202606,2026-06-15,0.19410917,0.9703414864705188,Bottom 70% - Lower Risk
2529162,202606,2026-06-15,0.19394569,0.9704596478790027,Bottom 70% - Lower Risk
2286562,202601,2026-01-15,0.19385795,0.9705778092874867,Bottom 70% - Lower Risk
2173973,202606,2026-06-15,0.19346413,0.9706959706959707,Bottom 70% - Lower Risk
2312629,202606,2026-06-15,0.19335137,0.9709322935129386,Bottom 70% - Lower Risk
2330632,202606,2026-06-15,0.19335137,0.9708141321044547,Bottom 70% - Lower Risk
2240024,202606,2026-06-15,0.19277234,0.9710504549214226,Bottom 70% - Lower Risk
2462025,202606,2026-06-15,0.19260538,0.9711686163299067,Bottom 70% - Lower Risk
2229686,202606,2026-06-15,0.19247167,0.9712867777383907,Bottom 70% - Lower Risk
2110585,202606,2026-06-15,0.19244032,0.9714049391468746,Bottom 70% - Lower Risk
2601102,202606,2026-06-15,0.19211578,0.9715231005553586,Bottom 70% - Lower Risk
2372290,202606,2026-06-15,0.19205785,0.9716412619638426,Bottom 70% - Lower Risk
2214921,202606,2026-06-15,0.19195421,0.9717594233723266,Bottom 70% - Lower Risk
2144023,202606,2026-06-15,0.19183475,0.9718775847808105,Bottom 70% - Lower Risk
2085709,202606,2026-06-15,0.1916005,0.9719957461892946,Bottom 70% - Lower Risk
2281203,202606,2026-06-15,0.19153124,0.9721139075977786,Bottom 70% - Lower Risk
2328692,202606,2026-06-15,0.19147144,0.9722320690062626,Bottom 70% - Lower Risk
2613883,202606,2026-06-15,0.1913565,0.9723502304147466,Bottom 70% - Lower Risk
2451040,202606,2026-06-15,0.19113564,0.9724683918232305,Bottom 70% - Lower Risk
2201201,202606,2026-06-15,0.1910947,0.9725865532317145,Bottom 70% - Lower Risk
2044757,202606,2026-06-15,0.1910501,0.9727047146401985,Bottom 70% - Lower Risk
2492943,202606,2026-06-15,0.19101702,0.9728228760486825,Bottom 70% - Lower Risk
2362064,202606,2026-06-15,0.19090049,0.9729410374571665,Bottom 70% - Lower Risk
2484910,202606,2026-06-15,0.19083628,0.9730591988656505,Bottom 70% - Lower Risk
2228849,202606,2026-06-15,0.19073313,0.9731773602741345,Bottom 70% - Lower Risk
2268690,202606,2026-06-15,0.19061263,0.9732955216826185,Bottom 70% - Lower Risk
2300979,202606,2026-06-15,0.19040827,0.9735318444995864,Bottom 70% - Lower Risk
2108757,202606,2026-06-15,0.19040827,0.9734136830911024,Bottom 70% - Lower Risk
2128330,202606,2026-06-15,0.19035882,0.9736500059080704,Bottom 70% - Lower Risk
2043424,202606,2026-06-15,0.19005856,0.9737681673165545,Bottom 70% - Lower Risk
2302336,202606,2026-06-15,0.18973665,0.9738863287250384,Bottom 70% - Lower Risk
2220388,202606,2026-06-15,0.18971491,0.9740044901335224,Bottom 70% - Lower Risk
2043730,202606,2026-06-15,0.18936302,0.9741226515420064,Bottom 70% - Lower Risk
2573954,202606,2026-06-15,0.18902029,0.9742408129504904,Bottom 70% - Lower Risk
2476620,202601,2026-01-15,0.18866442,0.9743589743589743,Bottom 70% - Lower Risk
2303446,202606,2026-06-15,0.1886075,0.9744771357674583,Bottom 70% - Lower Risk
2239525,202606,2026-06-15,0.18798506,0.9745952971759423,Bottom 70% - Lower Risk
2059787,202606,2026-06-15,0.18786016,0.9747134585844264,Bottom 70% - Lower Risk
2521493,202604,2026-04-15,0.18762217,0.9748316199929103,Bottom 70% - Lower Risk
2130898,202606,2026-06-15,0.18694788,0.9749497814013943,Bottom 70% - Lower Risk
2505058,202606,2026-06-15,0.18685405,0.9750679428098783,Bottom 70% - Lower Risk
2371475,202606,2026-06-15,0.18673414,0.9751861042183623,Bottom 70% - Lower Risk
2218753,202606,2026-06-15,0.18639278,0.9753042656268462,Bottom 70% - Lower Risk
2177659,202606,2026-06-15,0.18623954,0.9754224270353302,Bottom 70% - Lower Risk
2245482,202606,2026-06-15,0.1861166,0.9755405884438143,Bottom 70% - Lower Risk
2310341,202512,2025-12-16,0.1860962,0.9756587498522983,Bottom 70% - Lower Risk
2259412,202606,2026-06-15,0.18599865,0.9757769112607823,Bottom 70% - Lower Risk
2076892,202606,2026-06-15,0.18599421,0.9758950726692662,Bottom 70% - Lower Risk
2057639,202606,2026-06-15,0.18598393,0.9760132340777502,Bottom 70% - Lower Risk
2193057,202606,2026-06-15,0.18594514,0.9761313954862342,Bottom 70% - Lower Risk
2401368,202606,2026-06-15,0.18566307,0.9762495568947182,Bottom 70% - Lower Risk
2361563,202606,2026-06-15,0.18547888,0.9763677183032021,Bottom 70% - Lower Risk
2595642,202606,2026-06-15,0.18547037,0.9764858797116862,Bottom 70% - Lower Risk
2010795,202606,2026-06-15,0.18528149,0.9766040411201702,Bottom 70% - Lower Risk
2443246,202606,2026-06-15,0.185211,0.9767222025286542,Bottom 70% - Lower Risk
2442402,202606,2026-06-15,0.18516569,0.9768403639371381,Bottom 70% - Lower Risk
2356767,202606,2026-06-15,0.18510918,0.9769585253456221,Bottom 70% - Lower Risk
2345871,202606,2026-06-15,0.18498906,0.9771948481625901,Bottom 70% - Lower Risk
2359278,202606,2026-06-15,0.18498906,0.9770766867541061,Bottom 70% - Lower Risk
2389424,202606,2026-06-15,0.184746,0.977313009571074,Bottom 70% - Lower Risk
2058630,202606,2026-06-15,0.18465385,0.9774311709795581,Bottom 70% - Lower Risk
2234527,202606,2026-06-15,0.18451007,0.9775493323880421,Bottom 70% - Lower Risk
2453291,202606,2026-06-15,0.18440363,0.9776674937965261,Bottom 70% - Lower Risk
2305018,202606,2026-06-15,0.18434706,0.97778565520501,Bottom 70% - Lower Risk
2082200,202606,2026-06-15,0.18418206,0.977903816613494,Bottom 70% - Lower Risk
2214822,202606,2026-06-15,0.18417695,0.978021978021978,Bottom 70% - Lower Risk
2614307,202606,2026-06-15,0.18415868,0.978140139430462,Bottom 70% - Lower Risk
2577775,202606,2026-06-15,0.1841134,0.978258300838946,Bottom 70% - Lower Risk
2059381,202606,2026-06-15,0.184111,0.978494623655914,Bottom 70% - Lower Risk
2136740,202606,2026-06-15,0.184111,0.97837646224743,Bottom 70% - Lower Risk
2334983,202606,2026-06-15,0.18377297,0.978612785064398,Bottom 70% - Lower Risk
2043882,202606,2026-06-15,0.1835437,0.978730946472882,Bottom 70% - Lower Risk
2477783,202606,2026-06-15,0.18351394,0.9788491078813659,Bottom 70% - Lower Risk
2426225,202606,2026-06-15,0.18349883,0.9789672692898499,Bottom 70% - Lower Risk
2072294,202606,2026-06-15,0.18298674,0.9790854306983339,Bottom 70% - Lower Risk
2004706,202606,2026-06-15,0.18290186,0.979203592106818,Bottom 70% - Lower Risk
2159093,202606,2026-06-15,0.18266046,0.9793217535153019,Bottom 70% - Lower Risk
2312312,202606,2026-06-15,0.18255857,0.9794399149237859,Bottom 70% - Lower Risk
2370311,202606,2026-06-15,0.18223275,0.9795580763322699,Bottom 70% - Lower Risk
2334103,202606,2026-06-15,0.18200414,0.9796762377407539,Bottom 70% - Lower Risk
2097487,202606,2026-06-15,0.1818926,0.9797943991492378,Bottom 70% - Lower Risk
2622558,202606,2026-06-15,0.1814415,0.9799125605577218,Bottom 70% - Lower Risk
2005429,202606,2026-06-15,0.18118303,0.9800307219662059,Bottom 70% - Lower Risk
2211985,202606,2026-06-15,0.18116885,0.9801488833746899,Bottom 70% - Lower Risk
2554761,202606,2026-06-15,0.18115656,0.9802670447831738,Bottom 70% - Lower Risk
2014015,202606,2026-06-15,0.18115306,0.9803852061916578,Bottom 70% - Lower Risk
2154459,202601,2026-01-15,0.18095833,0.9805033676001418,Bottom 70% - Lower Risk
2071269,202606,2026-06-15,0.18050274,0.9806215290086258,Bottom 70% - Lower Risk
2485257,202606,2026-06-15,0.18049847,0.9807396904171097,Bottom 70% - Lower Risk
2082676,202606,2026-06-15,0.18015325,0.9808578518255937,Bottom 70% - Lower Risk
2087365,202601,2026-01-15,0.18003514,0.9809760132340778,Bottom 70% - Lower Risk
2038193,202606,2026-06-15,0.18001813,0.9810941746425618,Bottom 70% - Lower Risk
2275840,202601,2026-01-15,0.17965573,0.9812123360510457,Bottom 70% - Lower Risk
2412329,202512,2025-12-16,0.17964244,0.9813304974595297,Bottom 70% - Lower Risk
2077781,202606,2026-06-15,0.17961314,0.9814486588680137,Bottom 70% - Lower Risk
2106728,202606,2026-06-15,0.17899986,0.9815668202764977,Bottom 70% - Lower Risk
2046218,202606,2026-06-15,0.17872055,0.9816849816849816,Bottom 70% - Lower Risk
2022310,202606,2026-06-15,0.17861326,0.9818031430934657,Bottom 70% - Lower Risk
2281542,202606,2026-06-15,0.17835914,0.9819213045019497,Bottom 70% - Lower Risk
2264976,202606,2026-06-15,0.17817624,0.9820394659104337,Bottom 70% - Lower Risk
2608217,202606,2026-06-15,0.17812155,0.9822757887274016,Bottom 70% - Lower Risk
2285960,202606,2026-06-15,0.17812155,0.9821576273189176,Bottom 70% - Lower Risk
2004878,202606,2026-06-15,0.17812155,0.9823939501358856,Bottom 70% - Lower Risk
2131778,202606,2026-06-15,0.17785141,0.9825121115443696,Bottom 70% - Lower Risk
2175776,202606,2026-06-15,0.17752747,0.9826302729528535,Bottom 70% - Lower Risk
2524446,202606,2026-06-15,0.17738847,0.9827484343613376,Bottom 70% - Lower Risk
2406710,202606,2026-06-15,0.17735472,0.9828665957698216,Bottom 70% - Lower Risk
2394775,202606,2026-06-15,0.17720667,0.9829847571783056,Bottom 70% - Lower Risk
2175871,202606,2026-06-15,0.17702006,0.9831029185867896,Bottom 70% - Lower Risk
2321158,202606,2026-06-15,0.17698921,0.9832210799952735,Bottom 70% - Lower Risk
2415182,202606,2026-06-15,0.17698674,0.9833392414037575,Bottom 70% - Lower Risk
2259654,202606,2026-06-15,0.1769014,0.9834574028122415,Bottom 70% - Lower Risk
2138758,202606,2026-06-15,0.17685412,0.9835755642207256,Bottom 70% - Lower Risk
2055254,202606,2026-06-15,0.17620032,0.9836937256292095,Bottom 70% - Lower Risk
2128567,202606,2026-06-15,0.17598756,0.9838118870376935,Bottom 70% - Lower Risk
2218944,202606,2026-06-15,0.17558053,0.9839300484461775,Bottom 70% - Lower Risk
2386677,202606,2026-06-15,0.17557698,0.9840482098546615,Bottom 70% - Lower Risk
2105216,202606,2026-06-15,0.17557678,0.9841663712631454,Bottom 70% - Lower Risk
2208721,202606,2026-06-15,0.17526682,0.9842845326716294,Bottom 70% - Lower Risk
2493240,202602,2026-02-15,0.17508705,0.9844026940801134,Bottom 70% - Lower Risk
2538000,202606,2026-06-15,0.17504294,0.9845208554885975,Bottom 70% - Lower Risk
2554546,202606,2026-06-15,0.17502375,0.9846390168970814,Bottom 70% - Lower Risk
2137661,202606,2026-06-15,0.174585,0.9847571783055654,Bottom 70% - Lower Risk
2283189,202606,2026-06-15,0.1744762,0.9848753397140494,Bottom 70% - Lower Risk
2521493,202602,2026-02-15,0.17382841,0.9849935011225334,Bottom 70% - Lower Risk
2402937,202606,2026-06-15,0.17369953,0.9851116625310173,Bottom 70% - Lower Risk
2609335,202606,2026-06-15,0.17356047,0.9852298239395013,Bottom 70% - Lower Risk
2190410,202606,2026-06-15,0.17356047,0.9853479853479854,Bottom 70% - Lower Risk
2314621,202606,2026-06-15,0.1734172,0.9854661467564694,Bottom 70% - Lower Risk
2087025,202606,2026-06-15,0.17329705,0.9855843081649533,Bottom 70% - Lower Risk
2551939,202606,2026-06-15,0.17266768,0.9857024695734373,Bottom 70% - Lower Risk
2442827,202605,2026-05-16,0.17264546,0.9858206309819213,Bottom 70% - Lower Risk
2059035,202606,2026-06-15,0.17255421,0.9859387923904053,Bottom 70% - Lower Risk
2167607,202606,2026-06-15,0.17245437,0.9860569537988892,Bottom 70% - Lower Risk
2380650,202606,2026-06-15,0.1723249,0.9861751152073732,Bottom 70% - Lower Risk
2145565,202512,2025-12-16,0.17201804,0.9862932766158573,Bottom 70% - Lower Risk
2455435,202606,2026-06-15,0.17156829,0.9864114380243413,Bottom 70% - Lower Risk
2286885,202606,2026-06-15,0.17126282,0.9865295994328253,Bottom 70% - Lower Risk
2195376,202606,2026-06-15,0.17106706,0.9866477608413092,Bottom 70% - Lower Risk
2026062,202606,2026-06-15,0.17042896,0.9867659222497932,Bottom 70% - Lower Risk
2165609,202606,2026-06-15,0.17038287,0.9868840836582772,Bottom 70% - Lower Risk
2198405,202606,2026-06-15,0.16997781,0.9870022450667612,Bottom 70% - Lower Risk
2011982,202606,2026-06-15,0.16996211,0.9871204064752452,Bottom 70% - Lower Risk
2567867,202606,2026-06-15,0.16991661,0.9872385678837292,Bottom 70% - Lower Risk
2033635,202606,2026-06-15,0.16983794,0.9873567292922132,Bottom 70% - Lower Risk
2405841,202601,2026-01-15,0.16943412,0.9874748907006972,Bottom 70% - Lower Risk
2525409,202606,2026-06-15,0.16930702,0.9875930521091811,Bottom 70% - Lower Risk
2522180,202606,2026-06-15,0.1692327,0.9877112135176651,Bottom 70% - Lower Risk
2087992,202606,2026-06-15,0.16900414,0.9878293749261491,Bottom 70% - Lower Risk
2543997,202606,2026-06-15,0.16887712,0.9879475363346331,Bottom 70% - Lower Risk
2586426,202606,2026-06-15,0.16879627,0.9880656977431171,Bottom 70% - Lower Risk
2467209,202606,2026-06-15,0.16858566,0.9881838591516011,Bottom 70% - Lower Risk
2188865,202606,2026-06-15,0.16857593,0.9883020205600851,Bottom 70% - Lower Risk
2510712,202606,2026-06-15,0.16851959,0.9884201819685691,Bottom 70% - Lower Risk
2246030,202606,2026-06-15,0.16841172,0.988538343377053,Bottom 70% - Lower Risk
2444753,202606,2026-06-15,0.16837968,0.988656504785537,Bottom 70% - Lower Risk
2284481,202606,2026-06-15,0.16837727,0.988774666194021,Bottom 70% - Lower Risk
2276268,202606,2026-06-15,0.16820413,0.9888928276025051,Bottom 70% - Lower Risk
2150174,202606,2026-06-15,0.16786441,0.989010989010989,Bottom 70% - Lower Risk
2576032,202606,2026-06-15,0.16783392,0.989129150419473,Bottom 70% - Lower Risk
2079547,202606,2026-06-15,0.16778703,0.989247311827957,Bottom 70% - Lower Risk
2574392,202606,2026-06-15,0.16748656,0.989365473236441,Bottom 70% - Lower Risk
2116474,202606,2026-06-15,0.16738461,0.989483634644925,Bottom 70% - Lower Risk
2110447,202606,2026-06-15,0.16721359,0.9896017960534089,Bottom 70% - Lower Risk
2324118,202606,2026-06-15,0.16707763,0.9897199574618929,Bottom 70% - Lower Risk
2490041,202606,2026-06-15,0.1670305,0.989838118870377,Bottom 70% - Lower Risk
2437531,202606,2026-06-15,0.16693652,0.989956280278861,Bottom 70% - Lower Risk
2575810,202606,2026-06-15,0.1668771,0.9900744416873449,Bottom 70% - Lower Risk
2405585,202606,2026-06-15,0.16672902,0.9901926030958289,Bottom 70% - Lower Risk
2122399,202606,2026-06-15,0.16656776,0.9903107645043129,Bottom 70% - Lower Risk
2477102,202606,2026-06-15,0.16655394,0.9904289259127969,Bottom 70% - Lower Risk
2019250,202606,2026-06-15,0.16647883,0.9905470873212808,Bottom 70% - Lower Risk
2437893,202606,2026-06-15,0.16642338,0.9906652487297649,Bottom 70% - Lower Risk
2565517,202606,2026-06-15,0.16639183,0.9907834101382489,Bottom 70% - Lower Risk
2522936,202606,2026-06-15,0.16631562,0.9909015715467329,Bottom 70% - Lower Risk
2078112,202606,2026-06-15,0.16624428,0.9910197329552168,Bottom 70% - Lower Risk
2458595,202606,2026-06-15,0.1660967,0.9911378943637008,Bottom 70% - Lower Risk
2275750,202604,2026-04-15,0.16600747,0.9912560557721848,Bottom 70% - Lower Risk
2337624,202606,2026-06-15,0.16570063,0.9913742171806688,Bottom 70% - Lower Risk
2155181,202606,2026-06-15,0.16569218,0.9917287014061208,Bottom 70% - Lower Risk
2069605,202606,2026-06-15,0.16569218,0.9916105399976368,Bottom 70% - Lower Risk
2145679,202606,2026-06-15,0.16569218,0.9914923785891527,Bottom 70% - Lower Risk
2369639,202606,2026-06-15,0.16543315,0.9918468628146048,Bottom 70% - Lower Risk
2541317,202606,2026-06-15,0.16508095,0.9919650242230887,Bottom 70% - Lower Risk
2011877,202606,2026-06-15,0.16482651,0.9920831856315727,Bottom 70% - Lower Risk
2065651,202606,2026-06-15,0.1647857,0.9922013470400567,Bottom 70% - Lower Risk
2220412,202601,2026-01-15,0.16449428,0.9923195084485407,Bottom 70% - Lower Risk
2143744,202606,2026-06-15,0.16448838,0.9925558312655087,Bottom 70% - Lower Risk
2270666,202606,2026-06-15,0.16448838,0.9924376698570246,Bottom 70% - Lower Risk
2602339,202606,2026-06-15,0.16438852,0.9926739926739927,Bottom 70% - Lower Risk
2605895,202606,2026-06-15,0.16420823,0.9927921540824767,Bottom 70% - Lower Risk
2521218,202606,2026-06-15,0.16390345,0.9929103154909606,Bottom 70% - Lower Risk
2323479,202606,2026-06-15,0.1638937,0.9930284768994446,Bottom 70% - Lower Risk
2546376,202606,2026-06-15,0.16384493,0.9931466383079286,Bottom 70% - Lower Risk
2090608,202606,2026-06-15,0.16383623,0.9933829611248967,Bottom 70% - Lower Risk
2103192,202606,2026-06-15,0.16383623,0.9932647997164126,Bottom 70% - Lower Risk
2105403,202606,2026-06-15,0.16383623,0.9935011225333806,Bottom 70% - Lower Risk
2618599,202606,2026-06-15,0.16376883,0.9936192839418646,Bottom 70% - Lower Risk
2041974,202606,2026-06-15,0.16373917,0.9937374453503486,Bottom 70% - Lower Risk
2061232,202606,2026-06-15,0.16350324,0.9938556067588326,Bottom 70% - Lower Risk
2225574,202606,2026-06-15,0.16328701,0.9939737681673165,Bottom 70% - Lower Risk
2197754,202606,2026-06-15,0.16311938,0.9940919295758005,Bottom 70% - Lower Risk
2270456,202606,2026-06-15,0.1631036,0.9942100909842845,Bottom 70% - Lower Risk
2066560,202606,2026-06-15,0.1630491,0.9944464138012525,Bottom 70% - Lower Risk
2096523,202606,2026-06-15,0.1630491,0.9943282523927686,Bottom 70% - Lower Risk
2092646,202606,2026-06-15,0.16302799,0.9945645752097365,Bottom 70% - Lower Risk
2164756,202606,2026-06-15,0.16280837,0.9946827366182205,Bottom 70% - Lower Risk
2313638,202606,2026-06-15,0.16276307,0.9948008980267045,Bottom 70% - Lower Risk
2126852,202606,2026-06-15,0.16264433,0.9949190594351884,Bottom 70% - Lower Risk
2217313,202606,2026-06-15,0.16251281,0.9950372208436724,Bottom 70% - Lower Risk
2561952,202606,2026-06-15,0.16219118,0.9951553822521565,Bottom 70% - Lower Risk
2043873,202606,2026-06-15,0.16194803,0.9952735436606405,Bottom 70% - Lower Risk
2165309,202606,2026-06-15,0.161545,0.9953917050691244,Bottom 70% - Lower Risk
2209300,202606,2026-06-15,0.1614412,0.9955098664776084,Bottom 70% - Lower Risk
2303703,202606,2026-06-15,0.1610253,0.9956280278860924,Bottom 70% - Lower Risk
2345274,202606,2026-06-15,0.16100796,0.9957461892945764,Bottom 70% - Lower Risk
2339456,202606,2026-06-15,0.16084504,0.9958643507030603,Bottom 70% - Lower Risk
2569218,202606,2026-06-15,0.16075213,0.9959825121115443,Bottom 70% - Lower Risk
2296576,202606,2026-06-15,0.16070804,0.9961006735200284,Bottom 70% - Lower Risk
2319290,202606,2026-06-15,0.16017342,0.9962188349285124,Bottom 70% - Lower Risk
2046631,202606,2026-06-15,0.16012105,0.9963369963369964,Bottom 70% - Lower Risk
2574021,202606,2026-06-15,0.16010806,0.9964551577454803,Bottom 70% - Lower Risk
2001245,202606,2026-06-15,0.1599722,0.9965733191539643,Bottom 70% - Lower Risk
2038417,202606,2026-06-15,0.15962738,0.9966914805624483,Bottom 70% - Lower Risk
2105968,202606,2026-06-15,0.15897149,0.9968096419709322,Bottom 70% - Lower Risk
2318909,202512,2025-12-16,0.15890862,0.9969278033794163,Bottom 70% - Lower Risk
2555813,202606,2026-06-15,0.15887547,0.9970459647879003,Bottom 70% - Lower Risk
2220294,202606,2026-06-15,0.15870357,0.9971641261963843,Bottom 70% - Lower Risk
2152409,202606,2026-06-15,0.15860674,0.9972822876048683,Bottom 70% - Lower Risk
2122290,202606,2026-06-15,0.15820734,0.9975186104218362,Bottom 70% - Lower Risk
2527281,202601,2026-01-15,0.15820734,0.9974004490133522,Bottom 70% - Lower Risk
2101541,202606,2026-06-15,0.1576151,0.9976367718303202,Bottom 70% - Lower Risk
2242599,202606,2026-06-15,0.15756088,0.9977549332388042,Bottom 70% - Lower Risk
2395396,202606,2026-06-15,0.15750243,0.9978730946472882,Bottom 70% - Lower Risk
2077046,202606,2026-06-15,0.15694146,0.9981094174642562,Bottom 70% - Lower Risk
2150612,202606,2026-06-15,0.15694146,0.9979912560557722,Bottom 70% - Lower Risk
2063567,202606,2026-06-15,0.15667473,0.9982275788727402,Bottom 70% - Lower Risk
2280525,202606,2026-06-15,0.15639704,0.9983457402812241,Bottom 70% - Lower Risk
2481168,202606,2026-06-15,0.15625352,0.9984639016897081,Bottom 70% - Lower Risk
2161341,202606,2026-06-15,0.15610497,0.9985820630981921,Bottom 70% - Lower Risk
2183236,202606,2026-06-15,0.15596987,0.9987002245066762,Bottom 70% - Lower Risk
2444620,202606,2026-06-15,0.15579839,0.9988183859151601,Bottom 70% - Lower Risk
2015979,202606,2026-06-15,0.15571949,0.9989365473236441,Bottom 70% - Lower Risk
2319752,202606,2026-06-15,0.1556401,0.9990547087321281,Bottom 70% - Lower Risk
2164975,202606,2026-06-15,0.1543172,0.9991728701406121,Bottom 70% - Lower Risk
2089759,202606,2026-06-15,0.15389338,0.999291031549096,Bottom 70% - Lower Risk
2441109,202606,2026-06-15,0.15383787,0.99940919295758,Bottom 70% - Lower Risk
2187184,202512,2025-12-16,0.15295151,0.999527354366064,Bottom 70% - Lower Risk
2086668,202601,2026-01-15,0.1527476,0.9996455157745481,Bottom 70% - Lower Risk
2045945,202606,2026-06-15,0.15115118,0.999763677183032,Bottom 70% - Lower Risk
2149834,202606,2026-06-15,0.15085681,0.999881838591516,Bottom 70% - Lower Risk
2204854,202606,2026-06-15,0.15019779,1.0,Bottom 70% - Lower Risk
